crop,intent,question,answer,soil
linseed,Cultivation,What is linseed and what is its agricultural importance in Pakistan?,Linseed (Linum usitatissimum) known as Alsi is an important rabi oilseed crop in Pakistan. Its agricultural importance includes: 1) High-quality drying oil (38-42%) used in paints varnishes and linoleum. 2) Edible oil rich in omega-3 fatty acids. 3) Oilcake is high-protein (30-35%) livestock feed. 4) Straw fiber for linen production. 5) Medicinal uses (laxative anti-inflammatory). 6) Low-input crop suitable for rainfed areas.,
linseed,Cultivation,What are the main growing regions of linseed in Pakistan?,Linseed is primarily grown in rainfed (Barani) areas of Punjab and Sindh. Punjab: Pothwar region (Rawalpindi Attock Chakwal Jhelum) and parts of Sargodha. Sindh: Jacobabad Shikarpur Larkana Dadu and Hyderabad districts. Small-scale in KPK (Dera Ismail Khan) and Balochistan (Nasirabad).,
linseed,Cultivation,What are the climate and temperature requirements for successful cultivation of linseed in Pakistan?,Linseed requires cool temperate climate. Optimum temperature: 15-25°C. Minimum for germination: 5-7°C. Maximum tolerance: 35°C (reduces oil content). Frost at flowering is damaging. Needs 300-400mm rainfall or equivalent irrigation. Dry weather during harvesting essential.,
linseed,Cultivation,In which season(s) is linseed cultivated in Pakistan (Rabi/Kharif)?,Linseed is a Rabi (winter) crop in Pakistan. Sown in October-November and harvested in March-April. In high altitude areas of Balochistan and KPK it can be sown as late as December but yields are lower.,
linseed,HarvestTime,What is the typical crop duration/life cycle of linseed from sowing to harvest?,Typical crop duration is 120-140 days depending on variety and climate. Early varieties mature in 110-120 days. Medium in 120-130 days. Late in 130-140 days. Rainfed conditions may extend duration by 5-10 days due to moisture stress.,
linseed,Cultivation,What are the growth stages of linseed and what happens at each stage?,1) Germination (0-10 days): Seed absorbs water radicle emerges. 2) Seedling (10-25 days): First true leaves cotyledons. 3) Stem elongation (25-50 days): Rapid stem growth branching starts. 4) Bud formation (50-65 days): Flower buds visible. 5) Flowering (65-85 days): Blue/white flowers open for 15-20 days. 6) Capsule formation (85-100 days): Seed pods develop. 7) Maturity (100-140 days): Capsules turn brown seeds hard.,
linseed,Cultivation,How does linseed contribute to food security and the farming economy in Pakistan?,"Linseed contributes modestly but importantly: 1) Provides edible oil (omega-3 rich) for rural households. 2) Oilcake improves livestock productivity. 3) Generates income for rainfed smallholders (Rs. 40,000-60,000/acre profit). 4) Fiber for local textile crafts. 5) Low input cost makes it a risk-management crop in Barani areas. 6) Industrial use in paints and varnishes supports local industry.",
linseed,Cultivation,How should land be prepared before sowing linseed in Pakistan?,Land should be prepared to fine tilth. Sequence: 1) Deep ploughing with disc plough (if hardpan present). 2) 2-3 cultivations with cultivator. 3) Planking after each cultivation. 4) Laser leveling for uniform moisture. 5) Final planking just before sowing. For heavy soils: add 1-2 more cultivations.,
linseed,Cultivation,How many ploughings are recommended for land preparation for linseed?,4-6 ploughings/tillage passes: 1 deep ploughing (every 2-3 years) + 2-3 cultivator passes + 1-2 plankings. In heavy clay soils: 5-6 passes. In sandy soils: 3-4 passes. Each pass should be at different angles for thorough mixing.,
linseed,Cultivation,What is the role of deep ploughing in linseed cultivation?,Deep ploughing (30-35 cm) with disc plough: 1) Breaks hardpan and improves root penetration. 2) Enhances water infiltration and drainage (critical for linseed). 3) Exposes soil pests (termites) to predators. 4) Incorporates crop residues and organic matter. 5) Reduces weed seed bank. Do once every 2-3 years.,
linseed,Cultivation,What is the recommended land leveling (Laser Leveling) method before planting linseed?,Laser leveling is highly recommended. Benefits: 1) Uniform irrigation (prevents waterlogging in low spots). 2) Saves 20-30% irrigation water. 3) Improves germination uniformity. 4) Reduces weed patches. Field should be leveled to ±1 cm variation. Service cost: Rs. 2,000-3,000/acre. Subsidy available through Agriculture Department.,
linseed,Cultivation,Should ridges and furrows be made for linseed cultivation in Pakistan? How?,Ridges and furrows (raised beds) are recommended for heavy soils or high rainfall areas. Method: 1) Make 60-75 cm wide beds. 2) Sow 2-3 rows on each bed. 3) Row spacing 20-25 cm. 4) Furrow depth 15-20 cm. Benefits: prevents waterlogging improves drainage and reduces lodging. Not essential for sandy loam well-drained soils.,
linseed,HarvestTime,How should previously harvested crop residue be managed before planting linseed?,1) If previous crop was wheat/gram: incorporate stubble by shallow ploughing. 2) Avoid planting linseed after linseed (minimum 3-4 year rotation). 3) Remove or deeply bury linseed crop residues to prevent disease carryover (rust/wilt). 4) For rice stubble: manage with disc harrow + cultivator. 5) Do not burn residue - incorporate for organic matter.,
linseed,Irrigation,What pre-sowing irrigation (Raunni) is required for linseed land preparation?,"Pre-sowing irrigation (raunni) is given 15-20 days before sowing in rainfed areas or when soil moisture is low. Apply 3-4 acre-inches water. After irrigation: allow soil to reach field capacity then cultivate when moisture is at ""good tilth"" (soil crumbles but does not stick to tools). Saves 1-2 irrigations during crop growth.",
linseed,Cultivation,What implements and machinery are used for land preparation for linseed in Pakistan?,1) Disc plough (deep ploughing). 2) Cultivator (2-3 passes). 3) Disc harrow (for clod breaking in heavy soils). 4) Rotavator (for fine seedbed but can over-pulverize - use moderately). 5) Plank (for leveling and moisture conservation). 6) Laser land leveler. 7) Ridger (for bed planting).,
linseed,Cultivation,How many days before sowing should land preparation begin for linseed?,Start land preparation 15-20 days before sowing. Timeline: Day 1: deep ploughing (if needed). Day 2-5: first cultivation + planking. Day 7-10: second cultivation + planking. Day 12-14: pre-sowing irrigation (if needed). Day 15-18: final cultivation + planking. Day 18-20: sowing.,
linseed,Cultivation,How does land preparation differ for irrigated vs. rainfed (Barani) linseed cultivation?,"Irrigated: finer seedbed required, laser leveling important, ridges for heavy soils, pre-sowing irrigation optional. Rainfed (Barani): focus on moisture conservation - fewer cultivations (3-4 passes), deep ploughing for water storage, no pre-sowing irrigation (preserve soil moisture), rougher seedbed to reduce evaporation, mulching with crop residue.",
linseed,Cultivation,What is the recommended seed rate (kg/acre) for linseed in Pakistan?,Recommended seed rate: 8-10 kg/acre for drill sowing. Broadcast: 12-15 kg/acre. Rainfed areas: 10-12 kg/acre (compensates for poor germination). Irrigated areas: 8-10 kg/acre. For bold-seeded varieties: increase by 10-15%.,
linseed,Cultivation,What is the optimum row spacing and plant spacing for linseed in Pakistan?,Row spacing: 25-30 cm for irrigated areas. Rainfed areas: 20-25 cm (closer rows for moisture use). Plant to plant spacing: 5-10 cm after thinning. Target plant population: 150-200 plants per square meter.,
linseed,Cultivation,What is the recommended sowing depth for linseed seeds in Pakistan?,Sowing depth: 2-3 cm (1-1.5 inches). In sandy soils: 3-4 cm. In heavy soils: 1.5-2 cm. Deeper than 5 cm reduces emergence. Shallower than 1 cm risks drying out. Seed should be placed in moist soil but not too deep.,
linseed,Cultivation,What sowing method is best for linseed — broadcast (Chatha) drill dibbling or transplanting?,Drill sowing is best: 1) Uniform depth and spacing. 2) Seed saving (20-30% less seed). 3) Better germination. 4) Easier weed control. 5) Higher yield (10-15% more). Broadcasting (chatha) is traditional but inefficient. Dibbling is too labor intensive. Transplanting not practiced for linseed.,
linseed,Weather,How should linseed be sown after a previous crop (e.g. rice-wheat or cotton-wheat system)?,1) After rice: Use zero-till drill to sow linseed into rice stubble. Allow 5-7 days for field to dry after rice harvest. 2) After cotton/wheat: Conventional tillage with 2-3 cultivations. 3) Ensure no herbicide carryover (pendimethalin from rice/wheat can damage linseed - check labels). 4) In rice-wheat system linseed can be relay cropped 10-15 days before wheat harvest.,
linseed,Cultivation,Can linseed be sown using zero-till or minimum-till techniques in Pakistan?,Yes zero-till is successful for linseed especially after rice. Benefits: 1) Saves 15-20 days and Rs. 3,000-4,000/acre land prep. 2) Moisture conservation. 3) Earlier sowing by 10-15 days. 4) Reduced weed pressure. Use zero-till drill with inverted T-type furrow opener. Seed rate: increase by 15-20% (12 kg/acre).,
linseed,Cultivation,What equipment or tools (Seed Drill Planter) are used for sowing linseed in Pakistan?,1) Conventional seed drill (most common) - 9-11 row. 2) Zero-till drill (for after rice). 3) Bed planter (for ridge sowing). 4) Manual dibbler (small farms). 5) Pora (traditional wooden drill). Calibrate drill for 8-10 kg/acre seed rate. Row spacing 25-30 cm.,
linseed,HarvestTime,What are all the major crop management activities for linseed from sowing to harvest?,Timeline: 0-10 days: sowing seed treatment. 10-25 days: germination check gap filling. 25-35 days: first irrigation + top dressing N + first weeding. 35-50 days: second weeding inter-cultivation. 50-65 days: bud formation stage - monitor pests. 65-85 days: flowering - ensure irrigation no water stress. 85-100 days: capsule formation - second irrigation if needed. 100-120 days: maturity - stop irrigation. 120-140 days: harvest threshing drying storage.,
linseed,Cultivation,What is the complete activity calendar (timeline) for linseed cultivation in Pakistan?,October: land preparation (15-30 Oct). November: sowing (1-25 Nov). December: germination emergence gap filling (1-20 Dec) first weeding (20-31 Dec). January: top dressing N second weeding inter-cultivation (1-31 Jan). February: flowering stage irrigation pest monitoring (1-28 Feb). March: capsule formation late irrigation (1-31 Mar). April: harvest (1-20 Apr). May-June: threshing cleaning storage.,
linseed,Cultivation,When should thinning (Gidai) be done in linseed cultivation and how?,Thinning at 15-20 days after sowing when plants are 5-8 cm tall. Method: 1) Remove excess plants to achieve spacing 5-10 cm between plants. 2) Keep healthier vigorous plants. 3) Remove weak diseased and damaged seedlings. 4) Do not disturb roots of retained plants. 5) Irrigate lightly after thinning. Target population: 150-200 plants/m².,
linseed,Cultivation,When should earthing up (Mitti charhana) be done for linseed and why?,Earthing up is generally not required for linseed as stems are erect and self-supporting. On heavy soils or high lodging risk: light earthing up at 30-35 days (after first irrigation). Benefits: supports stems prevents lodging covers weeds improves drainage. Use ridger or manual hoe. Not practiced in rainfed areas.,
linseed,Cultivation,How should inter-cultivation (Godi) be done in linseed fields?,Inter-cultivation at 30-35 days and 50-55 days after sowing. Method: 1) Use hand hoe (khurpa) or wheel hoe. 2) Cultivate between rows at 5-8 cm depth. 3) Avoid damaging plant roots. 4) Also breaks soil crust removes weeds aerates soil. For large areas: use cultivator with adjustable tines set to avoid plants.,
linseed,Cultivation,What is the process of transplanting linseed seedlings (if applicable) and when should it be done?,Transplanting is NOT practiced for linseed in Pakistan. Linseed is always direct seeded due to: 1) Taproot system sensitive to disturbance. 2) Short growing season. 3) Low value crop doesn't justify transplanting cost.,
linseed,Cultivation,What is the optimal plant population per acre for linseed in Pakistan?,Optimal plant population: 150-200 plants per square meter = 600,000-800,000 plants per acre. For irrigated: 180-200 plants/m². For rainfed: 120-150 plants/m² (limited moisture). Achieve by: seed rate 8-10 kg/acre + thinning. Higher population causes lodging and small capsules. Lower population reduces yield.,
linseed,Cultivation,How is gap filling done in linseed cultivation if germination is poor?,Gap filling at 10-15 days after sowing. Method: 1) Pre-soak seeds overnight (for gap filling only). 2) Dibble 3-4 seeds per gap (missing plant area). 3) After emergence thin to 1-2 plants per gap. 4) Irrigate lightly after gap filling. 5) If gaps >30%: consider replanting (if early enough). Use same variety as original sowing.,
linseed,Cultivation,When and how should staking or support be provided to linseed plants?,Staking is generally not required for linseed as plants are 45-75 cm tall and self-supporting. For tall varieties (>80 cm) or high lodging risk: 1) Grow on raised beds. 2) Avoid excess N fertilizer. 3) Use lodging-resistant varieties (LS-1 LS-2). Staking individual plants is not practical for field crop.,
linseed,Cultivation,What is pinching or pruning in linseed and when should it be done?,Pinching (removal of apical meristem) is NOT recommended for linseed. It delays maturity reduces yield and is not practiced. Linseed naturally branches from base.,
linseed,Cultivation,How should linseed be managed during flowering to maximize fruit/grain set?,1) Ensure adequate soil moisture (irrigate if dry). 2) Avoid pesticide sprays during peak flowering (9 AM-4 PM) to protect pollinators. 3) Provide boron (foliar 0.1% boric acid) at bud stage if deficient. 4) Protect from frost (smoke or irrigation if frost forecast). 5) Manage aphids (honeydew interferes with pollination). 6) Avoid overhead irrigation which washes pollen.,
linseed,Cultivation,What is the process of ratooning (Munda) for linseed in Pakistan? Is it recommended?,Ratooning is NOT recommended for linseed. Unlike sugarcane linseed does not regrow after harvest. Secondary growth is poor low yielding and disease-prone. Always plant fresh seed each season.,
linseed,Yield,How does crop canopy management improve yield of linseed?,Canopy management: 1) Optimum plant population (150-200 plants/m²) prevents overcrowding. 2) Proper row spacing (25-30 cm) allows light penetration. 3) Avoid excess N which causes dense canopy and lodging. 4) Inter-cultivation improves air circulation reducing disease (rust powdery mildew). Good canopy = balanced vegetative growth + high photosynthetic efficiency.,
linseed,Cultivation,What field monitoring activities should a farmer do weekly during linseed season?,Weekly monitoring: 1) Germination % (first 2 weeks). 2) Plant stand and gaps. 3) Weed presence and type. 4) Pest scouting: aphids (check underside of young leaves) jassids whitefly. 5) Disease signs: rust (orange pustules) wilt (wilting despite moisture). 6) Nutrient deficiency symptoms. 7) Soil moisture (feel test). 8) Waterlogging signs. Record observations for timely action.,
linseed,Varieties,What are the most commonly grown varieties of linseed in Pakistan?,Commonly grown traditional varieties include Chandni (white seeded) and local landraces like Pothwar Alsi. Farmers also grow R-17 and K-2 in Sindh. However most old varieties are low-yielding (8-10 maunds/acre) and susceptible to rust.,
linseed,Varieties,What are the improved and recommended varieties of linseed approved by Pakistani agricultural research institutes?,Improved varieties approved by PARC/NARC/Ayub Research: 1) LS-1 (Ayub Research Faisalabad) - high oil content 42% yield 12-15 maunds/acre rust tolerant. 2) LS-2 (NARC Islamabad) - drought tolerant for rainfed areas. 3) LS-3 (Barani Agricultural Research Chakwal) - early maturing 120 days. 4) R-17 (Sindh) - salt tolerant. 5) Chandni (white seeded) - premium oil quality.,
linseed,Varieties,What are the early-maturing medium-maturing and late-maturing varieties of linseed available in Pakistan?,"Early-maturing (110-120 days): LS-3, local Pothwar landraces. Medium-maturing (120-130 days): LS-1, LS-2, Chandni. Late-maturing (130-140 days): R-17, K-2, traditional Sindh varieties. Early varieties suit rice-wheat fallows or late sowing.",
linseed,Soil,What type of soil is best suited for growing linseed in Pakistan?,Well-drained loamy or sandy loam soil is best. Deep fertile soils with good organic matter (0.5-1%) produce highest yields. Avoid heavy clays and waterlogged soils. Linseed is moderately tolerant to soil salinity (ECe up to 6 dS/m).,loamy
linseed,Soil,What is the ideal soil pH range for linseed cultivation in Pakistan?,Ideal pH range is 6.0 to 7.5 (slightly acidic to neutral). Linseed can tolerate pH 5.5-8.0 but yields decline below 5.5 (aluminum toxicity) and above 8.0 (micronutrient deficiency).,loamy
linseed,Soil,What soil texture (loamy sandy clayey) is most suitable for linseed?,Sandy loam and loam are most suitable. Sandy soils require higher irrigation frequency. Clayey soils are problematic due to poor drainage and waterlogging which causes root rot and lodging.,loamy
linseed,Soil,Can linseed be grown on saline or sodic soils (Kallar) in Pakistan? What are the precautions?,Linseed has moderate salt tolerance (ECe up to 6 dS/m). On saline/sodic soils: 1) Apply gypsum at 50-100% GR based on soil test. 2) Use salt-tolerant varieties like R-17. 3) Pre-sowing leaching with 6-8 acre-inches good water. 4) Add FYM 8-10 tons/acre. 5) Avoid saline irrigation water (EC >2 dS/m). 6) Not recommended on severely saline (ECe >10) or sodic (SAR >15) soils.,saline
linseed,Soil,What soil drainage conditions are required for linseed?,Excellent drainage is critical. Linseed is highly sensitive to waterlogging. Even 24-48 hours of standing water can cause root death and plant wilting. Raised beds or ridges are recommended in heavy soils or high rainfall areas.,loamy
linseed,Soil,How does soil organic matter content affect the yield of linseed?,Higher organic matter (1-2%) improves: 1) Water holding capacity in rainfed areas. 2) Nutrient availability (especially N and S). 3) Soil structure and root penetration. 4) Beneficial microbial activity. Every 0.5% increase in OM can boost yield by 2-3 maunds/acre.,loamy
linseed,Soil,What soil testing should a farmer do before planting linseed in Pakistan?,Essential soil tests: 1) pH and EC (salinity). 2) Organic matter. 3) Available N (or NO3-N). 4) Available P (Olsen P). 5) Available K. 6) Zinc (Zn) if deficiency suspected. 7) Boron (B) for sandy soils. Sample depth: 6-9 inches. Send to provincial soil testing lab (free or low cost).,loamy
linseed,Soil,How should soil fertility be maintained or improved for repeated cultivation of linseed?,1) Rotate with cereals (wheat maize) to break disease cycles. 2) Apply FYM/compost 8-10 tons/acre every 2-3 years. 3) Green manuring with guar or dhaincha before linseed. 4) Balanced NPK fertilization as per soil test. 5) Incorporate crop residues (not linseed residues due to disease risk). 6) Use biofertilizers (PSB for phosphorus).,loamy
linseed,Soil,What are the signs of poor or unsuitable soil for linseed cultivation?,Signs: 1) Water pooling after rain/irrigation (poor drainage). 2) White salt crust (saline). 3) Stunted yellow plants (N deficiency or waterlogging). 4) Purple leaf tips (P deficiency). 5) Cracked clay soil surface. 6) Poor germination and seedling death (soil crusting or salinity).,loamy
linseed,Soil,What soil preparation practices improve the structure and health of soil for linseed?,1) Deep ploughing (30-35cm) every 2-3 years to break hardpan. 2) Add organic matter (FYM 8-10 tons/acre). 3) Green manuring 6-8 weeks before sowing. 4) Gypsum application for sodic soils. 5) Laser leveling for uniform irrigation and drainage. 6) Avoid excessive tillage which destroys soil structure.,loamy
linseed,SowingTime,When is the best time to sow linseed in Punjab Pakistan?,Optimum sowing: October 25 to November 25. North/Central Punjab: Nov 1-20. South Punjab (Multan Bahawalpur): Nov 15-30. Early sowing (Oct) risks frost at flowering. Late sowing (Dec) reduces yield by 20-30% due to heat stress at grain filling.,
linseed,SowingTime,When is the best time to sow linseed in Sindh Pakistan?,Sindh: November 1 to December 15. Upper Sindh (Jacobabad Shikarpur): Nov 10-30. Lower Sindh (Hyderabad Badin): Nov 15-Dec 15. Warmer climate allows later sowing than Punjab. Avoid January sowing as high temperatures during capsule formation reduce oil content.,
linseed,SowingTime,When is the best time to sow linseed in KPK Pakistan?,KPK: October 15 to November 15. Peshawar valley: Oct 25-Nov 15. Dera Ismail Khan: Nov 1-20. Higher elevations (Swat Abbottabad): Oct 15-30 (before frost). Use cold-tolerant varieties for late sowing.,
linseed,SowingTime,When is the best time to sow linseed in Balochistan Pakistan?,Balochistan: October 15 to November 30. Quetta/Pishin valleys: Oct 15-30 (before severe frost). Sibi/Naseerabad (warm areas): Nov 1-20. Rainfed areas: sow immediately after first rains (Oct-Nov). Drought-tolerant varieties recommended.,
linseed,SowingTime,When is the best time to sow linseed in South Punjab (Multan Bahawalpur DG Khan)?,South Punjab: November 15 to November 30. Warmer winter allows later sowing. Sow by Nov 30 maximum. Delay to December reduces yield 1-2% per day. Heat-tolerant varieties (LS-2) recommended.,
linseed,SowingTime,What happens if linseed is sown too early or too late in Pakistan?,Too early (September-early October): 1) High temperatures (>30°C) reduce germination. 2) Vegetative growth excessive. 3) Early flowering before winter frost - flower damage. 4) More pest pressure (aphids). Too late (December onward): 1) Shortened growing season. 2) Heat stress during capsule filling reduces oil content. 3) Lower yield (20-40% loss). 4) Small seeds poor quality.,
linseed,SowingTime,How does sowing time affect the yield and quality of linseed?,Yield: Each week delay after optimum reduces yield by 5-10%. Optimum Nov sowing gives 12-15 maunds/acre. December sowing gives 8-10 maunds. Quality: Late sowing reduces oil content (38% vs 42%) and increases erucic acid. Early sowing produces larger seeds but lower oil percentage.,
linseed,Cultivation,What seed treatment (Zahar-alood) should be done before sowing linseed in Pakistan?,Seed treatment is essential for linseed: 1) Fungicide for seed-borne diseases (Alternaria Fusarium). 2) Insecticide for termites and early aphids. 3) Bio-fertilizer (optional). Treat seeds 24-48 hours before sowing. Use 10-15 ml water per kg seed for uniform coating.,
linseed,Soil,Which fungicide is recommended for seed treatment of linseed to prevent soil-borne diseases?,Recommended fungicides: 1) Carbendazim (Bavistin) 2g per kg seed. 2) Thiram 2.5g per kg seed. 3) Tebuconazole (Raxil) 1.5ml per kg seed. 4) Vitavax (Carboxin) 2g per kg. These control seed-borne Alternaria blight and Fusarium wilt. For severe disease history: double the dose.,
linseed,Pesticide,Which insecticide is recommended for seed treatment of linseed to protect against early pests?,1) Imidacloprid (Confidor) 5ml per kg seed - controls early aphids and jassids up to 30 days. 2) Chlorpyrifos 2-3ml per kg - for termites. 3) Thiamethoxam (Cruiser) 4ml per kg - broad spectrum. For termite-prone areas use chlorpyrifos + fungicide combination.,
linseed,Cultivation,What is the process of seed treatment for linseed — dose method and timing?,Process: 1) Calculate seed quantity (8-10 kg/acre). 2) Mix required fungicide + insecticide in 100-150ml water per kg seed. 3) Spread seeds on clean polythene sheet. 4) Pour solution gradually while mixing manually (wear gloves). 5) Ensure uniform coating. 6) Dry in shade for 1-2 hours (not direct sun). 7) Sow within 24-48 hours.,
linseed,Cultivation,Should linseed seeds be soaked in water before sowing? For how long?,Soaking is not recommended for linseed. Seeds have mucilaginous coating that becomes sticky when wet causing clumping and difficulty in drilling. Soaked seeds also rot in cold soil. Dry seed treatment followed by direct sowing is best.,
linseed,Cultivation,How does seed treatment affect germination rate and early growth of linseed?,Seed treatment increases germination from 60-70% (untreated) to 85-95% (treated). It protects seedlings from soil-borne pathogens (damping off) and early pests. Treated seeds establish faster more uniform stands and have better root development. Result: 15-20% higher yield potential.,
linseed,Cultivation,What is bio-priming or microbial seed treatment for linseed in Pakistan?,Bio-priming involves treating seeds with beneficial microbes: 1) Azotobacter or Azospirillum (N-fixers) - 1 packet (500g) for 10-15 kg seed. 2) PSB (Phosphorus Solubilizing Bacteria) - 1 packet for 10 kg seed. 3) Trichoderma harzianum (bio-fungicide) - 5g per kg seed. Mix with jaggery solution (50g jaggery in 1L water) as adhesive. Dry in shade. Reduces chemical fertilizer need by 15-25%.,
linseed,HarvestTime,How should treated linseed seed be stored before sowing?,Treated seeds should be sown within 24-48 hours maximum. Do not store treated seeds for more than 7 days as fungicides degrade and germination declines. If storage unavoidable: keep in cool dry place in breathable (not plastic) bags. Never mix treated seeds with untreated seeds.,
linseed,Cultivation,What are the safety precautions when doing seed treatment for linseed?,1) Wear gloves and mask. 2) Do not eat/drink during treatment. 3) Treat in well-ventilated area. 4) Wash hands thoroughly after treatment. 5) Keep treated seed away from children and livestock. 6) Dispose empty chemical containers properly (triple rinse then crush). 7) Do not use treated seed for oil extraction or feed.,
linseed,Pesticide,What are the major weeds (Khar-palwar) found in linseed fields in Pakistan?,Major weeds: Broadleaf: 1) Bathu (Chenopodium album). 2) Maina (Asphodelus tenuifolius). 3) Peeli Buti (Fumaria parviflora). 4) Lehli (Sonchus asper). 5) Jangli palak (Rumex dentatus). Grasses: 1) Wild oat (Avena fatua) - most problematic. 2) Phalaris minor (Dumbi sitti). 3) Cyperus rotundus (Deela). 4) Cynodon dactylon (Khabbal grass).,
linseed,Pesticide,What is the critical period of weed competition in linseed cultivation?,Critical period: 15 to 60 days after sowing (from seedling to flowering). Weeds competing during this period cause 50-70% yield loss. First 30 days are most critical. Keep weed-free during this window. After 60 days linseed canopy closes and suppresses late weeds.,
linseed,Pesticide,How does weed competition affect the yield of linseed in Pakistan?,Weed competition can reduce yield by 40-70%. Heavy infestation: yield drop from 12 maunds to 4-5 maunds/acre. Grassy weeds (wild oat) are more damaging than broadleaf. Weeds compete for: water (critical in rainfed) nutrients (especially N) light and space. Also harbor pests (aphids) and diseases (rust).,
linseed,Pesticide,What are the recommended herbicides (Zahar) for weed control in linseed in Pakistan?,1) Pre-emergence: Pendimethalin (Stomp) 500-600ml/acre or Trifluralin (Treflan) 400-500ml/acre. 2) Post-emergence (broadleaf): MCPA 300-400ml/acre or 2,4-D Na salt 300g/acre. 3) Post-emergence (grasses): Quizalofop (Topik) 300ml/acre or Fenoxaprop (Puma) 400ml/acre. Apply at recommended stages only.,
linseed,Pesticide,What pre-emergence herbicides are used for linseed weed control?,Pre-emergence (apply within 3 days of sowing before weed emergence): 1) Pendimethalin (Stomp) 500-600 ml/acre - effective on grasses and small-seeded broadleaf weeds. 2) Trifluralin (Treflan) 400-500 ml/acre - incorporate into top 5-8 cm soil within 24 hours. 3) Linuron 300-400g/acre. Apply on moist soil. Do not use on sandy soils (leaching risk).,
linseed,Pesticide,What post-emergence herbicides are used for linseed weed control?,Post-emergence (apply at 20-30 days after sowing): For broadleaf weeds: MCPA 300-400 ml/acre or 2,4-D Na salt 300g/acre at 3-5 leaf stage of weeds. For grassy weeds: Quizalofop ethyl (Topik) 300ml/acre or Fenoxaprop (Puma) 400ml/acre. Do not spray after bud formation (45 days) as it may affect flowers.,
linseed,Pesticide,What is the correct dose and timing of herbicide application in linseed?,Pendimethalin: 500-600 ml/acre within 3 days of sowing. MCPA: 300-400 ml/acre at 20-30 days (weed 3-5 leaf). 2,4-D: 300g/acre at 20-25 days (avoid drift to nearby cotton/vegetables). Quizalofop: 300ml/acre at 20-30 days for grass weeds. Use 100-120 liters water/acre. Flat fan nozzle. Apply in morning when no wind/rain.,
linseed,Pesticide,How should manual weeding (Khurpa/Godi) be done in linseed fields?,Manual weeding: 1st weeding at 20-25 days (after thinning). 2nd weeding at 40-45 days (before flowering). Method: 1) Use khurpa (hand hoe) to cut weeds just below soil surface. 2) Remove weeds from field (don't leave uprooted weeds). 3) Be careful not to disturb linseed roots. 4) Weeding also aerates soil. Labor requirement: 20-25 person-days/acre for two weedings.,
linseed,Pesticide,How many manual weedings are recommended for linseed cultivation in Pakistan?,Two manual weedings are recommended: 1st at 20-25 days after sowing. 2nd at 40-45 days after sowing. In low weed pressure areas: one weeding at 25-30 days may suffice. In heavy weed infestation: two weedings + pre-emergence herbicide. Rainfed areas: timely weeding critical due to limited moisture.,
linseed,Pesticide,What mechanical methods (Weeders) can be used for weed control in linseed?,1) Wheel hoe (hand-operated) - for row spacing 25-30 cm. 2) Tractor-drawn cultivator with adjustable tines - for large fields (set to avoid plant rows). 3) Cono-weeder (for narrow rows). Mechanical weeding at 25-30 and 45-50 days. Inter-cultivation should be shallow (5-8 cm) to avoid root damage. Followed by manual removal of intra-row weeds.,
linseed,Pesticide,How can mulching help control weeds in linseed cultivation?,Mulching is not common for linseed but effective: 1) Straw mulch (wheat/rice) at 3-4 tons/acre applied after sowing suppresses weeds. 2) Reduces weed germination by blocking light. 3) Also conserves soil moisture (valuable for rainfed). 4) Plastic mulch not economical for linseed. 5) Crop residue from previous season can be left as surface mulch.,
linseed,Pesticide,What safety precautions should be taken when applying herbicides to linseed?,1) Wear PPE (gloves mask goggles). 2) Read label instructions. 3) Calibrate sprayer correctly. 4) Do not spray on windy days (drift damages nearby crops especially cotton/vegetables from 2,4-D). 5) Avoid application before rain. 6) Clean equipment thoroughly after use. 7) Dispose containers properly. 8) Observe pre-harvest interval (PHI). 9) Do not enter field for 24 hours after spraying.,
linseed,Pesticide,What are the major insect pests of linseed in Pakistan?,Major pests: 1) Linseed aphid (Aphis craccivora) - most damaging. 2) Jassids (Amrasca spp.). 3) Whitefly (Bemisia tabaci). 4) Thrips (Thrips tabaci). 5) Cutworm (Agrotis spp.) - seedling stage. 6) Linseed bud fly (Dasyneura lini) - occasional. 7) Semilooper (Autographa spp.).,
linseed,Pesticide,What is the economic threshold level (ETL) for major pests of linseed in Pakistan?,Aphids: 50-100 per plant or 20% plants infested. Jassids: 10-15 per leaf. Whitefly: 5-10 per leaf. Thrips: 10-15 per plant. Cutworm: 2-3 cut seedlings per square meter. Bud fly: 5-10% buds infested. Spray only when ETL reached (avoid unnecessary pesticides to protect pollinators).,
linseed,Pesticide,How can I identify sucking pests (aphids whitefly thrips jassids) attacking linseed?,Aphids: Small (2-3mm) pear-shaped green/black insects in colonies on young leaves and stems. Sticky honeydew + sooty mold. Whitefly: Tiny white winged insects fly when plant disturbed. Yellow leaves. Thrips: Tiny (1mm) slender yellow/brown insects. Silvery streaks on leaves. Jassids: Pale green wedge-shaped insects. Leaves curl downward with white edges.,
linseed,Pesticide,What damage does the stem borer cause to linseed and how to identify it?,"Stem borer (not major in linseed but occasional). Damage: Larva bores into stem causing wilting of terminal shoot ""dead heart"". Plant may break at bored point. Identification: Small hole near base frass (sawdust) around hole. Control: Remove and destroy affected plants. Not common in Pakistan linseed.",
linseed,Pesticide,What damage does the fruit borer / bollworm cause to linseed and how to identify it?,Linseed capsule borer (Helicoverpa armigera) - same as cotton bollworm. Damage: Larvae bore into capsules eat developing seeds. Identification: Holes in capsules frass (black droppings) outside. Larvae green/brown with stripes. Capsules shriveled. Control: Emamectin benzoate or Spinosad at flowering.,
linseed,Cultivation,What damage does the leaf miner cause to linseed and how to identify it?,Leaf miner (Liriomyza spp.) - occasional. Damage: Larvae tunnel between leaf surfaces creating winding white mines. Identification: Blistered appearance white serpentine trails on leaves. Severely mined leaves turn yellow and drop. Control: Remove affected leaves. Cyromazine or Abamectin if severe.,
linseed,Pesticide,What damage do armyworms / cutworms cause to linseed seedlings in Pakistan?,Cutworms: Larvae cut seedlings at ground level at night. Damage: Plants fall over as if cut by knife. Patchy missing plants. Armyworms: Defoliation - skeletonized leaves. Large larvae eat entire leaves. Identification: Larvae curled (C-shape) when disturbed in soil near damaged plants. Control: Chlorpyrifos drench around base.,
linseed,Pesticide,What damage does the whitefly cause to linseed and how to identify infestation?,Whitefly damage: 1) Suck sap causing yellowing and stunting. 2) Honeydew leads to sooty mold (black coating on leaves) reducing photosynthesis. 3) Vector of viral diseases (rare in linseed). Identification: Tiny white moths fly up when plant disturbed. Yellow sticky traps. Lower leaf yellowing. Sooty mold on upper leaves.,
linseed,Pesticide,What damage does the red spider mite cause to linseed and when does it appear?,Red spider mite (Tetranychus spp.) - appears in dry hot conditions (Feb-March). Damage: Stippling (tiny yellow/white spots) on leaves. Severe: leaves turn bronze/brown and dry. Fine webbing on underside of leaves. Identification: Tiny red dots (mites) visible with hand lens. Shake leaf over white paper - moving specks. Control: Abamectin or Fenpyroximate. Avoid pyrethroids.,
linseed,Pesticide,How do locusts and grasshoppers damage linseed in Pakistan?,Locusts (desert locust) and grasshoppers: 1) Defoliation - eat entire leaves and stems. 2) Can completely destroy crop in hours during swarms. 3) Grasshoppers cause irregular chewing damage. Identification: Presence of insects. Droppings on leaves. Control: Chlorpyrifos or Deltamethrin. District agriculture department issues alerts.,
linseed,Pesticide,What are the signs of termite infestation in linseed fields?,Signs: 1) Dried dead plants that pull out easily with no roots. 2) Mud tubes on plant stems near base. 3) Hollowed stems. 4) White/cream insects inside roots/stem when dug up. 5) Patchy plant death. More common in rainfed areas and fields with crop residues. Control: Chlorpyrifos seed treatment or soil drench.,
linseed,Pesticide,What are the signs of nematode infestation in linseed roots in Pakistan?,Root knot nematode (Meloidogyne spp.): Signs: 1) Galls (swellings) on roots (like beads). 2) Stunted yellow plants. 3) Wilting during day even with moisture. 4) Poor yield. More common in sandy soils. Control: Crop rotation (with marigold or wheat). Apply nematicides (Carbofuran) only if severe. Soil solarization.,
linseed,Pesticide,How does the pest population in linseed vary across different regions of Pakistan?,Aphids: Severe in Pothwar (Punjab) and KPK. Jassids/whitefly: More in Sindh and South Punjab (warmer). Cutworms: Problem in all rainfed areas. Mites: Late season (Feb-Mar) in Sindh and South Punjab. Bud fly: Occasional in Faisalabad region. Termites: More in sandy and low organic matter soils.,
linseed,Pesticide,What pests are more severe for linseed during the Kharif season?,Linseed is not grown in Kharif (summer). However pests that persist in off-season: Whitefly and jassids on cotton/sugarcane migrate to linseed at start of Rabi. Aphids build up from November onward.,
linseed,Pesticide,What pests are more severe for linseed during the Rabi season?,Rabi (winter) pests: Aphids (most severe Nov-Feb). Jassids (Dec-Feb). Whitefly (Nov-Jan in warmer areas). Cutworms (Nov-Dec on seedlings). Thrips (Dec-Feb). Mites (Feb-Mar late season). Bud fly (Jan-Feb). Aphid population peaks in January-February.,
linseed,Pesticide,What pesticides are recommended for controlling aphids in linseed in Pakistan?,1) Imidacloprid (Confidor) 250ml/acre. 2) Thiamethoxam (Actara) 80g/acre. 3) Acetamiprid 200g/acre. 4) Dimethoate (Rogor) 400ml/acre (older but effective). 5) Malathion 500ml/acre (less toxic to pollinators - use when bees not active). Alternate products to avoid resistance. Spray when ETL reached (50-100 aphids/plant).,
linseed,Pesticide,What pesticides are recommended for controlling whitefly in linseed in Pakistan?,1) Imidacloprid 250ml/acre. 2) Pyriproxyfen (Planter) 200ml/acre (insect growth regulator). 3) Buprofezin (Applaud) 300g/acre. 4) Diafenthiuron (Polo) 300ml/acre. 5) Spirotetramat (Movento) 150ml/acre - systemic. Add mineral oil (300ml/acre) as adjuvant. Rotate modes of action. Use yellow sticky traps for monitoring.,
linseed,Pesticide,What pesticides are recommended for controlling thrips in linseed in Pakistan?,1) Spinosad (Tracer) 80ml/acre. 2) Fipronil 400ml/acre. 3) Imidacloprid 250ml/acre. 4) Thiamethoxam 80g/acre. 5) Acetamiprid 200g/acre. Spray when thrips damage visible (silvery streaks). Early morning or evening application. Repeat after 7-10 days if needed.,
linseed,Pesticide,What pesticides are recommended for controlling stem borer in linseed in Pakistan?,Stem borer is rare in linseed. If present: 1) Carbofuran (Furadan) 3G 5kg/acre in furrow at sowing (highly toxic - handle with care). 2) Chlorpyrifos 800ml/acre as spray. 3) Remove and destroy infested plants. Prevention: destroy crop residues after harvest.,
linseed,Pesticide,What pesticides are recommended for controlling fruit borer/bollworm in linseed in Pakistan?,1) Emamectin benzoate 200ml/acre. 2) Spinosad 80ml/acre. 3) Chlorantraniliprole (Coragen) 60ml/acre. 4) Indoxacarb 150ml/acre. 5) Lambda-cyhalothrin (Karate) 250ml/acre. Spray at flowering and capsule formation when eggs/larvae seen. Use pheromone traps for monitoring (Helicoverpa armigera).,
linseed,Pesticide,What pesticides are recommended for controlling leaf miner in linseed in Pakistan?,1) Cyromazine (Trigard) 150g/acre - specific for leaf miners. 2) Abamectin 200ml/acre. 3) Spinosad 80ml/acre. 4) Chlorpyrifos 800ml/acre. Spray when first mines appear. Best results when larvae are small. Remove severely infested leaves. Not usually economic in linseed.,
linseed,Pesticide,What pesticides are recommended for controlling red spider mite in linseed in Pakistan?,1) Abamectin (Kingmit) 200ml/acre. 2) Fenpyroximate (Ortus) 250ml/acre. 3) Spiromesifen (Oberon) 300ml/acre. 4) Sulfur 80% WP 500g/acre (also controls powdery mildew). 5) Propargite (Omite) 500ml/acre. DO NOT use pyrethroids (they kill natural enemies and flare mites). Repeat after 7 days.,
linseed,Pesticide,What pesticides are recommended for controlling cutworm/armyworm in linseed seedlings?,1) Chlorpyrifos (Lorsban) 800ml/acre - soil drench around base. 2) Lambda-cyhalothrin 250ml/acre - evening spray. 3) Carbaryl (Sevin) 400g/acre. 4) Bait: Mix 1kg bran + 10g Carbaryl + 1L water - spread in evening. Apply when cutting damage first seen. Remove weeds around field (alternate hosts).,
linseed,Pesticide,What is the recommended dose and spray schedule for pesticide application on linseed?,Aphids: Spray when 50-100/plant or 20% infested. Schedule: Nov check Dec spray if needed Jan-Feb peak. Whitefly/jassids: Monitor weekly spray at ETL. General schedule: Pre-flowering (Dec-Jan) for sucking pests. Flowering (Feb) for capsule borer if present. Use 100-120 L water/acre. Rotate pesticides every 15-20 days.,
linseed,Pesticide,How should pesticides be mixed and applied correctly for linseed pest control?,1) Fill spray tank 1/3 with clean water. 2) Add required pesticide dose (measure accurately). 3) Add adjuvant/wetter if recommended. 4) Fill to full volume while agitating. 5) Calibrate sprayer for 100-120 L/acre. 6) Use flat fan or hollow cone nozzles. 7) Spray in morning (6-9 AM) or evening (4-7 PM). 8) Avoid windy/rainy conditions. 9) Clean sprayer after use.,
linseed,Pesticide,What is the pre-harvest interval (PHI) for pesticides used on linseed in Pakistan?,Common PHI: Imidacloprid: 14 days. Thiamethoxam: 14 days. Spinosad: 7 days. Emamectin: 14 days. Chlorpyrifos: 15 days. Lambda-cyhalothrin: 14 days. Abamectin: 14 days. Do not harvest or graze animals on linseed before PHI. Check product label for specific PHI. For linseed oil: follow minimum PHI for safety.,
linseed,Pesticide,What are the bio-pesticides or organic alternatives for pest control in linseed?,1) Neem oil (Azadirachtin) 1% - 2-3 L/acre for aphids whitefly. 2) Garlic-chili extract (10g garlic + 10g chili in 1L water boil strain dilute 1:10). 3) Tobacco extract (100g tobacco in 1L water soak 24h strain) - effective for aphids but toxic to humans. 4) Entomopathogenic fungi: Beauveria bassiana (2g/L) for aphids whitefly. 5) Spinosad (bio-origin) for caterpillars. 6) Yellow sticky traps for whitefly/aphids.,
linseed,Pesticide,How can pheromone traps be used for pest monitoring in linseed fields?,For cutworm: Use pheromone lures in delta traps (1 trap per 2 acres). For capsule borer (Helicoverpa): Use sex pheromone lures (1 trap per 2 acres). Place traps at canopy height. Check daily for moth catch. Spray when catch exceeds threshold (e.g. 8-10 moths/trap/night for borer). Replace lures every 4-6 weeks.,
linseed,Pesticide,What safety equipment should a farmer wear while spraying pesticide on linseed?,1) Chemical-resistant gloves (nitrile rubber). 2) Face shield or goggles. 3) Respirator (N95 or charcoal mask for organic vapors). 4) Long-sleeved shirt and full pants. 5) Apron or coverall. 6) Rubber boots (not cloth shoes). 7) Hat. Wash PPE after use. Never reuse empty pesticide containers. Shower after spraying.,
linseed,Pesticide,What should a farmer do if accidental pesticide poisoning occurs during linseed spraying?,1) Remove person from contaminated area immediately. 2) Remove contaminated clothing. 3) Wash skin with soap and water for 15 minutes. 4) If swallowed: Do not induce vomiting (unless label says) - give water. 5) If inhaled: Move to fresh air. 6) Take pesticide container to hospital (for identification). 7) Seek immediate medical attention. 8) Call Poison Control (115 or local emergency).,
linseed,Pesticide,How should pesticide resistance be managed in linseed pests in Pakistan?,1) Rotate pesticides with different modes of action (IRAC groups). 2) Do not use same pesticide group repeatedly. 3) Spray only when ETL reached (not calendar-based). 4) Use recommended doses (not sub-lethal). 5) Integrate biological and cultural controls (IPM). 6) Leave untreated refuges (unsprayed areas) for susceptible pests. 7) Use pheromone traps for monitoring. 8) Avoid tank mixing unrelated pesticides.,
linseed,Pesticide,When is the best time of day (morning/evening) to spray pesticide on linseed?,Best time: Early morning (6-9 AM) or late evening (4-7 PM). Reasons: 1) Bees and pollinators less active (protect beneficials). 2) Temperature moderate (15-25°C) - better efficacy. 3) Less evaporation. 4) Lower wind speeds. Avoid spraying: 1) Mid-day heat (>30°C). 2) Strong wind (>15 km/h). 3) When rain expected within 6 hours. 4) When leaves are wet (dew/rain).,
linseed,Pesticide,What integrated pest management (IPM) practices are recommended for linseed in Pakistan?,IPM components: 1) Use resistant varieties (LS-1 LS-2 for rust). 2) Crop rotation (3-4 years with cereals). 3) Clean seed (certified disease-free). 4) Balanced fertilizer (no excess N). 5) Optimum plant population (avoid dense canopy). 6) Monitoring (weekly scouting). 7) Economic thresholds (spray only when needed). 8) Biological control (conserve ladybirds lacewings). 9) Selective pesticides (avoid pyrethroids). 10) Sanitation (remove crop debris).,
linseed,Pesticide,How can crop rotation help reduce pests and diseases in linseed cultivation?,Crop rotation breaks pest/disease cycles: 1) Linseed after wheat or maize (not after linseed or other oilseeds). 2) Avoid linseed after linseed (minimum 3-4 years). 3) Rotate with non-host crops: cereals (wheat maize) legumes (gram lentil). 4) Reduces Fusarium wilt inoculum in soil (persists 5+ years). 5) Reduces rust carryover on volunteer plants. 6) Improves soil health. Sample rotation: Wheat - linseed - fallow - gram - wheat.,
linseed,Varieties,How does selection of disease-resistant linseed varieties reduce losses in Pakistan?,Resistant varieties (LS-1 LS-2) provide: 1) 50-80% reduction in rust severity. 2) No need for fungicide sprays (saves Rs. 2,000-3,000/acre). 3) Higher yield (12-15 vs 8-10 maunds). 4) Better seed quality and oil content. 5) Reduced inoculum for neighboring fields. Always use resistant varieties where available. LS-1 is rust tolerant. LS-2 has moderate resistance.,
linseed,Pesticide,What cultural practices help prevent pest attacks on linseed?,1) Timely sowing (Nov 1-15) - avoids peak aphid season. 2) Avoid excess nitrogen (lush growth attracts aphids). 3) Proper spacing (25-30 cm) - air circulation reduces mildew. 4) Weed control (weeds host aphids whitefly). 5) Remove crop debris immediately after harvest. 6) Deep ploughing in summer (exposes pupae). 7) Balanced irrigation (no waterlogging stress). 8) Intercropping with cereals (e.g. wheat) reduces pest colonization.,
linseed,Diseases,How does field sanitation (removing crop debris) prevent disease in linseed?,1) Removes rust-infected plant material (overwintering inoculum). 2) Reduces Alternaria and Fusarium survival structures. 3) Removes volunteer plants (alternative hosts). 4) Destroys pest hiding places (cutworms). 5) Practice: After harvest collect and burn or deep plough (>30cm) linseed stubble. Do not compost infected debris. Clean cultivation equipment between fields.,
linseed,Pesticide,How can border cropping or trap cropping reduce pests in linseed fields?,Border crop: Surround linseed field with 2-3 rows of wheat or mustard. Wheat acts as physical barrier for aphid migration. Mustard attracts aphids away from linseed (trap crop). Trap cropping: Sow mustard 15 days earlier on field borders. When mustard is infested with aphids spray only the border (not main crop). Reduces pesticide use by 50-70%.,
linseed,Pesticide,What beneficial insects should be protected to help control pests in linseed?,Beneficial insects (Friends of farmers): 1) Ladybird beetles (Coccinella) - eat aphids (up to 50/day). 2) Lacewings (Chrysoperla) - larvae eat aphids whitefly. 3) Syrphid flies (hoverflies) - larvae eat aphids. 4) Parasitic wasps (Aphidius) - parasitize aphids. 5) Spiders - generalist predators. 6) Ground beetles - eat cutworms. Avoid broad-spectrum insecticides (pyrethroids organophosphates) to conserve them.,
linseed,Irrigation,How does proper irrigation management reduce disease risk in linseed?,1) Avoid over-irrigation - reduces humidity and fungal disease (rust mildew). 2) Drip/furrow irrigation (not overhead) - keeps foliage dry. 3) Irrigate in morning - leaves dry by evening. 4) Avoid waterlogging - reduces root rot and wilt. 5) Stop irrigation 2 weeks before harvest - prevents late season disease. Wet foliage + cool nights = disease explosion. Proper drainage is key.,
linseed,Fertilizer,How does proper fertilizer management help prevent disease in linseed?,1) Balanced NPK (not excess N) - excess N causes lush growth dense canopy high humidity more rust/mildew and more aphids. 2) Adequate P and K - strengthen cell walls improve disease resistance. 3) Apply K (potassium) - reduces rust severity. 4) Micronutrients (Zn B) - prevent stress-induced susceptibility. 5) Organic matter (FYM) - improves soil health and beneficial microbes. Soil test before fertilizer application.,
linseed,Pesticide,What is the role of light traps and pheromone traps in linseed pest management?,Light traps: 1) Attract night-flying pests (cutworm moths). 2) Place 1 trap per 2 acres. 3) Operate from dusk to dawn. 4) Helps monitor pest emergence. Pheromone traps: 1) Species-specific (e.g. Helicoverpa for capsule borer). 2) 1 trap per 2 acres. 3) Count moths daily. 4) Spray when catch exceeds threshold. Both are monitoring tools not direct control. Reduce unnecessary sprays.,
linseed,Pesticide,How should linseed fields be monitored regularly to catch pest/disease problems early?,Weekly monitoring schedule: 1) Walk in W pattern across field. 2) Check 10-20 random plants per acre. 3) Aphids: Count on top 10cm of plant. 4) Diseases: Check lower leaves for rust pustules white powder. 5) Record observations (notebook/phone). 6) Use hand lens for small pests/mites. 7) Check field borders first (pests enter from edges). 8) Monitor weather forecasts (disease risk alerts). 9) Act when thresholds reached.,
linseed,Cultivation,What are the early warning signs that a linseed field needs immediate intervention?,1) Aphids: >50 per plant or sooty mold appears. 2) Rust: Orange pustules on >5% leaves. 3) Powdery mildew: White powder on >10% leaves. 4) Cutworms: >5% seedlings cut. 5) Capsule borer: Holes in >5% capsules. 6) Wilt: Wilting plants with brown ring in stem. 7) General: Patchy discoloration yellowing stunting. Don't wait - intervene immediately.,
linseed,Pesticide,How does intercropping reduce pest and disease pressure in linseed?,Intercropping linseed with wheat (1:2 ratio) reduces: 1) Aphid colonization (wheat acts as barrier and confuses aphids). 2) Rust spread (wheat reduces humidity and spore movement). 3) Whitefly (non-host crop). Intercropping pattern: 2 rows wheat + 2 rows linseed. Benefits: 25-30% reduction in pest/disease + additional income from wheat. Traditional practice in rainfed areas.,
linseed,Cultivation,What quarantine or phytosanitary measures apply to linseed planting material in Pakistan?,1) Certified seed from Punjab Seed Corporation or provincial seed corporations is disease-tested. 2) Imported linseed seed requires phytosanitary certificate from country of origin. 3) Prohibited: Seed from fields with Karnal bunt (not relevant to linseed but general). 4) Local movement: No restrictions but recommended to use disease-free seed. 5) Report unusual disease outbreaks to Department of Plant Protection.,
linseed,Fertilizer,What are the recommended fertilizers for linseed cultivation in Pakistan?,Recommended fertilizers: 1) Nitrogen sources: Urea (46% N) or CAN (26% N). 2) Phosphorus: DAP (18-46-0) or SSP (18% P2O5 + 12% S). 3) Potassium: SOP (50% K2O + 18% S) or MOP (60% K2O). 4) Sulfur: SSP or Gypsum (18% S). 5) Micronutrients: Zinc sulphate (33% Zn) for deficient soils.,
linseed,Fertilizer,What is the recommended NPK dose per acre for linseed in Pakistan?,Recommended NPK: 20-25 kg N + 30-40 kg P2O5 + 15-20 kg K2O per acre. In kg/acre: N=20-25 P=30-40 K=15-20. For low fertility soils: N=30 P=45 K=25. For high fertility soils (after legumes): N=15 P=30 K=15. Always adjust based on soil test.,
linseed,Fertilizer,What is the recommended dose of nitrogen (N) fertilizer for linseed in Pakistan?,20-25 kg N per acre. This equals: Urea 45-55 kg (1.0-1.2 bags) per acre OR CAN 80-100 kg per acre. Apply 1/3 at sowing (basal) and 2/3 as top dressing at 30-35 days after sowing (branching stage). On rainfed: apply all N at sowing.,
linseed,Fertilizer,What is the recommended dose of phosphorus (P) fertilizer for linseed in Pakistan?,30-40 kg P2O5 per acre. This equals: DAP 65-85 kg (1.3-1.7 bags) OR SSP 170-225 kg per acre. Apply full dose at sowing (basal). Phosphorus is critical for root development flowering and oil synthesis. On P-deficient soils increase to 45-50 kg P2O5.,
linseed,Fertilizer,What is the recommended dose of potassium (K) fertilizer for linseed in Pakistan?,15-20 kg K2O per acre. This equals: MOP 25-35 kg (0.5-0.7 bag) OR SOP 30-40 kg per acre. Apply full dose at sowing. Potassium improves water stress tolerance stem strength and oil content. On sandy or intensively cropped soils use 25 kg K2O.,
linseed,Fertilizer,When and how should the first dose of fertilizer (Basal Dose) be applied to linseed?,Basal dose applied at sowing time: 1) Full P and K + 1/3 of N. 2) Apply in furrow 2-3 cm below and 2-3 cm to side of seed (drill placement). 3) If broadcasting: mix into top 5-8 cm soil during final cultivation. 4) Do not place fertilizer directly with seed (can damage germination). Use DAP (contains N+P) for basal.,
linseed,Cultivation,When and how should the second and subsequent doses (Top Dressing) be applied to linseed?,Top dressing: Apply remaining 2/3 N at 30-35 days after sowing (branching to bud formation stage). Method: 1) Broadcast urea evenly. 2) Apply just before irrigation or light rain. 3) Avoid application when leaves are wet (causes leaf burn). 4) For rainfed: apply if good soil moisture present. No top dressing after flowering starts.,
linseed,Fertilizer,What is the role of zinc (Zn) fertilizer in linseed cultivation in Pakistan?,Zinc is essential for: 1) Auxin synthesis (IAA) for growth. 2) Pollen formation and seed set. 3) Oil synthesis. Deficiency symptoms: small leaves interveinal chlorosis stunted growth. Apply ZnSO4 5-8 kg/acre at sowing (mix with basal fertilizer). Foliar spray 0.3% ZnSO4 at 30 days for quick correction. Common in alkaline calcareous soils of Punjab.,
linseed,Fertilizer,What is the role of boron (B) fertilizer in linseed cultivation in Pakistan?,"Boron is critical for: 1) Pollen tube growth and fertilization. 2) Capsule formation. 3) Seed set. Deficiency: poor capsule set hollow seeds ""brown heart"". Apply borax (11% B) 2-3 kg/acre at sowing (mix with fertilizer). Do not exceed 4 kg - boron toxicity causes leaf burn. Foliar spray 0.1% boric acid at bud stage. Important in sandy and alkaline soils.",
linseed,Soil,What micronutrient deficiencies are commonly observed in linseed in Pakistani soils?,Common deficiencies: 1) Zinc (Zn) - most common in calcareous soils of Punjab. 2) Boron (B) - in sandy and alkaline soils. 3) Iron (Fe) - in high pH soils (interveinal chlorosis in young leaves). 4) Manganese (Mn) - in organic matter deficient soils. 5) Sulfur (S) - in intensively cropped low-OM soils (use SSP or gypsum).,
linseed,Fertilizer,How can organic fertilizers (FYM compost Green Manure) be used for linseed cultivation?,1) FYM/compost: Apply 8-10 tons/acre 15-20 days before sowing. Mix thoroughly into soil. 2) Green manuring: Sow guar (cluster bean) or dhaincha in July-August incorporate at 50% flowering (45-50 days). 3) Vermicompost: 2-3 tons/acre at sowing. Organic sources reduce chemical fertilizer need by 25-30% and improve soil health. Especially beneficial in rainfed areas.,
linseed,Fertilizer,What is the recommended dose of farmyard manure (FYM) for linseed in Pakistan?,8-10 tons (160-200 maunds) per acre. Apply well-rotted FYM (6-8 months old) 15-20 days before sowing. Spread uniformly and incorporate by cultivation. Fresh FYM should not be used (may contain weed seeds pathogens). FYM provides micronutrients improves soil structure and water holding capacity - valuable for rainfed linseed.,
linseed,Fertilizer,How does fertilizer application differ for irrigated vs. rainfed linseed cultivation?,Irrigated: Split N (1/3 basal + 2/3 top dressing). Higher N (25-30 kg/acre). P and K as per soil test. Irrigated after fertilizer application. Rainfed (Barani): All N and P applied at sowing (no top dressing - may not activate). Lower N (15-20 kg/acre) to avoid vegetative growth that exceeds available moisture. Band placement (not broadcast) for efficiency. Use slow-release or organic sources.,
linseed,Fertilizer,What are the signs of nitrogen deficiency in linseed?,Signs: 1) Uniform pale green to yellow leaves (starting from older leaves). 2) Stunted growth thin stems. 3) Reduced branching. 4) Small pale capsules. 5) Premature leaf drop. 6) Low protein and oil content. Remedy: apply urea 15-20 kg/acre as top dressing with irrigation.,
linseed,Fertilizer,What are the signs of phosphorus deficiency in linseed?,Signs: 1) Dark green or purplish tint on leaves (especially underside). 2) Delayed maturity. 3) Poor root development. 4) Thin stems and lodging. 5) Reduced flowering and capsule set. 6) Small seeds. Remedy: apply DAP or SSP at sowing in future crops. Foliar spray 1% DAP solution (emergency).,
linseed,Fertilizer,What are the signs of potassium deficiency in linseed?,Signs: 1) Yellowing and browning of leaf margins (scorching) starting from older leaves. 2) Weak stems prone to lodging. 3) Small capsules with shriveled seeds. 4) Increased disease susceptibility (rust). 5) Leaf curling. Remedy: apply MOP or SOP at sowing. For severe: potassium sulphate foliar spray 0.5%.,
linseed,Fertilizer,What are the signs of zinc deficiency in linseed?,Signs: 1) Interveinal chlorosis (yellow between green veins) on young leaves. 2) Stunted growth with short internodes. 3) Small distorted leaves (rosette appearance). 4) Delayed flowering. 5) Poor capsule set. Remedy: ZnSO4 5-8 kg/acre soil application or foliar spray 0.3% ZnSO4 at 25-30 days.,
linseed,Fertilizer,What happens if too much fertilizer (over-dose) is applied to linseed?,1) Excess N: Excessive vegetative growth lodging (falling over) delayed maturity increased aphid attack reduced oil content. 2) Excess P: Induces Zn deficiency. 3) Excess K: Can cause Mg deficiency. 4) Excess fertilizer (any): Salt injury to roots leaf burn (especially urea on foliage) groundwater pollution wasted money. Always follow recommended doses.,
linseed,Fertilizer,What are the recommended fertilizer products (brand names) available in Pakistan for linseed?,1) Urea: Sona Urea Engro Urea Fauji Urea. 2) DAP: Engro DAP Fauji DAP ICI DAP. 3) SOP: Fauji SOP Engro SOP. 4) MOP: Engro MOP FFC MOP. 5) SSP: Pakarab SSP. 6) ZnSO4: Fauji Zinc Engro Zinc. 7) Borax: Madak Borax. All available at agriculture dealerships.,
linseed,Fertilizer,How should urea be applied to linseed to avoid losses from volatilization (gas loss)?,1) Apply urea just before irrigation (within 1-2 days) or light rain. 2) Incorporate into soil by light cultivation (2-3 cm depth) if no irrigation. 3) Do not broadcast urea on dry soil without incorporation - ammonia loss up to 30%. 4) Use neem-coated urea (slower release lower loss). 5) Split application (two doses) reduces loss per application.,
linseed,Irrigation,How many irrigations does linseed require in total during its growing season in Pakistan?,Linseed requires 3-5 irrigations in irrigated areas. Rainfed (Barani): 0-2 supplemental irrigations if available. Irrigation schedule: 1st at 25-30 days (branching). 2nd at 50-60 days (bud formation to flowering). 3rd at 75-85 days (capsule formation). 4th at 100-110 days (grain filling - only if needed).,
linseed,Irrigation,When should the first irrigation (Pehl-pani) be given to linseed after sowing?,First irrigation at 25-30 days after sowing (branching stage). This is the critical period for root and branch development. Earlier irrigation (before 20 days) may cause waterlogging and seedling damping off. Delay beyond 35 days reduces tillering and yield. In rainfed areas first irrigation is not given - rely on soil moisture.,
linseed,Irrigation,What are the critical growth stages of linseed that require mandatory irrigation?,Three critical stages: 1) Branching stage (25-35 days) - determines number of branches and capsules. 2) Flowering stage (65-80 days) - water stress causes flower drop and poor pollination. 3) Capsule filling (90-110 days) - stress reduces seed size oil content and causes premature drying. Avoid stress at these three stages.,
linseed,Irrigation,How many days apart should irrigations be given to linseed in summer (Kharif) in Pakistan?,Linseed is not grown in Kharif (summer) season. It is strictly a Rabi (winter) crop. Summer temperatures above 35°C are lethal. If grown in high altitude areas with mild summer: interval 10-12 days.,
linseed,Irrigation,How many days apart should irrigations be given to linseed in winter (Rabi) in Pakistan?,Winter irrigation interval: 20-30 days depending on soil type and temperature. Sandy soils: 15-20 days. Loamy soils: 20-25 days. Clay soils: 25-35 days. Cool temperatures (10-20°C) reduce evapotranspiration. Do not irrigate if soil is already wet or if frost is forecast.,
linseed,Irrigation,What is the total water requirement (acre-inches) of linseed per crop season?,Total water requirement: 350-450 acre-inches (8-12 million liters per acre). This is equivalent to 3-5 irrigations of 3-4 acre-inches each plus effective rainfall (100-150mm). Linseed is relatively drought-tolerant compared to wheat or rice.,
linseed,Irrigation,What irrigation method is suitable for linseed in Pakistan — flood furrow drip or sprinkler?,1) Furrow irrigation: Best method - saves water reduces lodging and prevents waterlogging. 2) Border strip/flood: Acceptable on level fields but can cause waterlogging. 3) Sprinkler: Excellent for rainfed areas sandy soils and undulating land - saves 25-30% water. 4) Drip: Not economical for linseed (low value crop) but works. Avoid basin flooding on heavy soils.,
linseed,Irrigation,How does drip irrigation improve the water use efficiency of linseed in Pakistan?,Drip irrigation can save 40-50% water compared to flood but is not cost-effective for linseed (Rs. 120,000-150,000/acre setup cost). For high-value seed production or water-scarce areas drip allows precise water delivery to root zone reduces weed growth and prevents foliar diseases. Government 60% subsidy available.,
linseed,Irrigation,How should irrigation be managed during the flowering stage of linseed?,Flowering stage (65-85 days) is critical. Management: 1) Ensure adequate soil moisture - avoid water stress. 2) Light irrigation (2-3 acre-inches) rather than heavy. 3) Avoid overhead sprinkler during peak flowering (can wash off pollen). 4) Irrigate in morning hours. 5) Do not irrigate if strong winds or frost expected. 6) Water stress at flowering reduces yield 30-50%.,
linseed,Irrigation,How should irrigation be managed during the grain-filling or fruiting stage of linseed?,Capsule filling stage (90-110 days): 1) Maintain moderate soil moisture. 2) Stress at this stage reduces seed weight and oil content. 3) One irrigation at 90-95 days if no rainfall. 4) Avoid over-irrigation which delays maturity and increases lodging. 5) Stop irrigation 10-15 days before harvest to allow uniform ripening.,
linseed,Irrigation,What are the signs of water stress (drought) in linseed and what is the immediate remedy?,Signs: 1) Wilting during day (leaves droop). 2) Leaves turn dull bluish-green. 3) Stunted growth. 4) Premature flowering and capsule set. 5) Small capsules. 6) Leaf drop from lower stem. Immediate remedy: Apply light irrigation (2-3 acre-inches) immediately. If no irrigation available: spray water early morning (emergency).,
linseed,Irrigation,What are the signs of waterlogging in linseed and how to drain excess water?,Signs: 1) Yellowing of lower leaves. 2) Wilting despite wet soil. 3) Root rot (black/brown roots). 4) Plant death in patches. 5) Fungal growth on soil surface. Drainage: 1) Immediately stop irrigation. 2) Open drains/furrows to remove standing water. 3) On flat fields: make temporary channels. 4) For future: plant on ridges or improve land leveling.,
linseed,Fertilizer,How should irrigation be managed after fertilizer application to linseed?,After basal fertilizer (at sowing): Irrigate within 5-7 days if no rain. After top dressing urea (30-35 days): Irrigate within 2-3 days to incorporate N into soil and prevent ammonia loss. Apply irrigation when leaves are dry (morning). Light irrigation (2-3 inches) is sufficient - heavy irrigation leaches nutrients.,
linseed,Irrigation,Should linseed irrigation be stopped before harvest? How many days before?,Yes stop irrigation 10-15 days before harvest. This allows: 1) Uniform ripening of capsules. 2) Reduction in seed moisture content. 3) Prevention of lodging. 4) Easier harvesting. Late irrigation delays maturity and can cause seed sprouting in capsules if rain occurs.,
linseed,Irrigation,How does canal water vs. tube well (brackish/salty) water affect linseed cultivation in Pakistan?,Canal water: Best for linseed - low EC (<1 dS/m) good for all growth stages. Fresh tube well water (EC <1.5): Acceptable. Brackish/saline tube well water (EC >2): Damages linseed - causes leaf burn reduced germination and yield loss up to 50%. If only saline water available: 1) Mix with canal water (1:1). 2) Apply gypsum. 3) Use salt-tolerant varieties (R-17). 4) Avoid irrigation at germination and flowering.,
linseed,Yield,What is the average yield of linseed per acre in Pakistan?,Average yield: 8-12 maunds per acre (320-480 kg). Punjab (irrigated): 10-12 maunds. Punjab (rainfed Pothwar): 6-8 maunds. Sindh: 8-10 maunds. KPK: 6-8 maunds. Balochistan: 5-7 maunds. National average is low compared to potential due to rainfed conditions and traditional practices.,
linseed,Yield,What is the maximum achievable yield (Potential Yield) of linseed per acre under best management in Pakistan?,Potential yield: 20-25 maunds per acre (800-1000 kg) under optimal conditions (irrigated improved variety LS-1 balanced fertilizer pest/disease control). Research station yields: 22-28 maunds/acre. Progressive farmer yields: 15-18 maunds/acre. Yield gap between average (10 maunds) and potential (25 maunds) is 150% - large opportunity for improvement.,
linseed,Yield,What are the main reasons for low linseed yield in Pakistan?,1) Rainfed cultivation (moisture stress) - 70% area. 2) Low-yielding traditional varieties. 3) Poor soil fertility (low OM N P). 4) No fertilizer use or imbalanced. 5) Rust and wilt diseases (up to 50% loss). 6) Aphid infestation (20-30% loss). 7) Weed competition (30-50% loss). 8) Late sowing (after Nov 30). 9) Poor harvesting practices (shattering loss).,
linseed,Yield,How can a farmer increase the yield of linseed from 20 maunds to 40+ maunds per acre?,Linseed yield target is 20-25 maunds maximum (not 40+). To increase from 8 maunds to 20+ maunds: 1) Use improved variety (LS-1 LS-2). 2) Irrigated cultivation (3-5 irrigations) instead of rainfed. 3) Balanced NPK (25-30-20 kg/acre). 4) Seed treatment (fungicide+insecticide). 5) Timely sowing (Nov 1-15). 6) Weed control (pre+post herbicide). 7) Rust control (2 fungicide sprays). 8) Aphid control (at ETL). 9) Proper harvest (timely low loss). These steps can triple yield.,
linseed,Varieties,What high-yielding varieties of linseed give the best production in Pakistan?,Highest yielding varieties: 1) LS-1 (Ayub Research): 12-15 maunds/acre irrigated rust tolerant. 2) LS-2 (NARC): 12-15 maunds drought tolerant. 3) LS-3: 10-12 maunds early maturing. 4) R-17: 10-12 maunds salt tolerant (Sindh). 5) Chandni: 10-12 maunds white seeded premium. Avoid old low-yielding landraces (5-8 maunds).,
linseed,Yield,How does timely sowing affect the final yield of linseed in Pakistan?,Each week delay after Nov 15 reduces yield by 5-10%. Nov 1-15 sowing: 12-15 maunds/acre. Nov 15-30: 10-12 maunds. Dec 1-15: 6-8 maunds. Dec 15+: 3-5 maunds. Timely sowing allows: optimum temperature during flowering (15-20°C) good capsule set and higher oil content (42% vs 38%).,
linseed,Fertilizer,How does proper fertilizer management (Balanced use) increase the yield of linseed?,Balanced NPK (20-30-20 kg/acre) increases yield by 30-50% over no fertilizer. Specific gains: N (20-25 kg) = +40% yield (vegetative growth branching). P (30-40 kg) = +30% yield (root development capsule set). K (15-20 kg) = +20% yield (stress tolerance oil content). Zn + B = +10-15%. Combined effect: can increase from 8 to 15 maunds/acre.,
linseed,Irrigation,How does proper irrigation management increase the yield of linseed?,One irrigation at branching (25-30 days) increases yield 20-30% over rainfed. Two irrigations (branching + flowering) increase 50-70%. Three irrigations (branching + flowering + capsule filling) increase 80-100% (can double yield). In Pothwar rainfed (0 irrigation): 5-7 maunds. With 3 irrigations: 12-15 maunds. Water is the biggest limiting factor.,
linseed,Pesticide,What role does pest and disease control play in increasing linseed yield?,Aphids (if uncontrolled): 20-30% yield loss. Rust (uncontrolled): 30-50% yield loss + oil content reduction. Combined pest/disease: can cause 70%+ loss (yield 3-4 maunds). Effective control: 1-2 aphicide sprays + 2 fungicide sprays = 40-60% yield protection. IPM practices save yield without excessive cost.,
linseed,Yield,What are the best agronomic practices recommended by PARC/NARC for high-yield linseed production?,PARC/NARC recommendations: 1) Variety: LS-1 or LS-2. 2) Sowing: Nov 1-15 at 25 cm spacing 8-10 kg seed/acre. 3) Seed treatment: Carbendazim + Imidacloprid. 4) Fertilizer: 25-30-20 kg NPK/acre + ZnSO4 5 kg. 5) Irrigation: 3 irrigations (branching flowering capsule filling). 6) Weed control: Pendimethalin pre-emergence + one manual weeding. 7) Rust control: Tebuconazole spray at bud stage. 8) Harvest: At 75% capsule browning.,
linseed,Yield,How can improved seed quality (Certified Seed) increase the production of linseed in Pakistan?,Certified seed provides: 1) Higher genetic purity (>98%). 2) Higher germination (85%+ vs 60-70% farm-saved). 3) Disease-free (no seed-borne Alternaria/Fusarium). 4) True-to-type (uniform maturity plant height). 5) Yield increase: 15-25% over farm-saved seed. Cost: Rs. 100-150/kg vs farm-saved Rs. 50-80/kg. Available at Punjab Seed Corporation and progressive dealers.,
linseed,Soil,What role does soil health improvement play in boosting linseed yield in Pakistan?,Improved soil health (1.5-2% organic matter) boosts yield 25-40% through: 1) Better water holding capacity (critical in rainfed). 2) Higher nutrient availability (especially N S). 3) Improved soil structure (root growth). 4) Beneficial microbes (disease suppression). 5) Reduced crusting (better emergence). Practices: FYM 8-10 tons/acre green manuring crop rotation minimum tillage.,
linseed,Yield,How does the use of growth regulators (Plant Hormones) affect linseed yield?,Not commonly used in linseed in Pakistan. Research shows: 1) Gibberellic acid (GA3) 20-40 ppm at branching - increases plant height but may cause lodging. 2) Mepiquat chloride (growth retardant) - reduces lodging in tall varieties but not commercial. Not recommended for general use. Focus on basic agronomy first.,
linseed,Cultivation,What intercropping or relay cropping strategies can increase income from linseed farming?,1) Linseed + Wheat (2:2 rows) - reduces pest/disease by 25% and provides wheat income (5-8 maunds/acre). 2) Linseed + Gram (1:1) - legumes fix N benefit linseed. 3) Relay cropping: Sow linseed into standing rice/wheat 15-20 days before harvest. 4) Linseed as catch crop after early potato/vegetables. Intercropping land equivalent ratio (LER) >1.5 - more productive than sole cropping.,
linseed,Yield,What are the top 5 things a farmer can do to double the yield of linseed in Pakistan?,1) Switch from traditional variety to LS-1 or LS-2 (+50% yield). 2) Provide 3 irrigations (branching flowering capsule filling) instead of rainfed (+100% yield). 3) Apply balanced fertilizer: 25 kg N + 30 kg P2O5 + 20 kg K2O per acre (+50% yield). 4) Control rust with 2 sprays of Tebuconazole (+50% yield protection). 5) Control aphids when threshold reached (+30% yield). Combined effect: 5-8 maunds to 15-20 maunds (2-3x increase).,
linseed,Yield,How can precision agriculture or modern technology improve linseed production in Pakistan?,1) Laser land leveling: uniform irrigation saves water 20-30%. 2) Soil testing: precise fertilizer recommendation saves cost. 3) Drone monitoring: detect pest/disease hotspots early (available as service). 4) Variable rate technology: apply inputs based on soil variability (not common yet). 5) Mobile apps: Pest scouting records weather alerts market prices (e.g. AgriApp). 6) Drip irrigation (subsidized) - for high-value seed production. Adoption gradually increasing.,
linseed,Fertilizer,How does climate change affect linseed yield in Pakistan and how can farmers adapt?,Climate change impacts: 1) Warmer winters (reduced vernalization) - lower yield. 2) Unpredictable rains (rainfed areas) - drought/flood. 3) Higher temperatures during grain filling - reduced oil content. 4) Increased pest/disease pressure (aphids rust). Adaptations: 1) Heat-tolerant varieties (LS-2). 2) Drought-tolerant varieties for rainfed. 3) Shift sowing dates (slightly earlier). 4) Supplemental irrigation. 5) Mulching for moisture conservation. 6) Climate-smart practices (zero-till intercropping).,
linseed,Diseases,What are the major fungal diseases (Uli) of linseed in Pakistan?,Major fungal diseases: 1) Rust (Melampsora lini) - most important. 2) Powdery mildew (Erysiphe polygoni). 3) Alternaria blight (Alternaria lini). 4) Fusarium wilt (Fusarium oxysporum). 5) Damping off (Rhizoctonia/Pythium) - seedlings. 6) Septoria leaf spot. 7) Grey mold (Botrytis cinerea) - in humid conditions.,
linseed,Diseases,What are the major bacterial diseases of linseed in Pakistan?,Bacterial diseases are rare in linseed in Pakistan. Occasional: Bacterial blight (Pseudomonas syringae) - water-soaked spots on leaves and stems. Not economically significant. Fungal diseases are main concern.,
linseed,Diseases,What are the major viral diseases of linseed in Pakistan?,Viral diseases are rare in linseed. Occasional: Cucumber mosaic virus (CMV) - transmitted by aphids. Symptoms: Mosaic pattern leaf distortion stunting. Not economically significant in Pakistan. Control by managing aphids.,
linseed,Diseases,How can I identify rust disease (Kungi) in linseed fields?,Rust (Melampsora lini) - most destructive linseed disease. Symptoms: 1) Orange-yellow powdery pustules (uredinia) on leaves stems and capsules. 2) Pustules turn black (telia) at crop maturity. 3) Yellowing around pustules. 4) Severe: premature defoliation shriveled seeds reduced oil content. Appears in cool humid weather (Jan-Feb). Most severe in Pothwar region.,
linseed,Diseases,How can I identify powdery mildew in linseed and what causes it?,Powdery mildew (Erysiphe polygoni). Causes: High humidity (60-80%) moderate temperatures (15-25°C) dense canopy. Symptoms: 1) White powdery coating on upper leaf surfaces (looks like flour dusted). 2) Can spread to stems and capsules. 3) Leaves turn yellow then brown. 4) Premature defoliation. Appears from January onward. More common in irrigated areas with dense planting.,
linseed,Diseases,How can I identify downy mildew in linseed and what causes it?,Downy mildew (Peronospora lini) - less common. Symptoms: 1) Yellowish-green patches on upper leaf surface. 2) Purplish-grey fluffy growth on underside of leaves (sporangia). 3) Leaf curling and thickening. 4) Stunted plants. Favored by cool wet weather. Control similar to other mildews. Not a major problem in Pakistan.,
linseed,Diseases,How can I identify blight (early/late) in linseed and what causes it?,Alternaria blight (Alternaria lini). Symptoms: 1) Small dark brown to black spots on leaves (target-like concentric rings). 2) Spots enlarge coalesce causing leaf blighting. 3) Dark lesions on stems and capsules. 4) Seed shriveling. Favored by warm humid weather. Spread by seed and crop debris. Common in all linseed growing areas.,
linseed,Diseases,How can I identify damping off disease in linseed seedlings?,Damping off (Rhizoctonia solani Pythium spp.). Symptoms: 1) Pre-emergence: seeds rot before germination (patchy emergence). 2) Post-emergence: seedlings collapse at soil line (stem constricted dark lesion). 3) Infected patches in field. Favored by: wet cold soils poor drainage dense sowing. Control: seed treatment + avoid over-irrigation + well-drained soil.,
linseed,Diseases,What is wilt (Sokra) disease in linseed and how to identify it?,Fusarium wilt (Fusarium oxysporum f.sp. lini). Symptoms: 1) Sudden yellowing and wilting of entire plant. 2) Brown discoloration of vascular tissue (cut stem cross-section shows brown ring). 3) Plants die from bottom upward. 4) Patchy distribution. Favored by: warm temperatures (25-30°C) low soil moisture. Soil-borne fungus persists for years. Use resistant varieties (LS-1 LS-2).,
linseed,Diseases,What is smut or bunt (Siyah-rooli) disease in linseed and how to identify it?,Smut is NOT a significant disease of linseed in Pakistan. Some references may mention false smut but it's rare. No economic impact. Focus on rust and wilt as major diseases.,
linseed,Diseases,What virus diseases affect linseed in Pakistan and what are their symptoms?,Only occasional virus diseases: Cucumber Mosaic Virus (CMV). Symptoms: 1) Mosaic pattern (light and dark green patches). 2) Leaf distortion and puckering. 3) Plant stunting. 4) Reduced seed set. Transmitted by aphids. No direct control - manage aphid vectors. Not economically important.,
linseed,Diseases,How do diseases spread from one linseed plant or field to another?,1) Rust: Wind-borne spores (urediniospores) travel long distances. 2) Powdery mildew: Wind-dispersed conidia. 3) Alternaria blight: Seed-borne + rain splash + wind. 4) Fusarium wilt: Soil-borne (persists years) + infected plant debris + contaminated tools. 5) Damping off: Soil + contaminated seed + irrigation water. Prevention: clean seed crop rotation disease-free debris management.,
linseed,Diseases,What weather conditions (humidity/rain) favor disease development in linseed?,Rust: Cool (15-22°C) humid (>80% RH) with dew/fog. Powdery mildew: Moderate temps (15-25°C) high humidity (but no free water). Alternaria: Warm (20-28°C) wet conditions (rain/high humidity). Fusarium wilt: Warm (25-30°C) dry conditions (water stress). Damping off: Cool wet conditions. Jan-Feb foggy conditions in Punjab favor rust and mildew.,
linseed,Diseases,Which regions of Pakistan are most affected by linseed diseases and why?,Rust: Most severe in Pothwar region (Rawalpindi Attock Chakwal) due to cool humid foggy winters. Powdery mildew: Irrigated areas of Punjab (Faisalabad Sargodha) with dense canopies. Alternaria: Widespread but more in Sindh (warmer humid). Wilt: More in rainfed areas with moisture stress. Overall Pothwar is disease hotspot.,
linseed,Fertilizer,What is the difference between nutrient deficiency symptoms and disease symptoms in linseed?,Nutrient deficiency: Symmetrical pattern often interveinal chlorosis uniform across field usually on older leaves first (N P K) or young leaves (Zn Fe). No pathogen signs (no spores pustules). Corrected by fertilizer. Disease: Irregular patches pustules (rust) white powder (mildew) dark lesions (blight) often with pathogen structures. Spreads over time. Fungicides may help.,
linseed,Diseases,What fungicides are recommended for controlling rust in linseed in Pakistan?,1: Tebuconazole (Folicur) 250ml/acre. 2: Propiconazole (Tilt) 250ml/acre. 3) Triadimefon (Bayleton) 200g/acre. 4) Pyraclostrobin + Epoxiconazole (Opera) 200ml/acre. 5) Mancozeb (Dithane M-45) 500g/acre - protectant (less effective after infection). Apply at first rust appearance. Repeat after 10-14 days if needed. Use resistant varieties (LS-1 LS-2).,
linseed,Diseases,What fungicides are recommended for controlling powdery mildew in linseed?,1) Sulfur (80% WP) 500g/acre - effective cheap. 2) Tebuconazole 250ml/acre. 3) Propiconazole 250ml/acre. 4) Myclobutanil 200g/acre. 5) Hexaconazole 250ml/acre. 6) Dinocap (Karathane) 400ml/acre. Apply at first sign of white powder. Sulfur is organic-friendly. Avoid sulfur when temperature >30°C (phytotoxicity).,
linseed,Diseases,What fungicides are recommended for controlling blight in linseed in Pakistan?,1) Mancozeb (Dithane M-45) 500g/acre - protectant. 2) Chlorothalonil (Bravo) 500ml/acre. 3) Copper oxychloride 400g/acre. 4) Propiconazole 250ml/acre. 5) Azoxystrobin (Amistar) 200ml/acre. Apply at bud to early flowering stage. Repeat every 10-14 days if wet conditions persist. Use certified disease-free seed.,
linseed,Diseases,What fungicides are recommended for controlling wilt in linseed in Pakistan?,Wilt (Fusarium) is difficult to control with fungicides once symptoms appear. Prevention: 1) Seed treatment with Carbendazim 2g/kg + Thiram 2g/kg. 2) Soil drench with Carbendazim 500g/acre (early stages). 3) Trichoderma harzianum (bio-fungicide) 2kg/acre in furrow at sowing. 4) Use resistant varieties (LS-1 LS-2). 5) Crop rotation (4-5 years with cereals).,
linseed,Diseases,What bactericides are used for bacterial diseases of linseed in Pakistan?,Bacterial diseases are rare in linseed. If bacterial blight occurs: 1) Copper oxychloride 400g/acre. 2) Streptomycin + Tetracycline (Agrimycin) 100g/acre. 3) Kasugamycin 200ml/acre. Not routinely needed. Prevention: clean seed good sanitation.,
linseed,Diseases,What is the spray schedule for disease management in linseed in Pakistan?,Rust-prone areas (Pothwar): 1st spray at bud stage (Dec-Jan) if rust seen. 2nd spray 10-14 days later. Powdery mildew: Spray when first white powder seen (Jan-Feb). Alternaria: Pre-flowering spray (Jan) if history. General schedule: Monitor weekly from December. Spray only when disease reaches threshold (e.g. rust pustules on 5-10% leaves). Use protectant fungicides (Mancozeb) before disease arrives.,
linseed,Diseases,What is the correct dose and method of fungicide application on linseed?,1) Calculate field area and required product dose. 2) Use 100-120 liters water per acre. 3) Add fungicide to water while agitating. 4) Use flat fan or hollow cone nozzles. 5) Spray to cover all leaves (upper and lower). 6) For rust/mildew: ensure good coverage. 7) Spray in morning (6-9 AM). 8) Avoid spraying during flowering if possible (protect bees).,
linseed,Diseases,What systemic vs. contact fungicides are recommended for linseed?,Systemic (absorbed by plant): Tebuconazole Propiconazole Azoxystrobin - curative (can be used after infection) longer protection (10-14 days). Contact (surface only): Mancozeb Chlorothalonil Copper oxychloride Sulfur - preventive (must be applied before infection) shorter protection (5-7 days). Strategy: Use protectants early then systemics when disease appears. Alternate both to prevent resistance.,
linseed,Pesticide,How often should fungicide be sprayed during the linseed growing season?,Depends on disease pressure: Low pressure: 0-1 spray (only if disease appears). Moderate pressure: 2 sprays at 10-14 day interval. High pressure (Pothwar rust): 2-3 sprays (Dec-Jan-Feb). Do not exceed 3 sprays to avoid resistance and cost. Stop spraying after capsule filling stage (100 days).,
linseed,Diseases,What are the bio-fungicides or organic disease control methods for linseed?,1) Trichoderma harzianum (2kg/acre) soil application for wilt control. 2) Pseudomonas fluorescens (bio-control agent) seed treatment. 3) Sulfur (organic approved) for powdery mildew. 4) Neem oil (0.5%) for mildew and rust suppression. 5) Cow urine (10% solution) as foliar spray (traditional). 6) Baking soda (1%) + vegetable oil (0.5%) for mildew. 7) Crop rotation (3-4 years). 8) Resistant varieties (LS-1 LS-2).,
linseed,HarvestTime,When is linseed ready for harvest in Pakistan?,Linseed is ready for harvest in March to April (110-140 days after sowing). Punjab: late March to mid-April. Sindh: early to late March. KPK: mid-April to early May. Balochistan: April to May. Harvest when 75-80% of capsules turn brown and seeds rattle inside.,
linseed,HarvestTime,What are the visual signs that linseed has reached maturity and is ready to harvest?,1) Capsules: 75-80% golden brown to brown. 2) Seeds: Rattle inside when shaken. 3) Stems: Turn yellow-brown. 4) Leaves: Most have dropped. 5) Seeds: Hard shiny with characteristic color (brown/yellow). 6) Moisture content: 20-25% in seeds. Do not delay - over-ripe capsules shatter causing seed loss.,
linseed,HarvestTime,What is the recommended moisture content of linseed at time of harvest?,Harvest at 20-25% seed moisture content. At this stage: 1) Seeds are mature but not too dry. 2) Minimal shattering during harvest. 3) Can be manually cut without excessive loss. After harvest dry to 8-10% moisture for storage. Use moisture meter or traditional method (bite test - hard).,
linseed,HarvestTime,How is linseed harvested in Pakistan — manually (Daranti) or mechanically?,Manual harvesting (dominant): 1) Using daranti (sickle) to cut plants close to ground. 2) Plants tied in small bundles (sheaves). 3) Stacked in field for 5-7 days drying. Mechanical: Combine harvester (increasing adoption) - cuts threshes and cleans in one operation. Also use reaper (cuts only) + thresher. Mechanical reduces labor cost but may cause more shattering if not adjusted.,
linseed,HarvestTime,What machinery (Combine Harvester/Thresher) is used for harvesting linseed in Pakistan?,1) Combine harvester (e.g. New Holland John Deere) - for large fields (>5 acres). Settings: Cylinder speed 400-500 RPM concave clearance wide to avoid seed cracking. 2) Reaper (tractor-mounted) - cuts plants windrows then pick up with thresher. 3) Stationary thresher - for manually harvested bundles. 4) Manual beating - on tarpaulin (traditional). Hire combine service: Rs. 2,500-3,500/acre.,
linseed,HarvestTime,How should linseed be harvested to minimize shattering or field losses?,1) Harvest at 75-80% capsule brownness (not fully dry). 2) Harvest early morning when dew present (capsules less brittle). 3) Use sharp sickles (clean cut reduces shatter). 4) Handle bundles gently - don't shake. 5) For combine: reduce cylinder speed (400-500 RPM). 6) Keep header low (3-5 cm above ground). 7) Harvest promptly - don't leave over-ripe in field. 8) Losses can be 10-20% if mismanaged.,
linseed,HarvestTime,What is the correct harvesting time for linseed in Punjab?,Punjab: March 20 to April 20. North/Central Punjab (Rawalpindi Faisalabad): April 1-20. South Punjab (Multan Bahawalpur): March 20-April 10. Harvest when capsules brown. In Pothwar rainfed: late April due to later sowing.,
linseed,HarvestTime,What is the correct harvesting time for linseed in Sindh?,Sindh: March 1 to March 30. Upper Sindh (Jacobabad Shikarpur): March 10-30. Lower Sindh (Hyderabad): March 1-20. Warmer climate leads to earlier maturity. Harvest promptly before hot weather causes shattering.,
linseed,HarvestTime,What is the correct harvesting time for linseed in KPK?,KPK: April 15 to May 15. Peshawar valley: April 20-May 10. Dera Ismail Khan: April 10-30. Higher elevations (Swat): May 1-20. Later sowing and cooler climate shift harvest later.,
linseed,HarvestTime,What is the correct harvesting time for linseed in Balochistan?,Balochistan: April to May. Quetta/Pishin: May 1-20. Sibi/Naseerabad (warm areas): April 10-30. Rainfed areas: harvest when capsules brown - depends on rains.,
linseed,HarvestTime,What post-harvest activities are done immediately after linseed harvest?,1) Drying: Spread in sun for 5-7 days until seeds rattle (8-10% moisture). 2) Threshing: Beating bundles or machine thresher. 3) Winnowing: Separate seeds from chaff using wind or fan. 4) Cleaning: Remove dust stones immature seeds. 5) Drying again: If moisture >10% - sun dry 1-2 more days. 6) Bagging: Clean jute/plastic bags. 7) Storage: Cool dry place.,
linseed,HarvestTime,How long after sowing is linseed typically harvested in Pakistan?,110-140 days after sowing depending on variety and season. Early varieties (LS-3): 110-120 days. Medium (LS-1 LS-2): 120-130 days. Late (R-17): 130-140 days. Rainfed conditions may extend by 5-10 days. Calculate backward from expected harvest to plan sowing.,
linseed,HarvestTime,What are the common mistakes farmers make during linseed harvesting in Pakistan?,1) Harvesting too early (green capsules) - immature seeds low oil content. 2) Harvesting too late (over-ripe) - shattering loss up to 30%. 3) Cutting too high - leaving lower capsules in field. 4) Rough handling - causes seed shattering. 5) Not drying properly - mold in storage. 6) Threshing on bare ground - mixing with soil/stones. 7) Using combine at wrong settings - cracked seeds. 8) Mixing varieties - inconsistent quality.,
linseed,HarvestTime,How should linseed be stored after harvest in Pakistan?,1) Dry seeds to 8-10% moisture (sun dry 5-7 days). 2) Clean thoroughly (remove weed seeds debris). 3) Store in clean dry jute bags or hermetic (PICS) bags. 4) Stack bags on wooden pallets (not direct floor). 5) Maintain cool dry well-ventilated store. 6) Treat with neem leaves or camphor for insects. 7) For long-term: fumigate with aluminum phosphide (2-3 tablets/ton) - use trained person. 8) Monitor monthly for moisture/pests.,
linseed,HarvestTime,What is the ideal moisture content of linseed for safe long-term storage?,8-10% moisture content for safe storage up to 12 months. Above 10%: risk of mold and heating. Above 12%: rapid deterioration. Below 8%: excessive brittleness and breakage. Use moisture meter for accuracy. Traditional test: bite seed - should be hard and crisp. Dry in sun if moisture high.,
linseed,HarvestTime,What are the major post-harvest losses for linseed in Pakistan and how to reduce them?,Major losses: 1) Shattering during harvest (10-20%). Reduce: timely harvest gentle handling. 2) Incomplete threshing (5-10%). Reduce: proper threshing setting. 3) Bird damage (5-15% if left in field). Reduce: harvest promptly. 4) Storage insects (10-20% over 6 months). Reduce: dry seed proper storage fumigation. 5) Mold (5-15%). Reduce: dry to <10% moisture. Total losses can exceed 40% without proper management.,
linseed,HarvestTime,What storage structures or containers are recommended for linseed in rural Pakistan?,1) Metal bins (drum) - airtight rodent-proof best option. 2) Clay bins (Godaym) - traditional seal with mud. 3) Hermetic bags (PICS or GrainPro) - prevents insect entry no fumigation needed. 4) Jute bags (gunny) - with inner polythene liner. 5) Plastic silos (govt scheme). 6) Improved mud silo (PARC design). Avoid: direct floor storage old chemical bags damp rooms.,
linseed,Pesticide,What pest control measures should be taken during linseed storage?,1) Clean storage area before filling. 2) Dry seed to 8-10% moisture. 3) Mix neem leaves (1kg/100kg seed) or dried neem powder. 4) Use food-grade diatomaceous earth (1kg/ton) - physical insecticide. 5) Fumigation: Aluminum phosphide tablets (2-3 per ton) - only by trained person. 6) Pheromone traps for monitoring. 7) Inspect monthly for webbing live insects musty smell. 8) Never mix old with new grain.,
linseed,Pesticide,What fumigants or storage pesticides are recommended for linseed in Pakistan?,1) Aluminum phosphide (Phostoxin) - 2-3 tablets per ton. CAUTION: Highly toxic - use trained fumigator only. Seal storage for 5-7 days. Aerate 48 hours before use. 2) Malathion dust (2% active) - 250g per ton (mix with seed). 3) Deltamethrin dust - as label. For small quantities: neem leaves camphor (mothballs). Never consume treated seed for oil extraction.,
linseed,HarvestTime,How long can linseed be stored without significant quality loss?,At 8-10% moisture in cool dry conditions: 12-18 months without significant quality loss (oil quality declines after 12 months). In hermetic bags: up to 24 months. In traditional jute bags: 6-12 months (depending on climate). In hot humid conditions: 3-6 months only. For seed purpose: use within 12 months for >80% germination.,
linseed,Diseases,How should linseed be dried before storage to prevent mold and fungal growth?,1) Sun drying: Spread on clean tarpaulin or cemented floor in thin layer (5-10 cm). 2) Turn every 2-3 hours for uniform drying. 3) Dry for 5-7 days (depending on sun). 4) Test moisture: Bite test (crisp) or moisture meter. 5) Do not dry on bare soil (contamination). 6) For large scale: mechanical dryers (hot air 40-45°C). 7) Cool seeds before bagging. Target 8-10% moisture.,
linseed,Pesticide,What are the signs of spoilage or pest damage in stored linseed?,Signs of spoilage: 1) Musty or sour smell (mold). 2) Clumping or caking (excess moisture). 3) Discolored seeds (dark brown black). 4) Sprouted seeds. 5) Heating (warm to touch). Pest damage: 1) Holes in seeds. 2) Fine dust/powder at bag bottom. 3) Webbing inside bag. 4) Live insects (weevils moths). 5) Empty seed hulls. Discard severely damaged seed.,
linseed,HarvestTime,What food safety practices should be followed during linseed storage and handling?,1) Never use pesticide-treated seed for oil extraction or consumption. 2) Do not store in containers that held chemicals/fertilizers. 3) Keep storage area clean and rodent-free. 4) Do not consume moldy seeds (may contain mycotoxins). 5) Wash hands after handling stored grain. 6) Use separate storage for seed vs. oilseed for consumption. 7) Follow PHI if field pesticides used. 8) For edible oil extraction use clean undamaged seeds.,
linseed,Weather,How does frost (Quora) affect linseed and how can farmers protect it in Pakistan?,Linseed is moderately frost tolerant at vegetative stage (down to -5°C). Frost at flowering (Feb) causes: 1) Flower drop (complete loss of that flush). 2) Damaged capsules (empty). 3) Stem cracking. Protection: 1) Sow at optimum time to avoid flowering during peak frost (Jan). 2) Irrigate before frost night (water releases heat). 3) Smoke: Burn moist crop residue upwind before dawn. 4) Use frost-tolerant varieties (LS-1).,
linseed,Yield,How does extreme heat (above 40°C) affect linseed production in Pakistan?,Linseed is cool-season crop. Heat above 35°C: 1) Reduces germination (if at sowing). 2) Accelerates maturity (shorter duration). 3) Reduces oil content (42% → 35%). 4) Causes flower abortion. 5) Small shriveled seeds. 6) Increases mite infestation. Avoid late sowing (Dec) that pushes grain filling into March-April heat. In Sindh/South Punjab: sow by Nov 15 maximum.,
linseed,Varieties,What are the drought-tolerant varieties of linseed recommended for rainfed areas of Pakistan?,1) LS-2 (NARC) - developed for rainfed Pothwar. 2) LS-3 (Barani Agricultural Research Chakwal) - early maturing escapes drought. 3) Local landraces from Chakwal/Attock - adapted over generations. 4) R-17 (Sindh) - drought + salt tolerance. These varieties have deeper roots earlier maturity and osmotic adjustment. Yield under rainfed: 6-8 maunds/acre vs 3-5 for non-adapted.,
linseed,Weather,How should a farmer manage linseed during unexpected heavy rainfall or flooding?,1) Immediately stop any irrigation. 2) Ensure drainage: Open channels to remove standing water. 3) If waterlogging <24 hours: plants may recover. 4) If >48 hours: root rot likely - assess survival. 5) After water recedes: apply light N (urea 10-15 kg/acre) for recovery. 6) Monitor for fungal diseases (rust powdery mildew) - prophylactic fungicide spray. 7) For flooded young crop: may need replanting if early season.,
linseed,Weather,What is the effect of fog or cloud cover on linseed growth in winter in Pakistan?,Prolonged fog (Dec-Jan in Punjab): 1) Reduces photosynthesis (low light). 2) Increases humidity (promotes rust and powdery mildew). 3) Delays maturity. 4) Can cause etiolation (stretched weak stems). Management: 1) Wider row spacing (25-30 cm) for air circulation. 2) Preventive fungicide spray before fog period. 3) Avoid dense canopy (no excess N). 4) Use disease-resistant varieties.,
linseed,Weather,How does hailstorm (Oola-bari) damage linseed and what can be done after hail?,Hail damage: 1) Bruised stems (entry point for disease). 2) Shredded leaves. 3) Damaged capsules (seed loss). 4) Lodging (flattened crop). After hail: 1) Do not harvest immediately - wait 5-7 days for recovery assessment. 2) Apply fungicide (Mancozeb) to prevent infection through wounds. 3) Light N spray (1% urea) for recovery. 4) If >70% damage: consider alternative crop (if early season). 5) Report to agriculture department for possible compensation.,
linseed,Varieties,What heat-tolerant varieties of linseed are suitable for hot regions like Sindh and South Punjab?,1) LS-2 - moderate heat tolerance. 2) R-17 - developed for Sindh warmer conditions. 3) K-2 - traditional Sindh variety. 4) For South Punjab: LS-1 performs well if sown by Nov 15. Avoid LS-3 (early but small seeds). Key management: early sowing (Nov 1-15) to complete grain filling before March heat.,
linseed,Irrigation,How should irrigation be adjusted for linseed during drought conditions in Pakistan?,During drought: 1) Prioritize critical stages (branching flowering capsule filling) - irrigate these even if skip others. 2) Apply light irrigations (2-3 acre-inches) rather than heavy - less evaporation. 3) Use furrow irrigation (not flood) - more efficient. 4) Irrigate at night - less evaporation. 5) Mulch with crop residue (3-4 tons/acre) to conserve moisture. 6) If only 1 irrigation possible: apply at flowering (maximum yield response).,
linseed,Cultivation,What climate-smart practices are recommended for linseed farmers in Pakistan?,1) Conservation agriculture: Zero-till/minimum till + residue retention (mulch). 2) Laser land leveling: Saves water improves uniformity. 3) Drought-tolerant varieties (LS-2). 4) Weather-based sowing decisions (use advisory services). 5) Micro-irrigation (drip/sprinkler) where feasible (60% subsidy). 6) Agroforestry: Trees on field boundaries reduce wind speed and evapotranspiration. 7) Crop diversification: Linseed in rotation with climate-resilient crops (millets sorghum).,
linseed,Cultivation,What is the impact of late monsoon or early monsoon on linseed cultivation in Pakistan?,Linseed is Rabi crop (sown Oct-Nov) so monsoon (Jul-Sep) does not directly affect growing crop. However: Late monsoon (rains extending into Oct) delays land preparation and sowing - causes late sowing yield loss. Early monsoon (starting Apr) can damage mature crop (Mar-Apr harvest) causing sprouting in capsules and shattering. Monitor forecasts and harvest promptly if early rains expected.,
linseed,AskingHelp,What government schemes or subsidies are available for linseed farmers in Pakistan?,1) Kisan Card: Subsidized fertilizer (Rs. 1,000-2,000/acre) and seeds. 2) Green Tractor Scheme: 50-70% subsidy on tractors (limited quota). 3) Solar Tube well subsidy: 60% for installation. 4) Drip/Sprinkler irrigation: 60-80% subsidy (PMKSY). 5) Soil testing: Free or Rs. 100/sample at govt labs. 6) Crop insurance: Premium subsidy (30-50%) under Kisan Package. 7) Linseed-specific: Limited but covered under oilseed promotion programs. Contact provincial agriculture department.,
linseed,Varieties,Which research institutes in Pakistan have developed improved linseed varieties?,1) Ayub Agricultural Research Institute (AARI) Faisalabad - developed LS-1. 2) National Agricultural Research Centre (NARC) Islamabad - developed LS-2. 3) Barani Agricultural Research Institute (BARI) Chakwal - developed LS-3. 4) Oilseed Research Program NARC - general linseed improvement. 5) Sindh Agriculture University Tandojam - R-17 and K-2. 6) Pakistan Agricultural Research Council (PARC) - coordination.,
linseed,Cultivation,Where can farmers in Pakistan get certified linseed seed?,1) Punjab Seed Corporation (PSC) - regional offices in Faisalabad Multan Lahore. 2) Provincial Agriculture Department extension centers. 3) Ayub Agricultural Research Institute Faisalabad (direct sale). 4) NARC Islamabad (for LS-2). 5) Barani Agricultural Research Chakwal (for LS-3). 6) Progressive seed dealers (check certification tag). 7) Sindh Seed Corporation (for R-17). Price: Rs. 100-150/kg. Demand certified seed early (Aug-Oct) as limited quantity.,
linseed,AskingHelp,What extension services are available for linseed farmers in Pakistan?,"1) Agriculture Department field staff (Agriculture Officers Field Assistants) - free advice. 2) Kisan Helpline 0800-15000 (Punjab) for queries. 3) SMS advisory services (CropMax Punjab) - weather pest alerts. 4) Farmer field schools (FFS) - hands-on training. 5) Agriculture extension WhatsApp groups (district level). 6) Mobile apps: ""Agriculture Punjab"" ""Kisan Dost"". 7) Radio/TV programs (Zaraat Nama on PBC). 8) Demonstration plots at union council level.",
linseed,AskingHelp,What loans or credit facilities are available for linseed cultivation in Pakistan?,1) ZTBL (Zarai Taraqiati Bank Limited) - Production loans up to Rs. 50,000/acre at markup 10-12%. 2) Bank of Punjab - Kisan Dost scheme. 3) National Bank of Pakistan - Agri loans. 4) Telenor Microfinance Bank (Easypaisa) - small loans. 5) Kisan Card (Punjab) - cash credit for inputs. Requirements: land ownership/lease record CNIC. Loan covers seed fertilizer pesticides. Repay after harvest.,
linseed,AskingHelp,What agricultural insurance is available for linseed crops in Pakistan?,1) PM Crop Insurance Scheme (under Kisan Package) - covers linseed. 2) Premium: 3-5% of sum insured (farmer pays 50% govt subsidy 50%). 3) Coverage: Yield loss >30% due to drought flood hail pests. 4) Claim: Rs. 20,000-50,000/acre depending on coverage. 5) Providers: State Life Insurance Takaful Pakistan. Enrollment before sowing (Oct-Nov). Contact agriculture department for Kisan Card insurance component.,
linseed,Pesticide,Where can a farmer in Pakistan report disease outbreaks or pest attacks on linseed?,1) District Agriculture Office (Extension) - immediate reporting. 2) Plant Protection Department - for locusts/quarantine pests. 3) Kisan Helpline 0800-15000 (Punjab). 4) Agriculture Complaint Cell 0800-30000. 5) Local Agriculture Field Assistant (FA) - village level. 6) WhatsApp groups of agriculture department. 7) Crop Reporting Centre (for statistics). For rust outbreak: report early so advisory can be issued.,
linseed,AskingHelp,What role does the Provincial Agriculture Department play in supporting linseed farmers?,1) Provide extension services (field visits training). 2) Distribute subsidized inputs (seed fertilizer). 3) Soil testing facilities (free/low cost). 4) Pest/disease forecasting and alerts. 5) Subsidy administration (Kisan Card drip irrigation). 6) Organize farmer field days and demonstrations. 7) Link farmers with credit and insurance. 8) Research linkage (recommend improved varieties). 9) Market information and price updates. Contact Provincial Director Agriculture (extension wing).,

matter,Cultivation,What is matter (green peas) and what is its agricultural importance in Pakistan?,Matter (green peas - Pisum sativum) known as Matar is an important rabi vegetable and pulse crop in Pakistan. Its agricultural importance includes: 1) Fresh green peas for vegetable market (high value Rs. 80-150/kg). 2) Dried peas (mature) for dal and pulse flour. 3) Nitrogen fixation (60-80 kg N/ha) improves soil fertility. 4) Short duration (90-110 days) fits in multiple cropping systems. 5) High protein content (20-25%) for nutrition. 6) Fodder for livestock after pod harvest.,
matter,Cultivation,What are the main growing regions of matter (green peas) in Pakistan?,Matter is grown throughout Pakistan but major regions: Punjab: Okara Sahiwal Sialkot Gujranwala Lahore Kasur Sheikhupura Nankana Sahib and rainfed Pothwar (Rawalpindi Attock Chakwal). Sindh: Hyderabad Mirpurkhas Sukkur and Tando Allahyar. KPK: Peshawar Mardan Swat Abbottabad Mansehra. Balochistan: Quetta Pishin Kalat Mastung (spring/summer crop). Gilgit-Baltistan and Kashmir (summer).,
matter,Cultivation,What are the climate and temperature requirements for successful cultivation of matter in Pakistan?,"Matter requires cool temperate climate. Optimum temperature: 15-20°C for vegetative growth, 12-18°C for pod formation. Minimum for germination: 5-7°C. Maximum tolerance: 28°C (above this stops flowering and pod set). Frost at flowering (>-3°C) damages flowers. Requires 400-600mm rainfall or irrigation. Dry weather during harvest essential.",
matter,Cultivation,In which season(s) is matter cultivated in Pakistan (Rabi/Kharif)?,Matter is primarily a Rabi (winter) crop in plains of Pakistan sown October-November and harvested January-March. In high altitude areas (Balochistan KPK hills Gilgit) it is grown as a spring/summer crop (Kharif) sown March-May and harvested June-August. Some areas have off-season cultivation in August-September using tunnels.,
matter,HarvestTime,What is the typical crop duration/life cycle of matter from sowing to harvest?,Typical crop duration is 80-120 days depending on variety and climate. Early varieties: 65-75 days. Medium varieties: 80-95 days. Late varieties: 100-120 days. In warm plains: shorter duration (70-90 days). In cool highlands: longer duration (100-120 days).,
matter,Cultivation,What are the growth stages of matter and what happens at each stage?,1) Germination (0-10 days): Seed absorbs water radicle emerges at 5-10°C. 2) Seedling (10-20 days): First true leaves root development. 3) Vegetative growth (20-45 days): Stem elongation tendrils branching. 4) Flowering (45-65 days): White/pink flowers open for 10-15 days. 5) Pod formation (55-80 days): Pods develop fill with peas. 6) Maturity (80-120 days): Pods turn yellow-brown peas harden. 7) Harvest (green): At 70-80% pod fill.,
matter,Cultivation,How does matter contribute to food security and the farming economy in Pakistan?,"Matter contributes significantly: 1) Provides affordable protein-rich vegetable (Rs. 80-150/kg) for urban/rural populations. 2) Generates income for small farmers (Rs. 150,000-300,000/acre profit). 3) Nitrogen fixation reduces fertilizer need for subsequent crops (wheat). 4) Short duration allows double cropping (pea-wheat or pea-rice). 5) Export potential to Middle East (fresh and frozen). 6) Processing industry (frozen peas canning). 7) Employment during harvesting (20-30 laborers/acre).",
matter,Cultivation,How should land be prepared before sowing matter in Pakistan?,Land should be prepared to fine tilth (seedbed). Sequence: 1) Deep ploughing with disc plough (if hardpan present). 2) 2-3 cultivations with cultivator. 3) Planking after each cultivation. 4) Laser leveling for uniform moisture. 5) Final planking just before sowing. For heavy soils: add 1-2 more cultivations and make raised beds.,
matter,Cultivation,How many ploughings are recommended for land preparation for matter?,4-6 ploughings/tillage passes: 1 deep ploughing (every 2-3 years) + 2-3 cultivator passes + 1-2 plankings. In heavy clay soils: 5-6 passes. In sandy soils: 3-4 passes. Each pass at different angles. Fine seedbed is critical for small seeds.,
matter,Cultivation,What is the role of deep ploughing in matter cultivation?,Deep ploughing (25-30 cm) with disc plough: 1) Breaks hardpan and improves root penetration (roots go 60-90 cm). 2) Enhances water infiltration and drainage (critical for matter). 3) Exposes soil pests to predators. 4) Incorporates crop residues and organic matter. 5) Reduces weed seed bank. Do once every 2-3 years.,
matter,Cultivation,What is the recommended land leveling (Laser Leveling) method before planting matter?,"Laser leveling is highly recommended. Benefits: 1) Uniform irrigation (prevents waterlogging in low spots). 2) Saves 20-30% irrigation water. 3) Improves germination uniformity. 4) Reduces weed patches. Field leveled to ±1 cm variation. Service cost: Rs. 2,000-3,000/acre. Subsidy available through Agriculture Department.",
matter,Cultivation,Should ridges and furrows be made for matter cultivation in Pakistan? How?,Ridges and furrows (raised beds) are highly recommended especially for heavy soils and winter rainfall areas. Method: 1) Make 45-60 cm wide beds. 2) Sow 2 rows on each bed (30-45 cm apart). 3) Furrow depth 15-20 cm. Benefits: prevents waterlogging improves drainage reduces root rot and makes harvesting easier. Essential in clay soils.,
matter,HarvestTime,How should previously harvested crop residue be managed before planting matter?,1) If previous crop was cereal (wheat rice maize): incorporate stubble by shallow ploughing. 2) Avoid planting matter after other legumes (gram lentil beans) - minimum 3-4 year rotation. 3) Remove or deeply bury pea residues after harvest (disease carryover). 4) For rice stubble: manage with disc harrow + cultivator. 5) Do not burn residue - incorporate for organic matter.,
matter,Irrigation,What pre-sowing irrigation (Raunni) is required for matter land preparation?,"Pre-sowing irrigation (raunni) given 15-20 days before sowing when soil moisture is low. Apply 3-4 acre-inches water. After irrigation: allow soil to reach field capacity then cultivate when moisture at ""good tilth"" (soil crumbles but does not stick). Saves 1-2 irrigations during crop growth. Essential for rainfed areas.",
matter,Cultivation,What implements and machinery are used for land preparation for matter in Pakistan?,1) Disc plough (deep ploughing). 2) Cultivator (2-3 passes). 3) Disc harrow (clod breaking in heavy soils). 4) Rotavator (fine seedbed - use moderately). 5) Plank (leveling and moisture conservation). 6) Laser land leveler. 7) Ridger/bed planter (for raised beds). 8) Rotary tiller (for seedbed).,
matter,Cultivation,How many days before sowing should land preparation begin for matter?,Start land preparation 15-20 days before sowing. Timeline: Day 1: deep ploughing (if needed). Day 2-5: first cultivation + planking. Day 7-10: second cultivation + planking. Day 12-14: pre-sowing irrigation (if needed). Day 15-18: final cultivation + planking + bed making. Day 18-20: sowing.,
matter,Cultivation,How does land preparation differ for irrigated vs. rainfed (Barani) matter cultivation?,"Irrigated: finer seedbed required, laser leveling important, ridges for heavy soils, pre-sowing irrigation optional. Rainfed (Barani): focus on moisture conservation - fewer cultivations (3-4 passes), deep ploughing for water storage, no pre-sowing irrigation (preserve soil moisture), rougher seedbed to reduce evaporation, mulching with crop residue. Also use drought-tolerant varieties.",
matter,Cultivation,What is the recommended seed rate (kg/acre) for matter in Pakistan?,Recommended seed rate: 40-50 kg/acre for fresh green pea production. For dried peas (dal): 35-40 kg/acre. For rainfed areas: 50-60 kg/acre (compensates for poor germination). For small-seeded varieties: 35-40 kg/acre. For bold-seeded varieties: 45-55 kg/acre. Seed treatment essential.,
matter,Cultivation,What is the optimum row spacing and plant spacing for matter in Pakistan?,"Row spacing: 30-45 cm (12-18 inches). For bush varieties: 30 cm. For climbing/tall varieties: 45 cm. Plant to plant spacing: 5-10 cm after thinning. On beds: 2 rows per bed (45 cm bed). Target plant population: 250,000-300,000 plants per acre. Closer spacing for green peas (higher pod density).",
matter,Cultivation,What is the recommended sowing depth for matter seeds in Pakistan?,Sowing depth: 3-5 cm (1.5-2 inches). In sandy soils: 5-6 cm. In heavy soils: 2-3 cm. Deeper than 6 cm reduces emergence. Shallower than 2 cm risks drying out or bird damage. Seed should be placed in moist soil but not too deep. Cover with soil and light planking.,
matter,Cultivation,What sowing method is best for matter — broadcast (Chatha) drill dibbling or transplanting?,Drill sowing is best: 1) Uniform depth and spacing. 2) Seed saving (20-30% less seed). 3) Better germination. 4) Easier weed control. 5) Higher yield (15-20% more). 6) Good for mechanized harvesting. Broadcasting (chatha) is traditional but inefficient. Dibbling is labor intensive. Transplanting not practiced for peas.,
matter,Weather,How should matter be sown after a previous crop (e.g. rice-wheat or cotton-wheat system)?,1) After rice: Use zero-till drill to sow peas into rice stubble. Allow 7-10 days for field to dry after rice harvest. 2) After cotton/wheat: Conventional tillage with 2-3 cultivations. 3) Ensure no herbicide carryover (pendimethalin from rice/wheat can damage peas - check labels). 4) In rice-wheat system peas can be relay cropped 10-15 days before wheat harvest. 5) Matter after maize: excellent rotation.,
matter,Cultivation,Can matter be sown using zero-till or minimum-till techniques in Pakistan?,"Yes zero-till is successful for matter especially after rice. Benefits: 1) Saves 15-20 days and Rs. 3,000-4,000/acre land prep. 2) Moisture conservation. 3) Earlier sowing by 10-15 days. 4) Reduced weed pressure. Use zero-till drill with inverted T-type furrow opener. Seed rate: increase by 10-15% (45-55 kg/acre). Apply pre-emergence herbicide.",
matter,Cultivation,What equipment or tools (Seed Drill Planter) are used for sowing matter in Pakistan?,1) Conventional seed drill (most common) - 9-11 row. 2) Zero-till drill (for after rice). 3) Bed planter (for ridge sowing). 4) Vegetable planter (precision). 5) Manual dibbler (small farms). 6) Pora (traditional wooden drill). Calibrate drill for 40-50 kg/acre seed rate. Row spacing 30-45 cm.,
matter,HarvestTime,What are all the major crop management activities for matter from sowing to harvest?,Timeline: 0-10 days: sowing seed treatment. 10-20 days: germination check gap filling first irrigation. 20-30 days: first weeding inter-cultivation Rhizobium nodulation check. 30-40 days: second weeding vegetative growth. 40-50 days: flowering stage - irrigation pest monitoring (aphids). 50-65 days: pod formation - second irrigation disease monitoring (powdery mildew). 65-80 days: pod filling - late irrigation if needed. 80-100 days: harvest (green or dry).,
matter,Cultivation,What is the complete activity calendar (timeline) for matter cultivation in Pakistan?,October: land preparation (15-30 Oct). November: sowing (1-20 Nov). November-December: germination emergence gap filling (15 Nov-10 Dec) first irrigation (20-30 Nov). December: first weeding (1-15 Dec) inter-cultivation (15-31 Dec). January: second weeding (1-15 Jan) flowering (15-31 Jan) irrigation. February: pod formation (1-20 Feb) pest/disease monitoring. March: pod filling (1-15 Mar) late irrigation. March-April: harvest green (15 Mar-15 Apr) or dry (Apr).,
matter,Cultivation,When should thinning (Gidai) be done in matter cultivation and how?,Thinning at 15-20 days after sowing when plants are 8-10 cm tall. Method: 1) Remove excess plants to achieve spacing 5-10 cm between plants. 2) Keep healthier vigorous plants. 3) Remove weak diseased and damaged seedlings. 4) Do not disturb roots of retained plants. 5) Irrigate lightly after thinning. Target population: 250,000-300,000 plants/acre. Overcrowding leads to poor air circulation and disease.,
matter,Cultivation,When should earthing up (Mitti charhana) be done for matter and why?,Earthing up is generally not required for bush pea varieties. For climbing/tall varieties: light earthing up at 25-30 days. Method: pull soil around base of plants (5-10 cm high). Benefits: 1) Supports stems (reduces lodging). 2) Covers weeds. 3) Improves drainage. 4) Provides support for trellising (if used). Not practiced for bush peas.,
matter,Cultivation,How should inter-cultivation (Godi) be done in matter fields?,Inter-cultivation at 25-30 days and 40-45 days after sowing. Method: 1) Use hand hoe (khurpa) or wheel hoe. 2) Cultivate between rows at 5-8 cm depth. 3) Avoid damaging plant roots. 4) Also breaks soil crust removes weeds aerates soil. 5) Bring soil slightly toward plants (light earthing). For large areas: use cultivator with adjustable tines set to avoid plants.,
matter,Cultivation,What is the process of transplanting matter seedlings (if applicable) and when should it be done?,Transplanting is NOT practiced for peas in Pakistan. Peas are always direct seeded due to: 1) Sensitive taproot - transplanting shock reduces yield. 2) Short growing season. 3) Higher cost not justified. Use direct seeding only.,
matter,Cultivation,What is the optimal plant population per acre for matter in Pakistan?,Optimal plant population: 250,000-300,000 plants per acre (60-75 plants per square meter). For bush varieties: 280,000-320,000 plants/acre (higher density). For climbing varieties: 200,000-250,000 plants/acre (more space needed). Achieve by: seed rate 40-50 kg/acre + thinning. Higher population causes lodging and more disease (powdery mildew). Lower population reduces yield.,
matter,Cultivation,How is gap filling done in matter cultivation if germination is poor?,Gap filling at 10-15 days after sowing. Method: 1) Pre-soak seeds for 4-6 hours (for gap filling only). 2) Dibble 2-3 seeds per gap (missing plant area). 3) After emergence thin to 1-2 plants per gap. 4) Irrigate lightly after gap filling. 5) If gaps >30%: consider replanting (if early enough). Use same variety as original sowing.,
matter,Cultivation,When and how should staking or support be provided to matter plants?,Staking is needed for climbing/tall varieties (e.g. Rando Climax). Method: 1) Install bamboo stakes or wooden poles at row ends. 2) Stretch twine or plastic netting between poles (30-40 cm above ground). 3) Provide second tier at 60-70 cm. 4) For bush varieties (Meteor Peas-2009): no staking needed - they are self-supporting (30-45 cm tall). Staking improves air circulation and pod quality.,
matter,Cultivation,What is pinching or pruning in matter and when should it be done?,Pinching (removal of apical meristem) is NOT recommended for peas. It reduces yield and delays maturity. Peas naturally stop growing after flowering. Some growers remove lower leaves at 40 days to improve air circulation (reduces mildew) - but not standard practice.,
matter,Cultivation,How should matter be managed during flowering to maximize fruit/grain set?,1) Ensure adequate soil moisture (irrigate if dry). 2) Avoid pesticide sprays during peak flowering (9 AM-4 PM) to protect bees and natural pollinators. 3) Provide boron (foliar 0.1% boric acid) at bud stage if deficient. 4) Protect from frost (irrigation before frost night or smoke). 5) Manage aphids (honeydew interferes with pollination). 6) Avoid overhead irrigation which washes pollen. 7) Provide support for tall varieties.,
matter,Cultivation,What is the process of ratooning (Munda) for matter in Pakistan? Is it recommended?,Ratooning is NOT recommended for peas. Unlike sugarcane peas do not regrow after harvest. Secondary growth is poor low yielding and disease-prone. Always plant fresh seed each season. For multiple harvests: plant early varieties in succession (every 15 days).,
matter,Yield,How does crop canopy management improve yield of matter?,Canopy management: 1) Optimum plant population (250,000-300,000 plants/acre) prevents overcrowding. 2) Proper row spacing (30-45 cm) allows light penetration and air circulation. 3) Avoid excess N which causes dense canopy and powdery mildew. 4) Inter-cultivation improves air circulation reducing disease. 5) For tall varieties: staking keeps canopy open. Good canopy = healthy plants + high pod yield.,
matter,Cultivation,What field monitoring activities should a farmer do weekly during matter season?,Weekly monitoring: 1) Germination % (first 2 weeks). 2) Plant stand and gaps. 3) Nodulation check (dig up roots - look for pink nodules at 30 days). 4) Weed presence and type. 5) Pest scouting: aphids (check young shoots and flowers) whitefly thrips. 6) Disease signs: powdery mildew (white powder on leaves) rust (orange pustules) root rot (yellowing). 7) Nutrient deficiency symptoms. 8) Soil moisture. Record observations.,
matter,Varieties,What are the most commonly grown varieties of matter (green peas) in Pakistan?,Commonly grown varieties include: 1) Climax (medium maturity high yield). 2) Meteor (early maturing 65-70 days). 3) Green King (dark green pods). 4) Rando (late maturing for high hills). 5) Local Desi (small seeded drought tolerant). 6) Peas 2009 (Ayub Research). 7) Spring Pea (for KPK and Balochistan). Traditional varieties are low-yielding (30-40 maunds/acre).,
matter,Varieties,What are the improved and recommended varieties of matter approved by Pakistani agricultural research institutes?,Improved varieties approved by PARC/NARC/Ayub Research: 1) Peas-2009 (Ayub Research Faisalabad) - high yield 60-70 maunds/acre early maturing 80 days powdery mildew tolerant. 2) Meteor (NARC) - very early 65-70 days for plains. 3) Climax (AARI) - medium 85-90 days high pod yield. 4) Green King (Vegetable Research Institute Sahiwal) - dark green export quality. 5) Rando (for high altitude). 6) PF-400 (Peshawar). 7) Samrina Zard (yellow seeded for dal).,
matter,Varieties,What are the early-maturing medium-maturing and late-maturing varieties of matter available in Pakistan?,"Early-maturing (65-75 days): Meteor, Peas-2009, Early Badger. Medium-maturing (80-95 days): Climax, Green King, PF-400. Late-maturing (100-120 days): Rando, Local Desi (hills), Spring Pea (for cool summers). Early varieties suitable for plains and double cropping. Late varieties for high altitudes (Balochistan, KPK hills, Gilgit).",
matter,Soil,What type of soil is best suited for growing matter in Pakistan?,Well-drained loamy or sandy loam soil rich in organic matter is best. Deep fertile soils (45-60 cm depth) with pH 6.0-7.5. Avoid heavy clays (poor drainage) and very sandy soils (low water holding). Matter is sensitive to waterlogging. Ideal soil has good aeration for nodulation.,loamy
matter,Soil,What is the ideal soil pH range for matter cultivation in Pakistan?,Ideal pH range is 6.0 to 7.5 (slightly acidic to neutral). Matter can tolerate pH 5.5-8.0 but yields decline below 5.5 (aluminum toxicity) and above 8.0 (iron and manganese deficiency). At high pH >7.5: Rhizobium bacteria activity reduced - fix less nitrogen.,loamy
matter,Soil,What soil texture (loamy sandy clayey) is most suitable for matter?,Sandy loam and loam are most suitable - provide good drainage aeration and root penetration. Sandy soils: require frequent irrigation and organic matter addition. Clayey soils: problematic due to poor drainage (root rot) and crusting (poor emergence). Silty loam is also good.,loamy
matter,Soil,Can matter be grown on saline or sodic soils (Kallar) in Pakistan? What are the precautions?,Matter is salt-sensitive (ECe <2 dS/m). Not recommended on saline or sodic soils. If unavoidable: 1) Apply gypsum at 100% GR. 2) Heavy leaching before sowing. 3) Use raised beds. 4) Add FYM 15-20 tons/acre. 5) Use salt-tolerant varieties (none specifically for matter). 6) Better to avoid - choose salt-tolerant crops like barley or sugarbeet.,saline
matter,Soil,What soil drainage conditions are required for matter?,Excellent drainage is critical. Matter is highly sensitive to waterlogging - even 24-48 hours of standing water causes root death yellowing and plant death. Raised beds (30-45 cm high) essential in heavy soils or high rainfall areas. Good drainage also prevents root rot diseases.,clay
matter,Soil,How does soil organic matter content affect the yield of matter?,Higher organic matter (1.5-3%) improves: 1) Water holding capacity. 2) Nutrient availability (especially N P S). 3) Soil structure and root penetration. 4) Beneficial Rhizobium bacteria activity (better nodulation). 5) Drought tolerance. Every 0.5% increase in OM can boost yield by 2-4 maunds/acre.,loamy
matter,Soil,What soil testing should a farmer do before planting matter in Pakistan?,Essential soil tests: 1) pH and EC (salinity). 2) Organic matter. 3) Available P (Olsen P) - critical for pea. 4) Available K. 5) Micronutrients: Boron (B) and Zinc (Zn) for sandy/alkaline soils. 6) Soil texture. 7) Previous crop (avoid after other legumes). Sample depth: 6-9 inches. Send to provincial soil testing lab (free or low cost).,loamy
matter,Soil,How should soil fertility be maintained or improved for repeated cultivation of matter?,1) Crop rotation: matter after cereals (wheat maize) - not after other legumes (gram lentil) to avoid disease buildup. 2) Apply FYM/compost 10-15 tons/acre every 2-3 years. 3) Green manuring before matter. 4) Balanced P and K fertilization (no N needed due to fixation). 5) Inoculate seed with Rhizobium bacteria. 6) Incorporate crop residues (not pea residues).,loamy
matter,Soil,What are the signs of poor or unsuitable soil for matter cultivation?,Signs: 1) Water pooling after rain/irrigation (poor drainage). 2) White salt crust (saline). 3) Stunted yellow plants (N deficiency or waterlogging). 4) Poor nodulation (no pink nodules on roots - low Rhizobia). 5) Cracked clay soil surface. 6) Poor germination and seedling death (soil crusting or salinity).,loamy
matter,Soil,What soil preparation practices improve the structure and health of soil for matter?,1) Deep ploughing (25-30 cm) every 2-3 years. 2) Add organic matter (FYM 10-15 tons/acre). 3) Green manuring 6-8 weeks before sowing. 4) Gypsum application for sodic soils. 5) Laser leveling for uniform irrigation and drainage. 6) Avoid excessive tillage which destroys soil structure. 7) Raised bed preparation for heavy soils.,loamy
matter,SowingTime,When is the best time to sow matter in Punjab Pakistan?,Optimum sowing: October 15 to November 15. North/Central Punjab (Lahore Faisalabad Gujranwala): Oct 20-Nov 10. South Punjab (Multan Bahawalpur): Nov 1-20. Early sowing (Oct) risks high temperature poor germination. Late sowing (Dec) reduces yield due to heat during pod filling. Rainfed areas: Oct 15-30.,
matter,SowingTime,When is the best time to sow matter in Sindh Pakistan?,Sindh: October 15 to November 30. Upper Sindh (Sukkur Jacobabad): Oct 25-Nov 15. Lower Sindh (Hyderabad Mirpurkhas): Nov 1-30. Warmer climate allows later sowing. Avoid December sowing as high temperatures during pod development reduce quality. For spring crop in cooler areas: Jan-Feb.,
matter,SowingTime,When is the best time to sow matter in KPK Pakistan?,KPK: October 1 to November 15. Peshawar valley: Oct 15-Nov 15. Dera Ismail Khan: Nov 1-20. Higher elevations (Swat Abbottabad Mansehra): March-April (spring crop) - sow when frost risk passes. Use cold-tolerant varieties for late sowing. Spring crop harvest June-July.,
matter,SowingTime,When is the best time to sow matter in Balochistan Pakistan?,Balochistan: Two seasons. Plains (Sibi Naseerabad): Oct 15-Nov 30 (winter crop). Highlands (Quetta Pishin Kalat): March-April (spring crop) - sow after last frost (mid-March). Summer crop in high valleys: May-June. Use appropriate varieties for each season (early for spring).,
matter,SowingTime,When is the best time to sow matter in South Punjab (Multan Bahawalpur DG Khan)?,South Punjab: November 1 to November 20. Warmer winter allows later sowing. Sow by Nov 20 maximum. Delay to December reduces yield 1-2% per day due to heat stress. Heat-tolerant varieties recommended. For early market: sow Oct 25-Nov 5.,
matter,SowingTime,What happens if matter is sown too early or too late in Pakistan?,Too early (September-early October): 1) High temperatures (>30°C) reduce germination. 2) Vegetative growth excessive. 3) Flowering in warm weather - poor pod set. 4) More pest pressure (aphids). Too late (December onward): 1) Shortened growing season. 2) Heat stress during pod filling - small shriveled peas. 3) Lower yield (40-60% loss). 4) Poor quality (tough fibrous pods).,
matter,SowingTime,How does sowing time affect the yield and quality of matter?,Yield: Each week delay after Nov 15 reduces yield by 5-10%. Optimum Nov sowing gives 60-80 maunds/acre. December sowing gives 30-40 maunds. Quality: Late sowing produces small tough peas with lower sugar content (less sweet). Early sowing (Oct) may give good yield but risk of frost damage at flowering in northern areas.,
matter,Cultivation,What seed treatment (Zahar-alood) should be done before sowing matter in Pakistan?,Seed treatment is essential for matter: 1) Rhizobium inoculation (for nitrogen fixation). 2) Fungicide for seed-borne diseases (Fusarium Pythium). 3) Insecticide for early pests. 4) Micronutrient coating (optional). Treat seeds 24-48 hours before sowing. Use 20-30 ml water per kg seed for uniform coating.,
matter,Soil,Which fungicide is recommended for seed treatment of matter to prevent soil-borne diseases?,Recommended fungicides: 1) Carbendazim (Bavistin) 2g per kg seed. 2) Thiram 2.5g per kg seed. 3) Captan 2g per kg. 4) Metalaxyl (Apron) 2g per kg - effective against Pythium and Phytophthora. 5) Tebuconazole (Raxil) 1.5ml per kg. These control seed-borne Fusarium wilt and root rot. For severe disease history: double the dose.,
matter,Pesticide,Which insecticide is recommended for seed treatment of matter to protect against early pests?,1) Imidacloprid (Confidor) 5ml per kg seed - controls early aphids and thrips up to 30 days. 2) Chlorpyrifos 2-3ml per kg - for termites. 3) Thiamethoxam (Cruiser) 4ml per kg - broad spectrum. 4) Carbofuran (Furadan) 3G 5g per kg - for soil pests (highly toxic - handle with care). For termite-prone areas use chlorpyrifos.,
matter,Cultivation,What is the process of seed treatment for matter — dose method and timing?,Process: 1) Calculate seed quantity (40-50 kg/acre). 2) Mix required fungicide + insecticide + Rhizobium in 200-300ml water per kg seed (for Rhizobium use jaggery solution). 3) Spread seeds on clean polythene sheet. 4) Pour solution gradually while mixing manually (wear gloves). 5) Ensure uniform coating. 6) Dry in shade for 1-2 hours (not direct sun). 7) Sow within 24-48 hours.,
matter,Cultivation,Should matter seeds be soaked in water before sowing? For how long?,Soaking is NOT recommended for peas. Soaked seeds: 1) Swell and become soft - prone to breakage during drilling. 2) Rot in cold wet soil. 3) Attract birds and rodents. 4) Lose vigor if not sown immediately. Dry seed treatment followed by direct sowing is best.,
matter,Cultivation,How does seed treatment affect germination rate and early growth of matter?,Seed treatment increases germination from 60-70% (untreated) to 85-95% (treated). Rhizobium inoculation: 1) Forms nodules on roots (visible pink nodules at 30-40 days). 2) Fixes 60-80 kg N per acre. 3) Reduces N fertilizer need by 100%. 4) Dark green leaves and vigorous growth. Fungicide protects from damping off. Result: 20-30% higher yield potential.,
matter,Cultivation,What is bio-priming or microbial seed treatment for matter in Pakistan?,Bio-priming involves treating seeds with beneficial microbes: 1) Rhizobium leguminosarum (specific for peas) - 1 packet (500g) for 20-25 kg seed. 2) PSB (Phosphorus Solubilizing Bacteria) - 1 packet for 10 kg seed. 3) Trichoderma harzianum (bio-fungicide) - 5g per kg seed. Mix with jaggery solution (50g jaggery in 1L water) as adhesive. Dry in shade. Reduces chemical fertilizer need by 25-50%.,
matter,HarvestTime,How should treated matter seed be stored before sowing?,Treated seeds should be sown within 24-48 hours maximum. Do not store treated seeds for more than 7 days as fungicides degrade and Rhizobia die. If storage unavoidable: keep in cool dry place (10-15°C) in breathable (not plastic) bags. Never mix treated seeds with untreated seeds. Rhizobium-treated seeds are especially sensitive to heat.,
matter,Cultivation,What are the safety precautions when doing seed treatment for matter?,1) Wear gloves and mask. 2) Do not eat/drink during treatment. 3) Treat in well-ventilated area. 4) Wash hands thoroughly after treatment. 5) Keep treated seed away from children and livestock. 6) Dispose empty chemical containers properly (triple rinse then crush). 7) Do not use treated seed for consumption. 8) Store chemicals separately.,
matter,Pesticide,What are the major weeds (Khar-palwar) found in matter fields in Pakistan?,"Major weeds: Broadleaf: 1) Bathu (Chenopodium album). 2) Maina (Asphodelus tenuifolius). 3) Peeli Buti (Fumaria parviflora). 4) Lehli (Sonchus asper). 5) Jangli palak (Rumex dentatus). 6) Kandiar (Convolvulus arvensis). Grasses: 1) Wild oat (Avena fatua) - most problematic. 2) Phalaris minor (Dumbi sitti). 3) Cyperus rotundus (Deela). 4) Cynodon dactylon (Khabbal grass).""",
matter,Pesticide,What is the critical period of weed competition in matter cultivation?,Critical period: 15 to 50 days after sowing (from seedling to flowering). Weeds competing during this period cause 50-80% yield loss. First 30 days are most critical. Keep weed-free during this window. After 50 days pea canopy closes and suppresses late weeds.,
matter,Pesticide,How does weed competition affect the yield of matter in Pakistan?,Weed competition can reduce yield by 50-80%. Heavy infestation: yield drop from 70 maunds to 15-20 maunds/acre. Grassy weeds (wild oat) are more damaging than broadleaf. Weeds compete for: water (critical in rainfed) nutrients (especially N) light and space. Also harbor pests (aphids) and increase humidity (powdery mildew).,
matter,Pesticide,What are the recommended herbicides (Zahar) for weed control in matter in Pakistan?,1) Pre-emergence: Pendimethalin (Stomp) 500-600ml/acre or Trifluralin (Treflan) 400-500ml/acre. 2) Pre-plant incorporated: Trifluralin. 3) Post-emergence (broadleaf): MCPA 300-400ml/acre (apply before flowering). 4) Post-emergence (grasses): Quizalofop (Topik) 300ml/acre or Fenoxaprop (Puma) 400ml/acre. DO NOT use 2,4-D on peas - severe damage (leaf curling pod malformation).,
matter,Pesticide,What pre-emergence herbicides are used for matter weed control?,Pre-emergence (apply within 3 days of sowing before weed emergence): 1) Pendimethalin (Stomp) 500-600 ml/acre - effective on grasses and small-seeded broadleaf weeds. 2) Trifluralin (Treflan) 400-500 ml/acre - incorporate into top 5-8 cm soil within 24 hours. 3) Linuron 300-400g/acre - for broadleaf weeds. Apply on moist soil. Do not use on sandy soils (leaching risk).,
matter,Pesticide,What post-emergence herbicides are used for matter weed control?,Post-emergence (apply at 20-30 days after sowing before flowering): For broadleaf weeds: MCPA 300-400 ml/acre at 3-5 leaf stage of weeds. For grassy weeds: Quizalofop ethyl (Topik) 300ml/acre or Fenoxaprop (Puma) 400ml/acre. DO NOT use 2,4-D (causes severe pod distortion). Do not spray after bud formation (45 days) as it may affect flowers and pods.,
matter,Pesticide,What is the correct dose and timing of herbicide application in matter?,Pendimethalin: 500-600 ml/acre within 3 days of sowing. MCPA: 300-400 ml/acre at 20-30 days (weed 3-5 leaf). Quizalofop: 300ml/acre at 20-30 days for grass weeds. Use 100-120 liters water/acre. Flat fan nozzle. Apply in morning when no wind/rain. Do not spray after flowering.,
matter,Pesticide,How should manual weeding (Khurpa/Godi) be done in matter fields?,Manual weeding: 1st weeding at 20-25 days (after thinning). 2nd weeding at 40-45 days (before flowering). Method: 1) Use khurpa (hand hoe) to cut weeds just below soil surface. 2) Remove weeds from field (don't leave uprooted weeds). 3) Be careful not to disturb pea roots and nodules. 4) Weeding also aerates soil. Labor requirement: 20-30 person-days/acre for two weedings.,
matter,Pesticide,How many manual weedings are recommended for matter cultivation in Pakistan?,Two manual weedings are recommended: 1st at 20-25 days after sowing. 2nd at 40-45 days after sowing. In low weed pressure areas: one weeding at 25-30 days may suffice. In heavy weed infestation: two weedings + pre-emergence herbicide. Rainfed areas: timely weeding critical due to limited moisture.,
matter,Pesticide,What mechanical methods (Weeders) can be used for weed control in matter?,1) Wheel hoe (hand-operated) - for row spacing 30-45 cm. 2) Tractor-drawn cultivator with adjustable tines - for large fields (set to avoid plant rows). 3) Cono-weeder (for narrow rows). Mechanical weeding at 25-30 and 40-45 days. Inter-cultivation should be shallow (5-8 cm) to avoid root damage. Followed by manual removal of intra-row weeds.,
matter,Pesticide,How can mulching help control weeds in matter cultivation?,Mulching is effective for peas: 1) Straw mulch (wheat/rice) at 3-4 tons/acre applied after sowing suppresses weeds. 2) Reduces weed germination by blocking light. 3) Also conserves soil moisture (valuable for rainfed). 4) Plastic mulch (black) - effective for high-value early crop but not economical for open field. 5) Crop residue from previous season can be left as surface mulch.,
matter,Pesticide,What safety precautions should be taken when applying herbicides to matter?,1) Wear PPE (gloves mask goggles). 2) Read label instructions. 3) Calibrate sprayer correctly. 4) Do not spray on windy days (drift damages nearby crops). 5) Avoid application before rain. 6) Clean equipment thoroughly after use. 7) Dispose containers properly. 8) Observe pre-harvest interval (PHI - usually 30-40 days). 9) Do not enter field for 24 hours after spraying. 10) Specifically: NEVER use 2,4-D on peas.,
matter,Pesticide,What are the major insect pests of matter in Pakistan?,Major pests: 1) Pea aphid (Acyrthosiphon pisum) - most damaging. 2) Pea weevil/bruchid (Bruchus pisorum) - in stored seeds. 3) Thrips (Thrips tabaci). 4) Cutworm (Agrotis spp.) - seedling stage. 5) Armyworm (Spodoptera exigua). 6) Pod borer (Helicoverpa armigera) - occasional. 7) Leaf miner (Liriomyza spp.). 8) Red spider mite (Tetranychus spp.) - in dry hot conditions.,
matter,Pesticide,What is the economic threshold level (ETL) for major pests of matter in Pakistan?,Pea aphid: 30-50 per plant or 20% plants infested. Thrips: 10-15 per plant. Cutworm: 2-3 cut seedlings per square meter. Pod borer: 5-10% pods infested. Armyworm: 3-4 larvae per square meter. Spray only when ETL reached (avoid unnecessary pesticides to protect pollinators and natural enemies).,
matter,Pesticide,How can I identify sucking pests (aphids whitefly thrips jassids) attacking matter?,Aphids: Small (2-3mm) pear-shaped green/pink/black insects in colonies on young shoots leaves and flower buds. Sticky honeydew + sooty mold. Whitefly: Tiny white winged insects fly when plant disturbed. Yellow leaves. Thrips: Tiny (1mm) slender yellow/brown insects. Silvery streaks on leaves and pods. Jassids: Pale green wedge-shaped insects. Leaves curl downward with white edges (hopperburn).,
matter,Pesticide,What damage does the stem borer cause to matter and how to identify it?,Stem borer (rare in peas). Damage: Larva bores into stem causing wilting of terminal shoot. Plant may break at bored point. Identification: Small hole near base frass (sawdust) around hole. Control: Remove and destroy affected plants. Not common in Pakistan peas.,
matter,Pesticide,What damage does the fruit borer / bollworm cause to matter and how to identify it?,Pod borer (Helicoverpa armigera) - same as cotton bollworm. Damage: Larvae bore into pods eat developing peas. Identification: Holes in pods frass (black droppings) outside. Larvae green/brown with stripes. Pods shriveled with missing peas. More common in late crop (February-March). Control: Emamectin benzoate or Spinosad.,
matter,Cultivation,What damage does the leaf miner cause to matter and how to identify it?,Leaf miner (Liriomyza spp.) - occasional. Damage: Larvae tunnel between leaf surfaces creating winding white mines. Identification: Blistered appearance white serpentine trails on leaves. Severely mined leaves turn yellow and drop. Control: Remove affected leaves. Cyromazine or Abamectin if severe.,
matter,Pesticide,What damage do armyworms / cutworms cause to matter seedlings in Pakistan?,Cutworms: Larvae cut seedlings at ground level at night. Damage: Plants fall over as if cut by knife. Patchy missing plants. Armyworms: Defoliation - skeletonized leaves. Large larvae eat entire leaves. Identification: Larvae curled (C-shape) when disturbed in soil near damaged plants. Control: Chlorpyrifos drench around base.,
matter,Pesticide,What damage does the whitefly cause to matter and how to identify infestation?,Whitefly damage: 1) Suck sap causing yellowing and stunting. 2) Honeydew leads to sooty mold (black coating on leaves) reducing photosynthesis. 3) Vector of viral diseases (rare in peas). Identification: Tiny white moths fly up when plant disturbed. Yellow sticky traps. Lower leaf yellowing. Sooty mold on upper leaves.,
matter,Pesticide,What damage does the red spider mite cause to matter and when does it appear?,Red spider mite (Tetranychus spp.) - appears in dry hot conditions (Feb-March late season). Damage: Stippling (tiny yellow/white spots) on leaves. Severe: leaves turn bronze/brown and dry. Fine webbing on underside of leaves. Identification: Tiny red dots (mites) visible with hand lens. Shake leaf over white paper - moving specks. Control: Abamectin or Fenpyroximate. Avoid pyrethroids.,
matter,Pesticide,How do locusts and grasshoppers damage matter in Pakistan?,Locusts (desert locust) and grasshoppers: 1) Defoliation - eat entire leaves and pods. 2) Can completely destroy crop in hours during swarms. 3) Grasshoppers cause irregular chewing damage. Identification: Presence of insects. Droppings on leaves. Control: Chlorpyrifos or Deltamethrin. District agriculture department issues alerts.,
matter,Pesticide,What are the signs of termite infestation in matter fields?,Signs: 1) Dried dead plants that pull out easily with no roots. 2) Mud tubes on plant stems near base. 3) Hollowed stems. 4) White/cream insects inside roots/stem when dug up. 5) Patchy plant death. More common in rainfed areas and fields with crop residues. Control: Chlorpyrifos seed treatment or soil drench.,
matter,Pesticide,What are the signs of nematode infestation in matter roots in Pakistan?,Root knot nematode (Meloidogyne spp.): Signs: 1) Galls (swellings) on roots (like beads). 2) Stunted yellow plants. 3) Wilting during day even with moisture. 4) Poor nodulation. More common in sandy soils. Control: Crop rotation (with marigold or cereals). Apply nematicides (Carbofuran) only if severe. Soil solarization.,
matter,Pesticide,How does the pest population in matter vary across different regions of Pakistan?,Aphids: Severe in Pothwar (Punjab) and KPK - peak January-February. Thrips: More in Sindh and South Punjab (warmer). Cutworms: Problem in all rainfed areas. Mites: Late season (Feb-Mar) in Sindh and South Punjab. Pod borer: More in areas near cotton (Multan Bahawalpur). Whitefly: More in Sindh.,
matter,Pesticide,What pests are more severe for matter during the Kharif season?,Summer matter (high altitude only): 1) Aphids (severe). 2) Mites (in dry periods). 3) Thrips. 4) Pod borer (Helicoverpa). 5) Armyworm. Cooler night temperatures reduce some pest pressure compared to plains.,
matter,Pesticide,What pests are more severe for matter during the Rabi season?,Rabi (winter) pests: Aphids (most severe Nov-Feb). Thrips (Dec-Feb). Cutworms (Nov-Dec on seedlings). Whitefly (Nov-Jan in warmer areas). Pod borer (Feb-March late crop). Mites (Feb-Mar late season). Aphid population peaks in January-February when temperatures are moderate.,
matter,Pesticide,What pesticides are recommended for controlling aphids in matter in Pakistan?,1) Imidacloprid (Confidor) 250ml/acre. 2) Thiamethoxam (Actara) 80g/acre. 3) Acetamiprid 200g/acre. 4) Dimethoate (Rogor) 400ml/acre. 5) Malathion 500ml/acre (less toxic to pollinators - use when bees not active). 6) Natural: Neem oil (2-3 L/acre). Alternate products to avoid resistance. Spray when ETL reached (30-50 aphids/plant).,
matter,Pesticide,What pesticides are recommended for controlling whitefly in matter in Pakistan?,1) Imidacloprid 250ml/acre. 2) Pyriproxyfen (Planter) 200ml/acre (insect growth regulator). 3) Buprofezin (Applaud) 300g/acre. 4) Diafenthiuron (Polo) 300ml/acre. 5) Spirotetramat (Movento) 150ml/acre - systemic. Add mineral oil (300ml/acre) as adjuvant. Rotate modes of action. Use yellow sticky traps for monitoring.,
matter,Pesticide,What pesticides are recommended for controlling thrips in matter in Pakistan?,1) Spinosad (Tracer) 80ml/acre. 2) Fipronil 400ml/acre. 3) Imidacloprid 250ml/acre. 4) Thiamethoxam 80g/acre. 5) Acetamiprid 200g/acre. Spray when thrips damage visible (silvery streaks on pods). Early morning or evening application. Repeat after 7-10 days if needed.,
matter,Pesticide,What pesticides are recommended for controlling stem borer in matter in Pakistan?,Stem borer is rare in peas. If present: 1) Chlorpyrifos 800ml/acre as spray. 2) Remove and destroy infested plants. Prevention: destroy crop residues after harvest. Not a major pest.,
matter,Pesticide,What pesticides are recommended for controlling fruit borer/pod borer in matter in Pakistan?,1) Emamectin benzoate 200ml/acre. 2) Spinosad 80ml/acre. 3) Chlorantraniliprole (Coragen) 60ml/acre. 4) Indoxacarb 150ml/acre. 5) Lambda-cyhalothrin (Karate) 250ml/acre. Spray at flowering and pod formation when eggs/larvae seen. Use pheromone traps for monitoring (Helicoverpa armigera).,
matter,Pesticide,What pesticides are recommended for controlling leaf miner in matter in Pakistan?,1) Cyromazine (Trigard) 150g/acre - specific for leaf miners. 2) Abamectin 200ml/acre. 3) Spinosad 80ml/acre. 4) Chlorpyrifos 800ml/acre. Spray when first mines appear. Best results when larvae are small. Remove severely infested leaves. Not usually economic in peas.,
matter,Pesticide,What pesticides are recommended for controlling red spider mite in matter in Pakistan?,1) Abamectin (Kingmit) 200ml/acre. 2) Fenpyroximate (Ortus) 250ml/acre. 3) Spiromesifen (Oberon) 300ml/acre. 4) Sulfur 80% WP 500g/acre (also controls powdery mildew). 5) Propargite (Omite) 500ml/acre. DO NOT use pyrethroids (they kill natural enemies and flare mites). Repeat after 7 days.,
matter,Pesticide,What pesticides are recommended for controlling cutworm/armyworm in matter seedlings?,1) Chlorpyrifos (Lorsban) 800ml/acre - soil drench around base. 2) Lambda-cyhalothrin 250ml/acre - evening spray. 3) Carbaryl (Sevin) 400g/acre. 4) Bait: Mix 1kg bran + 10g Carbaryl + 1L water - spread in evening. Apply when cutting damage first seen. Remove weeds around field (alternate hosts).,
matter,Pesticide,What is the recommended dose and spray schedule for pesticide application on matter?,Aphids: Spray when 30-50/plant or 20% infested. Schedule: Dec-Jan peak. Pod borer: Spray at flowering (Jan-Feb) if >5% pods infested. Thrips: Monitor weekly spray at ETL. General schedule: Pre-flowering (Dec) for aphids. Flowering (Jan) for pod borer if needed. Use 100-120 L water/acre. Rotate pesticides every 15-20 days.,
matter,Pesticide,How should pesticides be mixed and applied correctly for matter pest control?,1) Fill spray tank 1/3 with clean water. 2) Add required pesticide dose (measure accurately). 3) Add adjuvant/wetter if recommended. 4) Fill to full volume while agitating. 5) Calibrate sprayer for 100-120 L/acre. 6) Use flat fan or hollow cone nozzles. 7) Spray in morning (6-9 AM) or evening (4-7 PM). 8) Avoid windy/rainy conditions. 9) Clean sprayer after use.,
matter,Pesticide,What is the pre-harvest interval (PHI) for pesticides used on matter in Pakistan?,Common PHI: Imidacloprid: 14 days. Thiamethoxam: 14 days. Spinosad: 3 days (shortest). Emamectin: 14 days. Chlorpyrifos: 15 days. Lambda-cyhalothrin: 14 days. Abamectin: 14 days. For green peas: follow minimum PHI strictly. Do not harvest before PHI. For dried peas: longer intervals acceptable.,
matter,Pesticide,What are the bio-pesticides or organic alternatives for pest control in matter?,1) Neem oil (Azadirachtin) 1% - 2-3 L/acre for aphids whitefly. 2) Garlic-chili extract (10g garlic + 10g chili in 1L water boil strain dilute 1:10). 3) Tobacco extract (100g tobacco in 1L water soak 24h strain) - effective for aphids but toxic. 4) Entomopathogenic fungi: Beauveria bassiana (2g/L) for aphids. 5) Spinosad (bio-origin) for caterpillars. 6) Yellow sticky traps for whitefly/aphids. 7) Release ladybird beetles for aphid control.,
matter,Pesticide,How can pheromone traps be used for pest monitoring in matter fields?,For cutworm: Use pheromone lures in delta traps (1 trap per 2 acres). For pod borer (Helicoverpa): Use sex pheromone lures (1 trap per 2 acres). Place traps at canopy height (30-50 cm). Check daily for moth catch. Spray when catch exceeds threshold (e.g. 8-10 moths/trap/night for borer). Replace lures every 4-6 weeks.,
matter,Pesticide,What safety equipment should a farmer wear while spraying pesticide on matter?,1) Chemical-resistant gloves (nitrile rubber). 2) Face shield or goggles. 3) Respirator (N95 or charcoal mask for organic vapors). 4) Long-sleeved shirt and full pants. 5) Apron or coverall. 6) Rubber boots (not cloth shoes). 7) Hat. Wash PPE after use. Never reuse empty pesticide containers. Shower after spraying.,
matter,Pesticide,What should a farmer do if accidental pesticide poisoning occurs during matter spraying?,1) Remove person from contaminated area immediately. 2) Remove contaminated clothing. 3) Wash skin with soap and water for 15 minutes. 4) If swallowed: Do not induce vomiting (unless label says) - give water. 5) If inhaled: Move to fresh air. 6) Take pesticide container to hospital (for identification). 7) Seek immediate medical attention. 8) Call Poison Control (115 or local emergency).,
matter,Pesticide,How should pesticide resistance be managed in matter pests in Pakistan?,1) Rotate pesticides with different modes of action (IRAC groups). 2) Do not use same pesticide group repeatedly. 3) Spray only when ETL reached (not calendar-based). 4) Use recommended doses (not sub-lethal). 5) Integrate biological and cultural controls (IPM). 6) Leave untreated refuges for susceptible pests. 7) Use pheromone traps for monitoring. 8) Avoid tank mixing unrelated pesticides.,
matter,Pesticide,When is the best time of day (morning/evening) to spray pesticide on matter?,Best time: Early morning (6-9 AM) or late evening (4-7 PM). Reasons: 1) Bees and pollinators less active (protect beneficials). 2) Temperature moderate (15-25°C) - better efficacy. 3) Less evaporation. 4) Lower wind speeds. Avoid spraying: 1) Mid-day heat (>30°C). 2) Strong wind (>15 km/h). 3) When rain expected within 6 hours. 4) When leaves are wet (dew/rain).,
matter,Fertilizer,What are the recommended fertilizers for matter cultivation in Pakistan?,Recommended fertilizers: 1) Nitrogen: NOT recommended (peas fix their own N - excess N reduces nodulation). 2) Phosphorus: DAP (18-46-0) or SSP (18% P2O5 + 12% S) - critical for nodulation. 3) Potassium: SOP (50% K2O + 18% S) or MOP (60% K2O). 4) Sulfur: SSP or Gypsum (18% S). 5) Micronutrients: Boron (Borax) and Molybdenum (Mo) for nodulation. 6) Rhizobium inoculant (bio-fertilizer).,
matter,Fertilizer,What is the recommended NPK dose per acre for matter in Pakistan?,Recommended NPK: 15-20 kg N + 50-60 kg P2O5 + 30-40 kg K2O per acre. In kg/acre: N=15-20 P=50-60 K=30-40. Note: N is starter dose only (not full). For high fertility soils: N=10 P=50 K=30. For low fertility soils: N=20 P=60 K=40. Always adjust based on soil test.,
matter,Fertilizer,What is the recommended dose of nitrogen (N) fertilizer for matter in Pakistan?,15-20 kg N per acre (starter dose only). This equals: Urea 35-45 kg (0.7-0.9 bag) per acre. Do NOT apply more than 20 kg N/acre. Excess N: 1) Reduces nodulation. 2) Lush vegetative growth (more disease). 3) Delayed flowering. 4) Lower pod yield. Apply all N at sowing (no top dressing). For soils with good Rhizobia: N can be zero.,
matter,Fertilizer,What is the recommended dose of phosphorus (P) fertilizer for matter in Pakistan?,50-60 kg P2O5 per acre - most critical nutrient for peas. This equals: DAP 110-130 kg (2.2-2.6 bags) OR SSP 280-335 kg per acre. Apply full dose at sowing (basal). Phosphorus: 1) Promotes root development. 2) Enhances nodulation and N fixation. 3) Increases flowering and pod set. 4) Improves seed quality. On P-deficient soils increase to 70 kg.,
matter,Fertilizer,What is the recommended dose of potassium (K) fertilizer for matter in Pakistan?,30-40 kg K2O per acre. This equals: MOP 50-65 kg (1.0-1.3 bags) OR SOP 60-80 kg per acre. Apply full dose at sowing. Potassium improves: 1) Water stress tolerance. 2) Disease resistance (powdery mildew). 3) Pod filling and sweetness. 4) Stem strength (lodging resistance). On sandy soils use 40-50 kg K2O.,
matter,Fertilizer,When and how should the first dose of fertilizer (Basal Dose) be applied to matter?,Basal dose applied at sowing time: 1) Full P and K + starter N (15-20 kg). 2) Apply in furrow 3-5 cm below and 2-3 cm to side of seed (drill placement). 3) If broadcasting: mix into top 5-10 cm soil during final cultivation. 4) Do not place fertilizer directly with seed (can damage germination and Rhizobia). Use DAP (contains N+P) for basal.,
matter,Cultivation,When and how should the second and subsequent doses (Top Dressing) be applied to matter?,Top dressing is generally NOT required for peas due to N fixation. If plants show N deficiency (pale yellow leaves) at 20-25 days: apply urea 10-15 kg/acre as light top dressing. Do NOT apply after flowering. For P and K: all applied at sowing only. Excess late N reduces yield.,
matter,Fertilizer,What is the role of zinc (Zn) fertilizer in matter cultivation in Pakistan?,Zinc is essential for: 1) Auxin synthesis (IAA) for growth. 2) Pollen formation and pod set. 3) N fixation (Zn is cofactor for enzymes). Deficiency symptoms: small leaves interveinal chlorosis stunted growth poor pod set. Apply ZnSO4 5-8 kg/acre at sowing (mix with basal fertilizer). Foliar spray 0.3% ZnSO4 at 25-30 days for quick correction. Common in alkaline calcareous soils.,
matter,Fertilizer,What is the role of boron (B) fertilizer in matter cultivation in Pakistan?,"Boron is critical for: 1) Pollen tube growth and fertilization. 2) Pod formation and seed set. 3) Sugar transport to pods. Deficiency: poor pod set hollow peas ""brown heart"" cracked stems. Apply borax (11% B) 2-3 kg/acre at sowing (mix with fertilizer). Do not exceed 4 kg - boron toxicity causes leaf burn. Foliar spray 0.1% boric acid at bud stage. Important in sandy and alkaline soils.",
matter,Soil,What micronutrient deficiencies are commonly observed in matter in Pakistani soils?,Common deficiencies: 1) Zinc (Zn) - most common in calcareous soils of Punjab. 2) Boron (B) - in sandy and alkaline soils (causes hollow peas). 3) Iron (Fe) - in high pH soils (interveinal chlorosis in young leaves). 4) Manganese (Mn) - in organic matter deficient soils. 5) Molybdenum (Mo) - rare but affects nodulation (use Mo seed treatment). 6) Sulfur (S) - in intensively cropped low-OM soils (use SSP).,
matter,Fertilizer,How can organic fertilizers (FYM compost Green Manure) be used for matter cultivation?,1) FYM/compost: Apply 10-15 tons/acre 15-20 days before sowing. Mix thoroughly into soil. 2) Green manuring: Sow guar (cluster bean) or dhaincha in July-August incorporate at 50% flowering (45-50 days) - adds 40-50 kg N/acre. 3) Vermicompost: 2-3 tons/acre at sowing. Organic sources improve soil health and reduce chemical fertilizer need. Especially beneficial for rainfed areas.,
matter,Fertilizer,What is the recommended dose of farmyard manure (FYM) for matter in Pakistan?,10-15 tons (200-300 maunds) per acre. Apply well-rotted FYM (6-8 months old) 15-20 days before sowing. Spread uniformly and incorporate by cultivation. Fresh FYM should not be used (may contain weed seeds pathogens). FYM provides micronutrients improves soil structure water holding capacity and beneficial microbes - valuable for pea root health.,
matter,Fertilizer,How does fertilizer application differ for irrigated vs. rainfed matter cultivation?,Irrigated: Full P and K + starter N. No top dressing. Higher P (60 kg) for better root growth. Irrigated after fertilizer application. Rainfed (Barani): All fertilizer applied at sowing (no top dressing). Lower N (10-15 kg) to avoid vegetative growth. Band placement (not broadcast) for efficiency. Add extra FYM (15-20 tons) for moisture conservation. Use PSB (Phosphorus Solubilizing Bacteria) for P availability.,
matter,Fertilizer,What are the signs of nitrogen deficiency in matter?,Signs: 1) Uniform pale green to yellow leaves (starting from older leaves). 2) Stunted growth. 3) Poor nodulation (no pink nodules on roots). 4) Reduced branching. 5) Small pale pods. 6) Low protein content. Remedy: NOT N fertilizer (will reduce nodulation). Instead: ensure proper Rhizobium inoculation. If severe: light urea 10 kg/acre only once.,
matter,Fertilizer,What are the signs of phosphorus deficiency in matter?,Signs: 1) Dark green or purplish tint on leaves (especially underside). 2) Delayed maturity. 3) Poor root development. 4) Poor nodulation (few or no nodules). 5) Reduced flowering and pod set. 6) Small shriveled peas. Remedy: apply DAP or SSP at sowing in future crops. Cannot correct after sowing. Foliar spray 1% DAP solution (emergency).,
matter,Fertilizer,What are the signs of potassium deficiency in matter?,Signs: 1) Yellowing and browning of leaf margins (scorching) starting from older leaves. 2) Weak stems prone to lodging. 3) Small pods with shriveled peas. 4) Increased disease susceptibility (powdery mildew). 5) Leaf curling. Remedy: apply MOP or SOP at sowing. For severe: potassium sulphate foliar spray 0.5%.,
matter,Fertilizer,What are the signs of zinc deficiency in matter?,Signs: 1) Interveinal chlorosis (yellow between green veins) on young leaves. 2) Stunted growth with short internodes. 3) Small distorted leaves (rosette appearance). 4) Delayed flowering. 5) Poor pod set. Remedy: ZnSO4 5-8 kg/acre soil application or foliar spray 0.3% ZnSO4 at 25-30 days.,
matter,Fertilizer,What happens if too much fertilizer (over-dose) is applied to matter?,1) Excess N: Excessive vegetative growth lodging delayed maturity poor nodulation reduced pod set more aphids lower yield. 2) Excess P: Induces Zn deficiency. 3) Excess K: Can cause Mg deficiency. 4) Excess fertilizer (any): Salt injury to roots leaf burn groundwater pollution wasted money. For peas: excess N is the most common problem. Always follow recommended doses.,
matter,Fertilizer,What are the recommended fertilizer products (brand names) available in Pakistan for matter?,"1) Urea: Sona Urea Engro Urea Fauji Urea (use sparingly for peas). 2) DAP: Engro DAP Fauji DAP ICI DAP (best for peas). 3) SSP: Pakarab SSP (good source of P and S). 4) SOP: Fauji SOP Engro SOP (for K and S). 5) MOP: Engro MOP FFC MOP. 6) ZnSO4: Fauji Zinc Engro Zinc. 7) Borax: Madak Borax. 8) Rhizobium: Nadeem Bio-Fertilizer, Ayub Rhizobium.",
matter,Fertilizer,How should urea be applied to matter to avoid losses from volatilization (gas loss)?,Urea is used only as starter N for peas (15-20 kg/acre). Application: 1) Apply at sowing (basal only - no top dressing). 2) Incorporate into soil by mixing during final cultivation. 3) Do not broadcast urea on surface. 4) Use neem-coated urea (slower release). 5) Apply DAP instead of urea + SSP (DAP contains N and P together). Better to avoid urea entirely if soil has good organic matter.,
matter,Irrigation,How many irrigations does matter require in total during its growing season in Pakistan?,Matter requires 4-6 irrigations in irrigated areas. Rainfed (Barani): 0-2 supplemental irrigations if available. Irrigation schedule: 1st at 10-15 days (germination). 2nd at 25-30 days (vegetative growth). 3rd at 40-45 days (flowering - CRITICAL). 4th at 55-65 days (pod filling). 5th at 75-85 days (late pod fill - if needed). Stop after pod fill.,
matter,Irrigation,When should the first irrigation (Pehl-pani) be given to matter after sowing?,First irrigation at 10-15 days after sowing (germination to seedling stage). Earlier irrigation (before 10 days) may cause seed rot and poor germination. Delay beyond 20 days reduces emergence and growth. In rainfed areas: rely on soil moisture - irrigate only if severe drought. Light irrigation (2-3 acre-inches) is sufficient.,
matter,Irrigation,What are the critical growth stages of matter that require mandatory irrigation?,Three critical stages: 1) Flowering stage (40-50 days) - water stress causes flower drop poor pollination reduced pod set (30-50% loss). 2) Pod formation and filling (55-70 days) - stress reduces pea size sweetness and yield. 3) Germination to seedling (0-20 days) - stress causes poor stand. Avoid stress at these three stages.,
matter,Irrigation,How many days apart should irrigations be given to matter in summer (Kharif) in Pakistan?,Summer matter (high altitude areas only - Balochistan KPK hills): interval 7-10 days. Higher temperatures increase evapotranspiration. Light frequent irrigations (2-3 acre-inches) are better than heavy. Avoid overhead irrigation during flowering (9 AM-4 PM) to protect flowers.,
matter,Irrigation,How many days apart should irrigations be given to matter in winter (Rabi) in Pakistan?,Winter irrigation interval: 15-25 days depending on soil type and temperature. Sandy soils: 10-15 days. Loamy soils: 15-20 days. Clay soils: 20-25 days. Cool temperatures (10-20°C) reduce evapotranspiration. Do not irrigate if soil is already wet (waterlogging risk) or if frost is forecast.,
matter,Irrigation,What is the total water requirement (acre-inches) of matter per crop season?,Total water requirement: 400-500 acre-inches (10-12 million liters per acre). This is equivalent to 4-6 irrigations of 3-4 acre-inches each plus effective rainfall (100-150mm). Peas are moderately drought-tolerant but sensitive at flowering.,
matter,Irrigation,What irrigation method is suitable for matter in Pakistan — flood furrow drip or sprinkler?,1) Furrow irrigation: Best method - saves water prevents waterlogging and reduces foliar diseases. 2) Border strip/flood: Acceptable on level fields but can cause waterlogging on heavy soils. 3) Sprinkler: Excellent for sandy soils undulating land and frost protection - saves 25-30% water. 4) Drip: Best for high-value green pea production - saves 40-50% water and increases yield 15-20%. Avoid basin flooding on heavy soils.,
matter,Irrigation,How does drip irrigation improve the water use efficiency of matter in Pakistan?,"Drip irrigation saves 40-50% water compared to flood. Benefits for peas: 1) Precise water delivery to root zone. 2) Keeps foliage dry - reduces powdery mildew and other diseases. 3) Allows fertigation (water-soluble fertilizers). 4) Maintains uniform soil moisture - critical for pod filling. 5) Reduces weed growth. Setup cost: Rs. 120,000-150,000/acre with 60-80% government subsidy. High initial cost but profitable for commercial growers.",
matter,Irrigation,How should irrigation be managed during the flowering stage of matter?,Flowering stage (40-50 days) is most critical. Management: 1) Ensure adequate soil moisture - avoid water stress. 2) Light irrigation (2-3 acre-inches) rather than heavy. 3) Avoid overhead sprinkler during peak flowering (9 AM-4 PM) - can wash off pollen. 4) Irrigate in morning hours. 5) Do not irrigate if strong winds or frost expected. 6) Water stress at flowering reduces yield 30-50%.,
matter,Irrigation,How should irrigation be managed during the grain-filling or fruiting stage of matter?,Pod filling stage (55-75 days): 1) Maintain moderate soil moisture (not wet). 2) Stress at this stage reduces pea size sugar content and yield. 3) One irrigation at 55-60 days if no rainfall. 4) Avoid over-irrigation which delays maturity and increases disease (powdery mildew). 5) Stop irrigation 7-10 days before harvest for green peas (prevents pod splitting).,
matter,Irrigation,What are the signs of water stress (drought) in matter and what is the immediate remedy?,Signs: 1) Wilting during day (leaves droop). 2) Leaves turn dull bluish-green. 3) Stunted growth. 4) Premature flowering and small pods. 5) Flowers drop. 6) Small shriveled peas. Immediate remedy: Apply light irrigation (2-3 acre-inches) immediately. If no irrigation available: spray water early morning (emergency). For severe stress: harvest early to salvage.,
matter,Irrigation,What are the signs of waterlogging in matter and how to drain excess water?,Signs: 1) Yellowing of lower leaves. 2) Wilting despite wet soil. 3) Root rot (black/brown roots no white roots). 4) Plant death in patches. 5) Fungal growth on soil surface. 6) Poor nodulation. Drainage: 1) Immediately stop irrigation. 2) Open drains/furrows to remove standing water. 3) On flat fields: make temporary channels. 4) For future: plant on raised beds or ridges.,
matter,Fertilizer,How should irrigation be managed after fertilizer application to matter?,After basal fertilizer (at sowing): Irrigate within 5-7 days if no rain. Do NOT apply top dressing N for peas (only starter at sowing). If N deficiency occurs and urea applied: irrigate within 2-3 days. Apply irrigation when leaves are dry (morning). Light irrigation (2-3 inches) is sufficient - heavy irrigation leaches nutrients and causes waterlogging.,
matter,Irrigation,Should matter irrigation be stopped before harvest? How many days before?,Yes stop irrigation 7-10 days before harvest for green peas. For dried peas (dal): stop 10-15 days before harvest. This allows: 1) Pods to mature uniformly. 2) Peas to develop sweetness (stress concentrates sugars). 3) Prevention of pod splitting. 4) Easier harvesting. Late irrigation delays maturity and can cause pod rot.,
matter,Irrigation,How does canal water vs. tube well (brackish/salty) water affect matter cultivation in Pakistan?,Canal water: Best for peas - low EC (<1 dS/m) good for all growth stages. Fresh tube well water (EC <1.2): Acceptable. Brackish/saline tube well water (EC >1.5): Damages peas - causes leaf burn reduced germination and yield loss up to 60%. Peas are salt-sensitive. If only saline water available: 1) Mix with canal water (1:1). 2) Apply gypsum. 3) Better to avoid - choose salt-tolerant crops. 4) Use raised beds to reduce salt accumulation.,
matter,Yield,What is the average yield of matter per acre in Pakistan?,Green peas average: 40-60 maunds per acre (1600-2400 kg). Progressive farmers: 70-90 maunds. Punjab (irrigated): 50-70 maunds. Sindh: 40-60 maunds. KPK: 35-50 maunds. Rainfed areas: 20-30 maunds. Dried peas: 15-25 maunds/acre. National average is below potential due to traditional practices and disease.,
matter,Yield,What is the maximum achievable yield (Potential Yield) of matter per acre under best management in Pakistan?,Potential yield (green peas): 100-120 maunds per acre (4000-4800 kg) under optimal conditions (improved variety proper trellising irrigation pest/disease control). Research station yields: 100-110 maunds/acre. Progressive farmer yields: 80-90 maunds/acre. Yield gap between average (50 maunds) and potential (110 maunds) is 120% - large opportunity for improvement.,
matter,Yield,What are the main reasons for low matter yield in Pakistan?,1) Traditional low-yielding varieties (30-40 maunds). 2) Powdery mildew (30-50% loss). 3) Poor soil fertility (low P and OM). 4) No Rhizobium inoculation (poor N fixation). 5) Aphid infestation (20-30% loss). 6) Late sowing (after Nov 30). 7) Water stress (rainfed areas). 8) Dense planting (lodging and disease). 9) Improper harvesting (losses).,
matter,Yield,How can a farmer increase the yield of matter from 20 maunds to 40+ maunds per acre?,Matter yield target is 40-80 maunds. To increase from 20 to 50+ maunds: 1) Use improved variety (Peas-2009 Meteor). 2) Rhizobium seed inoculation (fixes 60-80 kg N/acre). 3) Balanced fertilizer: 60 kg P2O5 + 30 kg K2O per acre. 4) Powdery mildew control (2-3 sulfur sprays). 5) Aphid control (at ETL). 6) Timely sowing (Nov 1-15). 7) Proper irrigation (4-5 irrigations). 8) Weed control. These steps can double or triple yield.,
matter,Varieties,What high-yielding varieties of matter give the best production in Pakistan?,Highest yielding varieties: 1) Peas-2009 (Ayub Research): 60-80 maunds/acre (green) powdery mildew tolerant. 2) Climax: 60-75 maunds medium maturity. 3) Meteor: 55-70 maunds early maturing. 4) Green King: 55-65 maunds export quality. 5) Rando: 50-60 maunds (late for hills). Avoid old low-yielding landraces (30-40 maunds).,
matter,Yield,How does timely sowing affect the final yield of matter in Pakistan?,Each week delay after Nov 15 reduces yield by 5-10%. Nov 1-15 sowing: 60-80 maunds/acre. Nov 15-30: 45-60 maunds. Dec 1-15: 30-40 maunds. Dec 15+: 15-25 maunds. Timely sowing allows: optimum temperature during flowering (15-20°C) good pod set and higher sugar content. Early sowing (Oct) risks frost at flowering in north.,
matter,Fertilizer,How does proper fertilizer management (Balanced use) increase the yield of matter?,Balanced P and K (60-30 kg/acre) + Rhizobium increases yield by 50-80% over no fertilizer. Specific gains: P (60 kg) = +40% yield (root development nodulation). K (30 kg) = +20% yield (pod fill disease resistance). Rhizobium = +30% yield (N fixation). Zn + B = +10-15%. Combined effect: can increase from 30 to 70 maunds/acre.,
matter,Irrigation,How does proper irrigation management increase the yield of matter?,One irrigation at flowering (40-45 days) increases yield 20-30% over rainfed. Two irrigations (flowering + pod fill) increase 40-60%. Three irrigations (veg + flowering + pod fill) increase 60-80%. In rainfed areas (0 irrigation): 15-25 maunds. With 3-4 irrigations: 50-70 maunds. Water is a major limiting factor.,
matter,Pesticide,What role does pest and disease control play in increasing matter yield?,Powdery mildew (uncontrolled): 30-50% yield loss + poor quality peas. Aphids (uncontrolled): 20-30% yield loss + virus transmission. Combined pest/disease: can cause 70%+ loss (yield 15-20 maunds). Effective control: 2-3 fungicide sprays (sulfur) + aphicide at ETL = 40-60% yield protection. IPM practices save yield without excessive cost.,
matter,Yield,What are the best agronomic practices recommended by PARC/NARC for high-yield matter production?,PARC/NARC recommendations: 1) Variety: Peas-2009 or Meteor. 2) Sowing: Nov 1-15 at 30 cm spacing 40-50 kg seed/acre. 3) Seed treatment: Rhizobium + Carbendazim + Imidacloprid. 4) Fertilizer: 60 kg P2O5 + 30 kg K2O + 15 kg N (starter) per acre. 5) Irrigation: 4-5 irrigations (germination vegetative flowering pod fill). 6) Powdery mildew control: Sulfur spray at first sign. 7) Harvest: at 70-80% pod fill.,
matter,Yield,How can improved seed quality (Certified Seed) increase the production of matter in Pakistan?,Certified seed provides: 1) Higher genetic purity (>98%). 2) Higher germination (85%+ vs 60-70% farm-saved). 3) Disease-free (no seed-borne Ascochyta). 4) True-to-type (uniform maturity pod size). 5) Yield increase: 20-30% over farm-saved seed. Cost: Rs. 150-250/kg vs farm-saved Rs. 80-120/kg. Available at Punjab Seed Corporation and progressive dealers.,
matter,Soil,What role does soil health improvement play in boosting matter yield in Pakistan?,Improved soil health (2-3% organic matter) boosts yield 30-50% through: 1) Better water holding capacity (critical in rainfed). 2) Higher nutrient availability (especially P S). 3) Improved soil structure (root growth and nodulation). 4) Beneficial microbes (disease suppression). 5) Reduced crusting (better emergence). Practices: FYM 10-15 tons/acre green manuring crop rotation minimum tillage.,
matter,Yield,How does the use of growth regulators (Plant Hormones) affect matter yield?,Not commonly used in peas in Pakistan. Research shows: 1) Gibberellic acid (GA3) 20-40 ppm at branching - increases plant height (not needed). 2) Mepiquat chloride - reduces lodging in tall varieties but not commercial. Not recommended for general use. Focus on basic agronomy first.,
matter,Cultivation,What intercropping or relay cropping strategies can increase income from matter farming?,1) Matter + Wheat (2:2 or 2:4 rows) - reduces pest/disease by 25% and provides wheat income (10-15 maunds/acre). 2) Matter + Radish - radish harvested early (30-40 days). 3) Relay cropping: Sow matter into standing rice 15-20 days before rice harvest. 4) Matter as catch crop after early potato. Intercropping land equivalent ratio (LER) >1.5 - more productive than sole cropping.,
matter,Yield,What are the top 5 things a farmer can do to double the yield of matter in Pakistan?,1) Switch from traditional variety to Peas-2009 or Meteor (+50% yield). 2) Rhizobium seed inoculation (fixes N - equivalent to +30% yield). 3) Apply 60 kg P2O5 + 30 kg K2O per acre (balanced fertilizer) (+50% yield). 4) Control powdery mildew with 2-3 sulfur sprays (+50% yield protection). 5) Provide 3-4 irrigations (especially at flowering and pod fill) (+60% yield). Combined effect: 20-30 maunds to 70-90 maunds (2-3x increase).,
matter,Yield,How can precision agriculture or modern technology improve matter production in Pakistan?,1) Laser land leveling: uniform irrigation saves water 20-30%. 2) Soil testing: precise fertilizer recommendation saves cost. 3) Drone monitoring: detect powdery mildew hotspots early. 4) Variable rate technology: apply inputs based on soil variability. 5) Mobile apps: pest scouting records weather alerts market prices. 6) Drip irrigation (subsidized) - 40-50% water saving + higher yield. Adoption gradually increasing.,
matter,Fertilizer,How does climate change affect matter yield in Pakistan and how can farmers adapt?,Climate change impacts: 1) Warmer winters - reduced pod set. 2) Unpredictable rains - drought/flood. 3) Higher temperatures during pod filling - small tough peas. 4) Increased powdery mildew pressure. Adaptations: 1) Heat-tolerant varieties. 2) Shift sowing dates (earlier or later). 3) Supplemental irrigation. 4) Mulching for moisture conservation. 5) Climate-smart practices (zero-till intercropping).,
matter,Diseases,What are the major fungal diseases (Uli) of matter in Pakistan?,Major fungal diseases: 1) Powdery mildew (Erysiphe pisi) - most important and destructive. 2) Rust (Uromyces fabae). 3) Fusarium wilt (Fusarium oxysporum f.sp. pisi). 4) Root rot (Rhizoctonia solani Pythium spp.). 5) Ascochyta blight (Ascochyta pisi) - leaf stem and pod spots. 6) Downy mildew (Peronospora viciae). 7) Damping off (Rhizoctonia/Pythium) - seedlings.,
matter,Diseases,What are the major bacterial diseases of matter in Pakistan?,Bacterial diseases are rare in peas in Pakistan. Occasional: Bacterial blight (Pseudomonas syringae pv. pisi) - water-soaked spots on leaves and pods. Not economically significant. Fungal diseases are main concern.,
matter,Diseases,What are the major viral diseases of matter in Pakistan?,Viral diseases are rare in peas. Occasional: Pea enation mosaic virus (PEMV) - transmitted by aphids. Symptoms: mosaic pattern leaf distortion enations (vein swellings). Also Cucumber mosaic virus (CMV). Control by managing aphid vectors. Not economically significant in Pakistan.,
matter,Diseases,How can I identify rust disease (Kungi) in matter fields?,Rust (Uromyces fabae) - appears in cool humid weather (Jan-Feb). Symptoms: 1) Small brownish-orange pustules (uredinia) on lower leaves and stems. 2) Pustules turn black (telia) at crop maturity. 3) Yellowing around pustules. 4) Severe: premature defoliation reduced pod fill. More common in Pothwar region.,
matter,Diseases,How can I identify powdery mildew in matter and what causes it?,Powdery mildew (Erysiphe pisi) - most destructive pea disease. Causes: High humidity (60-80%) moderate temperatures (15-25°C) dense canopy. Symptoms: 1) White powdery coating on upper leaf surfaces (looks like flour dusted). 2) Spreads to stems and pods. 3) Leaves turn yellow then brown. 4) Pods become covered with white powder - peas small and bitter. 5) Premature defoliation. Appears from January onward.,
matter,Diseases,How can I identify downy mildew in matter and what causes it?,Downy mildew (Peronospora viciae) - less common. Symptoms: 1) Yellowish-green patches on upper leaf surface. 2) Purplish-grey fluffy growth on underside of leaves (sporangia). 3) Leaf curling and thickening. 4) Stunted plants. Favored by cool wet weather. Control similar to other mildews. Not a major problem in Pakistan.,
matter,Diseases,How can I identify blight (early/late) in matter and what causes it?,"Ascochyta blight (Ascochyta pisi). Symptoms: 1) Small dark brown to black spots on leaves stems and pods (target-like concentric rings). 2) Spots enlarge coalesce causing leaf blighting. 3) Dark sunken lesions on pods (""""pod spot""""). 4) Seed infection (shriveled discolored). Favored by warm humid weather. Spread by seed and crop debris.",
matter,Diseases,How can I identify damping off disease in matter seedlings?,Damping off (Rhizoctonia solani Pythium spp.). Symptoms: 1) Pre-emergence: seeds rot before germination (patchy emergence). 2) Post-emergence: seedlings collapse at soil line (stem constricted dark lesion). 3) Infected patches in field. Favored by: wet cold soils poor drainage dense sowing. Control: seed treatment + avoid over-irrigation + well-drained soil.,
matter,Diseases,What is wilt (Sokra) disease in matter and how to identify it?,Fusarium wilt (Fusarium oxysporum f.sp. pisi). Symptoms: 1) Yellowing starting from lower leaves upward. 2) Wilting despite adequate moisture. 3) Brown discoloration of vascular tissue (cut stem cross-section shows brown ring). 4) Plants die from bottom upward. 5) Patchy distribution. Favored by: warm temperatures (25-30°C) low soil moisture. Soil-borne fungus persists for years. Use resistant varieties.,
matter,Diseases,What is smut or bunt (Siyah-rooli) disease in matter and how to identify it?,Smut is NOT a significant disease of peas in Pakistan. No economic impact. Focus on powdery mildew and wilt as major diseases.,
matter,Diseases,What virus diseases affect matter in Pakistan and what are their symptoms?,Occasional virus diseases: Pea enation mosaic virus (PEMV) and Cucumber mosaic virus (CMV). Symptoms: 1) Mosaic pattern (light and dark green patches). 2) Leaf distortion and puckering. 3) Enations (vein swellings) on leaves and stems. 4) Plant stunting. 5) Reduced pod set. Transmitted by aphids. No direct control - manage aphid vectors. Not economically important.,
matter,Diseases,How do diseases spread from one matter plant or field to another?,1) Powdery mildew: Wind-dispersed conidia (spores). 2) Rust: Wind-borne spores (urediniospores) travel long distances. 3) Ascochyta blight: Seed-borne + rain splash + wind. 4) Fusarium wilt: Soil-borne (persists years) + infected plant debris + contaminated tools. 5) Damping off: Soil + contaminated seed + irrigation water. Prevention: clean seed crop rotation disease-free debris management.,
matter,Diseases,What weather conditions (humidity/rain) favor disease development in matter?,Powdery mildew: Moderate temps (15-25°C) high humidity (60-80%) but no free water on leaves. Rust: Cool (15-22°C) humid (>80% RH) with dew/fog. Ascochyta: Warm (20-28°C) wet conditions (rain/high humidity). Fusarium wilt: Warm (25-30°C) dry conditions (water stress). Damping off: Cool wet conditions. Jan-Feb foggy conditions in Punjab favor powdery mildew.,
matter,Diseases,Which regions of Pakistan are most affected by matter diseases and why?,Powdery mildew: Most severe in irrigated areas of Punjab (Faisalabad Lahore Gujranwala) and Pothwar due to dense canopy and fog. Rust: Pothwar region (Rawalpindi Attock) due to cool humid conditions. Wilt: More in rainfed areas and sandy soils. Ascochyta: Widespread but more in Sindh (warmer humid). Overall powdery mildew is the #1 disease across all regions.,
matter,Fertilizer,What is the difference between nutrient deficiency symptoms and disease symptoms in matter?,Nutrient deficiency: Symmetrical pattern often interveinal chlorosis uniform across field usually on older leaves first (N P K) or young leaves (Zn Fe). No pathogen signs (no spores mycelium). Corrected by fertilizer. Disease: Irregular patches pustules (rust) white powder (mildew) dark lesions (blight) often with pathogen structures. Spreads over time. Fungicides may help.,
matter,Diseases,What fungicides are recommended for controlling rust in matter in Pakistan?,1) Tebuconazole (Folicur) 250ml/acre. 2) Propiconazole (Tilt) 250ml/acre. 3) Triadimefon (Bayleton) 200g/acre. 4) Pyraclostrobin + Epoxiconazole (Opera) 200ml/acre. 5) Mancozeb (Dithane M-45) 500g/acre - protectant. Apply at first rust appearance. Repeat after 10-14 days if needed.,
matter,Diseases,What fungicides are recommended for controlling powdery mildew in matter?,1) Sulfur (80% WP) 500g/acre - effective cheap. 2) Tebuconazole 250ml/acre. 3) Propiconazole 250ml/acre. 4) Myclobutanil 200g/acre. 5) Hexaconazole 250ml/acre. 6) Dinocap (Karathane) 400ml/acre. 7) Azoxystrobin (Amistar) 200ml/acre. Apply at first sign of white powder (early January). Repeat every 10-14 days if needed. Sulfur is organic-friendly but avoid when temperature >30°C.,
matter,Diseases,What fungicides are recommended for controlling blight in matter in Pakistan?,1) Mancozeb (Dithane M-45) 500g/acre - protectant. 2) Chlorothalonil (Bravo) 500ml/acre. 3) Copper oxychloride 400g/acre. 4) Propiconazole 250ml/acre. 5) Azoxystrobin (Amistar) 200ml/acre. Apply at early flowering stage. Repeat every 10-14 days if wet conditions persist. Use certified disease-free seed.,
matter,Diseases,What fungicides are recommended for controlling wilt in matter in Pakistan?,Wilt (Fusarium) is difficult to control with fungicides once symptoms appear. Prevention: 1) Seed treatment with Carbendazim 2g/kg + Thiram 2g/kg. 2) Soil drench with Carbendazim 500g/acre (early stages). 3) Trichoderma harzianum (bio-fungicide) 2kg/acre in furrow at sowing. 4) Use resistant varieties. 5) Crop rotation (4-5 years with cereals).,
matter,Diseases,What bactericides are used for bacterial diseases of matter in Pakistan?,Bacterial diseases are rare in peas. If bacterial blight occurs: 1) Copper oxychloride 400g/acre. 2) Streptomycin + Tetracycline (Agrimycin) 100g/acre. Not routinely needed. Prevention: clean seed good sanitation.,
matter,Diseases,What is the spray schedule for disease management in matter in Pakistan?,Powdery mildew: 1st spray at first sign (Jan). 2nd spray 10-14 days later. Rust: Spray when rust pustules seen (Jan-Feb). Ascochyta: Pre-flowering spray (Jan) if history. General schedule: Monitor weekly from December. Spray only when disease reaches threshold (e.g. white powder on 5-10% leaves). Use protectant fungicides (Sulfur Mancozeb) before disease arrives.,
matter,Diseases,What is the correct dose and method of fungicide application on matter?,1) Calculate field area and required product dose. 2) Use 100-120 liters water per acre. 3) Add fungicide to water while agitating. 4) Use flat fan or hollow cone nozzles. 5) Spray to cover all leaves (upper and lower surfaces). 6) For powdery mildew: good coverage is critical. 7) Spray in morning (6-9 AM). 8) Avoid spraying during flowering if possible (protect bees).,
matter,Diseases,What systemic vs. contact fungicides are recommended for matter?,Systemic (absorbed by plant): Tebuconazole Propiconazole Azoxystrobin - curative (can be used after infection) longer protection (10-14 days). Contact (surface only): Sulfur Mancozeb Chlorothalonil Copper oxychloride - preventive (must be applied before infection) shorter protection (5-7 days). Strategy: Use protectants early then systemics when disease appears. Alternate both to prevent resistance.,
matter,Pesticide,How often should fungicide be sprayed during the matter growing season?,Depends on disease pressure: Low pressure: 0-1 spray (only if disease appears). Moderate pressure: 2 sprays at 10-14 day interval (Jan-Feb). High pressure (powdery mildew): 3 sprays (Jan early Feb late Feb). Do not exceed 3 sprays to avoid resistance and cost. Stop spraying after pods are fully filled (70 days).,
matter,Diseases,What are the bio-fungicides or organic disease control methods for matter?,1) Sulfur (organic approved) for powdery mildew. 2) Neem oil (0.5%) for mildew and rust suppression. 3) Baking soda (1%) + vegetable oil (0.5%) for powdery mildew. 4) Trichoderma harzianum (2kg/acre) soil application for wilt control. 5) Cow urine (10% solution) as foliar spray (traditional). 6) Milk spray (10% solution) for powdery mildew. 7) Crop rotation (3-4 years). 8) Resistant varieties.,
matter,HarvestTime,When is matter ready for harvest in Pakistan?,Green peas: 70-90 days after sowing (Feb-March in Punjab). Harvest when pods are well-filled bright green and peas are tender-sweet. Dried peas (dal): 100-120 days (March-April). Harvest when pods turn yellow-brown and peas rattle inside. Punjab harvest: Feb 15-March 30. Sindh: Feb-March. KPK: March-April. Balochistan: June-August.,
matter,HarvestTime,What are the visual signs that matter has reached maturity and is ready to harvest?,Green peas: 1) Pods plump and bright green. 2) Peas fill the pod (visible outline). 3) Peas are tender (press - not hard). 4) Sugar content high (sweet taste). 5) 70-80% pods at ideal stage. Dried peas: 1) Pods yellow-brown and dry. 2) Peas rattle inside when shaken. 3) Stems dry and brown. 4) Leaves dropped. Do not delay - over-mature peas become tough and starchy.,
matter,HarvestTime,What is the recommended moisture content of matter at time of harvest?,Green peas: Harvest at 70-75% moisture content (immature seeds). Dried peas: Harvest at 20-25% moisture (mature). For storage: dry to 10-12% moisture. For green peas: process within 6-12 hours of harvest to maintain sweetness (sugar converts to starch). Use moisture meter or traditional method (bite test).,
matter,HarvestTime,How is matter harvested in Pakistan — manually (Daranti) or mechanically?,Green peas (fresh market): Manual picking (labor intensive) - 20-30 laborers per acre pick pods over 2-3 pickings every 5-7 days. For processing (frozen/canned): Mechanical harvester (once-over harvest). Dried peas: Manual cutting with sickle (daranti) or combine harvester. Manual gives higher quality (selective picking). Mechanical reduces labor cost (Rs. 5,000-8,000/acre).,
matter,HarvestTime,What machinery (Combine Harvester/Thresher) is used for harvesting matter in Pakistan?,For green peas (processing): Pea combine harvester (specialized) - rare in Pakistan. For dried peas: 1) Combine harvester (e.g. New Holland) - settings: cylinder speed 400-500 RPM. 2) Reaper (tractor-mounted) + thresher. 3) Stationary thresher for manually harvested bundles. Most farmers use manual picking for green peas (higher value).,
matter,HarvestTime,How should matter be harvested to minimize shattering or field losses?,Green peas (manual): 1) Pick in morning (cool pods less brittle). 2) Hold stem while picking - don't pull vines. 3) Use both hands for speed. 4) Pick every 5-7 days (3-4 pickings). Dried peas: 1) Harvest at 90% pod browning. 2) Early morning harvest (dewy). 3) For combine: reduce cylinder speed. 4) Handle gently. Losses can be 15-20% if mismanaged.,
matter,HarvestTime,What is the correct harvesting time for matter in Punjab?,Punjab green peas: February 15 to March 30. Central Punjab (Lahore Faisalabad): Feb 20-March 15. South Punjab (Multan Bahawalpur): Feb 10-March 10. North Punjab (Rawalpindi): March 5-30. Dried peas: March 15-April 20.,
matter,HarvestTime,What is the correct harvesting time for matter in Sindh?,Sindh green peas: February 1 to March 15. Upper Sindh (Sukkur): Feb 15-March 15. Lower Sindh (Hyderabad Mirpurkhas): Feb 1-28. Warmer climate leads to earlier harvest. Dried peas: March 1-31.,
matter,HarvestTime,What is the correct harvesting time for matter in KPK?,KPK green peas: March 1 to April 30. Peshawar valley: March 15-April 15. Dera Ismail Khan: March 1-30. Higher elevations (Swat Abbottabad): May-June (spring crop). Dried peas: April-May.,
matter,HarvestTime,What is the correct harvesting time for matter in Balochistan?,Balochistan: Two seasons. Plains (Sibi Naseerabad) green peas: March 1-30. Highlands (Quetta Pishin) spring crop: June-July. Summer crop: August-September. Dried peas: harvest 10-15 days after green stage.,
matter,HarvestTime,What post-harvest activities are done immediately after matter harvest?,Green peas: 1) Pre-cool within 2 hours (reduce temperature to 4-5°C). 2) Sort (remove damaged pods). 3) Grade (size separation). 4) Pack in perforated plastic bags or crates. 5) Store at 2-4°C 95% RH. 6) Transport to market within 12-24 hours. Dried peas: 1) Sun dry for 3-5 days. 2) Thresh. 3) Winnow. 4) Clean. 5) Dry to 10-12% moisture. 6) Bag for storage.,
matter,HarvestTime,How long after sowing is matter typically harvested in Pakistan?,Green peas: 70-90 days after sowing depending on variety and climate. Early varieties (Meteor): 65-75 days. Medium (Peas-2009): 80-90 days. Late (Rando): 100-110 days. Dried peas: 100-120 days. In warm plains: shorter duration. In cool highlands: longer duration.,
matter,HarvestTime,What are the common mistakes farmers make during matter harvesting in Pakistan?,1) Harvesting too early (small under-filled pods) - low yield and poor sweetness. 2) Harvesting too late (over-mature tough starchy peas) - poor market price. 3) Picking in hot afternoon - pods wilt sweetness lost. 4) Rough handling - pod damage bruising. 5) Leaving picked peas in sun - sugar converts to starch. 6) For dried peas: harvesting too early (high moisture mold in storage) or too late (shattering loss). 7) Not sorting - mixed quality.,
matter,HarvestTime,How should matter be stored after harvest in Pakistan?,Green peas (short term): 1) Pre-cool to 2-4°C within 2 hours. 2) Store in perforated plastic bags at 2-4°C 95% RH. 3) Shelf life: 7-10 days. For long-term: 1) Blanch (2-3 minutes in boiling water). 2) Quick freeze at -18°C. 3) Store frozen for 6-12 months. Dried peas: 1) Dry to 10-12% moisture. 2) Store in clean dry jute/hermetic bags. 3) Cool dry place. 4) Treat with neem leaves for insects.,
matter,HarvestTime,What is the ideal moisture content of matter for safe long-term storage?,Green peas: not stored long-term fresh (must be frozen). Dried peas: 10-12% moisture content for safe storage up to 12 months. Above 12%: risk of mold and insect damage. Below 8%: excessive seed cracking. Use moisture meter. Traditional test: bite pea - should be hard and crisp (not bendable).,
matter,HarvestTime,What are the major post-harvest losses for matter in Pakistan and how to reduce them?,Major losses: 1) Green peas: Sugar loss (10-20% in 24 hours at room temperature). Reduce: pre-cool transport in cold chain. 2) Mechanical damage (5-15%). Reduce: gentle handling padded crates. 3) Mold (10-20% in storage). Reduce: dry to <12% moisture. 4) Storage insects (10-15% over 6 months). Reduce: fumigation hermetic bags. Total losses can exceed 40% without proper management.,
matter,HarvestTime,What storage structures or containers are recommended for matter in rural Pakistan?,Green peas: Not stored fresh - sell immediately or freeze. Dried peas: 1) Metal bins (drum) - airtight rodent-proof best option. 2) Hermetic bags (PICS or GrainPro) - prevents insect entry. 3) Jute bags (gunny) - with inner polythene liner. 4) Clay bins (Godaym) - traditional. 5) Plastic silos (govt scheme). Avoid: direct floor storage damp rooms.,
matter,Pesticide,What pest control measures should be taken during matter storage?,For dried peas: 1) Clean storage area before filling. 2) Dry peas to 10-12% moisture. 3) Mix neem leaves (1kg/100kg) or dried neem powder. 4) Use food-grade diatomaceous earth (1kg/ton). 5) Fumigation: Aluminum phosphide tablets (2-3 per ton) - only by trained person. 6) Pheromone traps for monitoring. 7) Inspect monthly for webbing live insects. 8) Never mix old with new grain.,
matter,Pesticide,What fumigants or storage pesticides are recommended for matter in Pakistan?,For dried peas: 1) Aluminum phosphide (Phostoxin) - 2-3 tablets per ton. CAUTION: Highly toxic - use trained fumigator only. Seal storage for 5-7 days. Aerate 48 hours before use. 2) Malathion dust (2% active) - 250g per ton. 3) Deltamethrin dust. For small quantities: neem leaves camphor. Never consume treated peas.,
matter,HarvestTime,How long can matter be stored without significant quality loss?,Green peas (fresh): 7-10 days at 2-4°C. Frozen green peas: 6-12 months at -18°C. Dried peas: 12-18 months at 10-12% moisture in cool dry conditions. In hermetic bags: up to 24 months. In traditional jute bags: 6-12 months. In hot humid conditions: 3-6 months only.,
matter,Diseases,How should matter be dried before storage to prevent mold and fungal growth?,For dried peas: 1) Sun drying: Spread on clean tarpaulin or cemented floor in thin layer (5-10 cm). 2) Turn every 2-3 hours for uniform drying. 3) Dry for 3-5 days (depending on sun). 4) Test moisture: Bite test (crisp) or moisture meter (target 10-12%). 5) Do not dry on bare soil (contamination). 6) For large scale: mechanical dryers (hot air 40-45°C). 7) Cool peas before bagging.,
matter,Pesticide,What are the signs of spoilage or pest damage in stored matter?,Signs of spoilage: 1) Musty or sour smell (mold). 2) Clumping or caking (excess moisture). 3) Discolored peas (dark brown black). 4) Sprouted peas. 5) Heating (warm to touch). Pest damage: 1) Holes in peas. 2) Fine dust/powder at bag bottom. 3) Webbing inside bag. 4) Live insects (weevils bruchids). 5) Empty pea hulls. Discard severely damaged peas.,
matter,HarvestTime,What food safety practices should be followed during matter storage and handling?,1) Never use pesticide-treated peas for consumption. 2) Do not store in containers that held chemicals/fertilizers. 3) Keep storage area clean and rodent-free. 4) Do not consume moldy peas (may contain mycotoxins). 5) Wash hands after handling stored grain. 6) For frozen peas: maintain proper freezing temperature. 7) For fresh peas: maintain cold chain. 8) For dried peas: cook thoroughly before eating.,
matter,Weather,How does frost (Quora) affect matter and how can farmers protect it in Pakistan?,Peas are moderately frost tolerant at vegetative stage (down to -3°C). Frost at flowering causes: 1) Flower drop (complete loss of that flush). 2) Damaged pods (empty or misshapen). 3) Stem cracking. Protection: 1) Sow at optimum time to avoid flowering during peak frost (Jan). 2) Irrigate before frost night (water releases heat). 3) Smoke: Burn moist crop residue upwind before dawn. 4) Use frost-tolerant varieties.,
matter,Yield,How does extreme heat (above 30°C) affect matter production in Pakistan?,Peas are cool-season crop. Heat above 28°C: 1) Reduces germination (if at sowing). 2) Accelerates maturity (shorter duration). 3) Stops flowering and pod set (above 28°C). 4) Small tough starchy peas. 5) Increases powdery mildew. 6) Increases mite infestation. Avoid late sowing (Dec) that pushes pod filling into March heat. In Sindh/South Punjab: sow by Nov 15 maximum.,
matter,Varieties,What are the drought-tolerant varieties of matter recommended for rainfed areas of Pakistan?,1) Meteor - early maturing escapes drought. 2) Local Desi (small seeded) - adapted to rainfed areas. 3) Peas-2009 - moderate drought tolerance. 4) R-17 (not matter - for linseed). For rainfed Pothwar: Meteor performs best. These varieties have deeper roots earlier maturity and osmotic adjustment. Yield under rainfed: 15-25 maunds/acre vs 30-40 for irrigated.,
matter,Weather,How should a farmer manage matter during unexpected heavy rainfall or flooding?,1) Immediately stop any irrigation. 2) Ensure drainage: Open channels to remove standing water. 3) If waterlogging <24 hours: plants may recover. 4) If >48 hours: root rot likely - assess survival. 5) After water recedes: apply light N (urea 10 kg/acre) for recovery (peas fix N but may need boost). 6) Monitor for fungal diseases (powdery mildew root rot) - prophylactic fungicide spray. 7) For flooded young crop: may need replanting if early season.,
matter,Weather,What is the effect of fog or cloud cover on matter growth in winter in Pakistan?,Prolonged fog (Dec-Jan in Punjab): 1) Reduces photosynthesis (low light). 2) Increases humidity (promotes powdery mildew). 3) Delays maturity. 4) Can cause etiolation (stretched weak stems). 5) Reduced pod set. Management: 1) Wider row spacing (30-45 cm) for air circulation. 2) Preventive fungicide spray before fog period (sulfur). 3) Avoid dense canopy (no excess N). 4) Use disease-resistant varieties (Peas-2009).,
matter,Weather,How does hailstorm (Oola-bari) damage matter and what can be done after hail?,Hail damage: 1) Bruised stems (entry point for disease). 2) Shredded leaves. 3) Damaged pods (split). 4) Lodging (flattened crop). After hail: 1) Do not harvest immediately - wait 5-7 days for recovery assessment. 2) Apply fungicide (Mancozeb) to prevent infection through wounds. 3) Light N spray (1% urea) for recovery. 4) If >70% damage: consider alternative crop (if early season). 5) Report to agriculture department for possible compensation.,
matter,Varieties,What heat-tolerant varieties of matter are suitable for hot regions like Sindh and South Punjab?,1) Meteor - early maturing (65-70 days) escapes late heat. 2) Peas-2009 - moderate heat tolerance. 3) Climax - medium maturity but performs better in South Punjab if sown early. Key management: early sowing (Nov 1-10) to complete pod filling before February heat. Avoid late varieties (Rando). For Sindh: sow by Nov 15 maximum.,
matter,Irrigation,How should irrigation be adjusted for matter during drought conditions in Pakistan?,During drought: 1) Prioritize critical stages (flowering and pod fill) - irrigate these even if skip others. 2) Apply light irrigations (2-3 acre-inches) rather than heavy. 3) Use furrow irrigation (not flood) - more efficient. 4) Irrigate at night - less evaporation. 5) Mulch with crop residue (3-4 tons/acre) to conserve moisture. 6) If only 1 irrigation possible: apply at flowering (maximum yield response).,
matter,Cultivation,What climate-smart practices are recommended for matter farmers in Pakistan?,1) Conservation agriculture: Zero-till/minimum till + residue retention (mulch). 2) Laser land leveling: Saves water improves uniformity. 3) Drought-tolerant varieties (Meteor). 4) Weather-based sowing decisions (use advisory services). 5) Micro-irrigation (drip/sprinkler) where feasible (60% subsidy). 6) Agroforestry: Trees on field boundaries reduce wind speed. 7) Crop diversification: Matter in rotation with climate-resilient crops.,
matter,Cultivation,What is the impact of late monsoon or early monsoon on matter cultivation in Pakistan?,Matter is Rabi crop (sown Oct-Nov) so monsoon (Jul-Sep) does not directly affect growing crop. However: Late monsoon (rains extending into Oct) delays land preparation and sowing - causes late sowing yield loss. Early monsoon (starting Mar) can damage mature crop (Feb-Mar harvest) causing pod splitting and mold. Monitor forecasts and harvest promptly if early rains expected.,
matter,AskingHelp,What government schemes or subsidies are available for matter farmers in Pakistan?,1) Kisan Card: Subsidized fertilizer (Rs. 1,000-2,000/acre) and seeds. 2) Green Tractor Scheme: 50-70% subsidy on tractors. 3) Solar Tube well subsidy: 60% for installation. 4) Drip/Sprinkler irrigation: 60-80% subsidy (PMKSY). 5) Soil testing: Free or Rs. 100/sample at govt labs. 6) Crop insurance: Premium subsidy (30-50%) under Kisan Package. 7) Vegetable promotion programs (Ministry of Food Security). Contact provincial agriculture department.,
matter,Varieties,Which research institutes in Pakistan have developed improved matter varieties?,1) Ayub Agricultural Research Institute (AARI) Faisalabad - developed Peas-2009. 2) National Agricultural Research Centre (NARC) Islamabad - developed Meteor. 3) Vegetable Research Institute Sahiwal - developed Green King. 4) Barani Agricultural Research Institute (BARI) Chakwal - for rainfed varieties. 5) Pakistan Agricultural Research Council (PARC) - coordination. 6) Sindh Agriculture University Tandojam - local varieties.,
matter,Cultivation,Where can farmers in Pakistan get certified matter seed?,1) Punjab Seed Corporation (PSC) - regional offices in Faisalabad Multan Lahore. 2) Provincial Agriculture Department extension centers. 3) Ayub Agricultural Research Institute Faisalabad (direct sale). 4) NARC Islamabad (for Meteor). 5) Vegetable Research Institute Sahiwal (Green King). 6) Progressive seed dealers (check certification tag). 7) Sindh Seed Corporation. Price: Rs. 150-250/kg. Demand certified seed early (Aug-Oct) as limited quantity.,
matter,AskingHelp,What extension services are available for matter farmers in Pakistan?,"1) Agriculture Department field staff (Agriculture Officers Field Assistants) - free advice. 2) Kisan Helpline 0800-15000 (Punjab) for queries. 3) SMS advisory services (CropMax Punjab) - weather pest alerts. 4) Farmer field schools (FFS) - hands-on training. 5) Agriculture extension WhatsApp groups. 6) Mobile apps: """"Agriculture Punjab"""" """"Kisan Dost"""". 7) Radio/TV programs (Zaraat Nama on PBC). 8) Demonstration plots at union council level.",
matter,AskingHelp,What loans or credit facilities are available for matter cultivation in Pakistan?,1) ZTBL (Zarai Taraqiati Bank Limited) - Production loans up to Rs. 50,000/acre at markup 10-12%. 2) Bank of Punjab - Kisan Dost scheme. 3) National Bank of Pakistan - Agri loans. 4) Telenor Microfinance Bank (Easypaisa) - small loans. 5) Kisan Card (Punjab) - cash credit for inputs. Requirements: land ownership/lease record CNIC. Loan covers seed fertilizer pesticides. Repay after harvest.,
matter,AskingHelp,What agricultural insurance is available for matter crops in Pakistan?,1) PM Crop Insurance Scheme (under Kisan Package) - covers matter (vegetables). 2) Premium: 3-5% of sum insured (farmer pays 50% govt subsidy 50%). 3) Coverage: Yield loss >30% due to drought flood hail pests diseases. 4) Claim: Rs. 20,000-50,000/acre depending on coverage. 5) Providers: State Life Insurance Takaful Pakistan. Enrollment before sowing (Oct-Nov). Contact agriculture department for Kisan Card insurance component.,
matter,Pesticide,Where can a farmer in Pakistan report disease outbreaks or pest attacks on matter?,1) District Agriculture Office (Extension) - immediate reporting. 2) Plant Protection Department - for locusts/quarantine pests. 3) Kisan Helpline 0800-15000 (Punjab). 4) Agriculture Complaint Cell 0800-30000. 5) Local Agriculture Field Assistant (FA) - village level. 6) WhatsApp groups of agriculture department. 7) Crop Reporting Centre (for statistics). For powdery mildew outbreak: report early so advisory can be issued.,
matter,AskingHelp,What role does the Provincial Agriculture Department play in supporting matter farmers?,1) Provide extension services (field visits training). 2) Distribute subsidized inputs (seed fertilizer). 3) Soil testing facilities (free/low cost). 4) Pest/disease forecasting and alerts. 5) Subsidy administration (Kisan Card drip irrigation). 6) Organize farmer field days and demonstrations. 7) Link farmers with credit and insurance. 8) Research linkage (recommend improved varieties). 9) Market information and price updates. Contact Provincial Director Agriculture (extension wing).,

mustard,Cultivation,What is mustard and what is its agricultural importance in Pakistan?,Mustard (Brassica juncea) known as Rai or Sarson is an important rabi oilseed crop in Pakistan. Its agricultural importance includes: 1) Edible oil (35-42%) for cooking. 2) Oilcake (high protein 30-35%) as livestock feed. 3) Green manure (quick biomass). 4) Condiment (mustard seeds for pickles and spices). 5) Low water requirement (2-3 irrigations) suitable for rainfed areas. 6) Industrial use (lubricants soaps). 7) Honey production (mustard flowers attract bees).,
mustard,Cultivation,What are the main growing regions of mustard in Pakistan?,Mustard is grown throughout Pakistan but major regions: Punjab: Sargodha Faisalabad Sahiwal Okara Multan Bahawalpur and rainfed Pothwar (Rawalpindi Attock Chakwal). Sindh: Sukkur Jacobabad Larkana Shikarpur. KPK: Peshawar Mardan Dera Ismail Khan. Balochistan: Nasirabad Jaffarabad Sibi (spring crop).,
mustard,Cultivation,What are the climate and temperature requirements for successful cultivation of mustard in Pakistan?,Mustard requires cool temperate climate. Optimum temperature: 15-25°C for vegetative growth 12-20°C for flowering and pod formation. Minimum for germination: 5-7°C. Maximum tolerance: 30°C (above this reduces oil content). Frost at flowering (>-2°C) damages flowers. Requires 300-400mm rainfall or irrigation. Dry weather at harvest essential.,
mustard,Cultivation,In which season(s) is mustard cultivated in Pakistan (Rabi/Kharif)?,Mustard is primarily a Rabi (winter) crop in plains of Pakistan sown October-November and harvested March-April. In high altitude areas (Balochistan KPK hills) it is grown as a spring/summer crop (Kharif) sown February-March and harvested June-July.,
mustard,HarvestTime,What is the typical crop duration/life cycle of mustard from sowing to harvest?,Typical crop duration is 110-145 days depending on variety and climate. Early varieties: 100-110 days. Medium varieties: 115-125 days. Late varieties: 130-145 days. In warm plains: shorter duration. In cool highlands: longer duration.,
mustard,Cultivation,What are the growth stages of mustard and what happens at each stage?,1) Germination (0-8 days): Seed absorbs water radicle emerges at 5-10°C. 2) Seedling (8-20 days): First true leaves root development. 3) Rosette/vegetative (20-50 days): Leaf expansion stem thickening. 4) Stem elongation (50-65 days): Rapid stem growth branching. 5) Bud formation (65-75 days): Flower buds visible. 6) Flowering (75-95 days): Yellow flowers open for 15-25 days. 7) Pod formation (90-110 days): Siliqua develop fill with seeds. 8) Maturity (110-145 days): Pods turn yellow-brown seeds harden.,
mustard,Cultivation,How does mustard contribute to food security and the farming economy in Pakistan?,Mustard contributes: 1) Provides edible oil (reduces import bill). 2) Oilcake improves livestock productivity. 3) Generates income for small and rainfed farmers (Rs. 60000-100000/acre profit). 4) Low input cost (2-3 irrigations) suits resource-poor farmers. 5) Green manure improves soil for subsequent crops. 6) Honey production (beekeeping). 7) Export potential (seeds and oil to Middle East).,
mustard,Cultivation,How should land be prepared before sowing mustard in Pakistan?,Land should be prepared to fine tilth. Sequence: 1) Deep ploughing with disc plough (if hardpan present). 2) 2-3 cultivations with cultivator. 3) Planking after each cultivation. 4) Laser leveling for uniform moisture. 5) Final planking just before sowing. For heavy soils: add 1-2 more cultivations and make raised beds.,
mustard,Cultivation,How many ploughings are recommended for land preparation for mustard?,4-6 ploughings/tillage passes: 1 deep ploughing (every 2-3 years) + 2-3 cultivator passes + 1-2 plankings. In heavy clay soils: 5-6 passes. In sandy soils: 3-4 passes. Fine seedbed is important for small seeds.,
mustard,Cultivation,What is the role of deep ploughing in mustard cultivation?,Deep ploughing (25-30 cm) with disc plough: 1) Breaks hardpan and improves root penetration. 2) Enhances water infiltration and drainage. 3) Exposes soil pests (cutworms white grubs) to predators. 4) Incorporates crop residues. 5) Reduces weed seed bank. Do once every 2-3 years.,
mustard,Cultivation,What is the recommended land leveling (Laser Leveling) method before planting mustard?,Laser leveling is highly recommended. Benefits: 1) Uniform irrigation (prevents waterlogging in low spots). 2) Saves 20-30% irrigation water. 3) Improves germination uniformity. 4) Reduces weed patches. Field leveled to ±1 cm variation. Service cost: Rs. 2000-3000/acre. Subsidy available.,
mustard,Cultivation,Should ridges and furrows be made for mustard cultivation in Pakistan? How?,Ridges and furrows (raised beds) are recommended for heavy soils or high rainfall areas. Method: 1) Make 60-75 cm wide beds. 2) Sow 2-3 rows on each bed. 3) Row spacing 30-45 cm. 4) Furrow depth 15-20 cm. Benefits: prevents waterlogging improves drainage and reduces root rot. Not essential for sandy loam well-drained soils.,
mustard,HarvestTime,How should previously harvested crop residue be managed before planting mustard?,1) If previous crop was cereal (wheat rice maize): incorporate stubble by shallow ploughing. 2) Avoid planting mustard after other Brassicas (cabbage canola rapeseed) - minimum 3-4 year rotation. 3) Remove or deeply bury mustard residues after harvest (disease carryover - white rust Alternaria). 4) For rice stubble: manage with disc harrow + cultivator. 5) Do not burn residue - incorporate for organic matter.,
mustard,Irrigation,What pre-sowing irrigation (Raunni) is required for mustard land preparation?,Pre-sowing irrigation (raunni) given 15-20 days before sowing when soil moisture is low. Apply 3-4 acre-inches water. After irrigation: allow soil to reach field capacity then cultivate when moisture at good tilth. Saves 1-2 irrigations during crop growth. Essential for rainfed areas.,
mustard,Cultivation,What implements and machinery are used for land preparation for mustard in Pakistan?,1) Disc plough (deep ploughing). 2) Cultivator (2-3 passes). 3) Disc harrow (clod breaking). 4) Rotavator (fine seedbed - use moderately). 5) Plank (leveling and moisture conservation). 6) Laser land leveler. 7) Ridger/bed planter (for raised beds).,
mustard,Cultivation,How many days before sowing should land preparation begin for mustard?,Start land preparation 15-20 days before sowing. Timeline: Day 1: deep ploughing (if needed). Day 2-5: first cultivation + planking. Day 7-10: second cultivation + planking. Day 12-14: pre-sowing irrigation (if needed). Day 15-18: final cultivation + planking + bed making. Day 18-20: sowing.,
mustard,Cultivation,How does land preparation differ for irrigated vs. rainfed (Barani) mustard cultivation?,Irrigated: finer seedbed required laser leveling important ridges for heavy soils pre-sowing irrigation optional. Rainfed (Barani): focus on moisture conservation - fewer cultivations (3-4 passes) deep ploughing for water storage no pre-sowing irrigation rougher seedbed to reduce evaporation mulching with crop residue. Use drought-tolerant varieties.,
mustard,Cultivation,What is the recommended seed rate (kg/acre) for mustard in Pakistan?,Recommended seed rate: 3-4 kg/acre for drill sowing. Broadcast: 4-5 kg/acre. Rainfed areas: 4-5 kg/acre (compensates for poor germination). For bold-seeded varieties: 4-5 kg/acre. For small-seeded (canola types): 2.5-3 kg/acre. Seed treatment essential.,
mustard,Cultivation,What is the optimum row spacing and plant spacing for mustard in Pakistan?,Row spacing: 30-45 cm (12-18 inches). For rainfed: 30 cm (closer rows). For irrigated: 45 cm (wider rows for branching). Plant to plant spacing: 10-15 cm after thinning. Target plant population: 150000-200000 plants per acre. Closer spacing for rainfed (higher plant density).,
mustard,Cultivation,What is the recommended sowing depth for mustard seeds in Pakistan?,Sowing depth: 2-3 cm (1-1.5 inches). In sandy soils: 3-4 cm. In heavy soils: 1.5-2 cm. Deeper than 5 cm reduces emergence. Shallower than 1.5 cm risks drying out or bird damage. Seed should be placed in moist soil.,
mustard,Cultivation,What sowing method is best for mustard — broadcast (Chatha) drill dibbling or transplanting?,Drill sowing is best: 1) Uniform depth and spacing. 2) Seed saving (20-25% less seed). 3) Better germination. 4) Easier weed control. 5) Higher yield (10-15% more). Broadcasting (chatha) is traditional but inefficient. Dibbling is labor intensive. Transplanting not practiced for mustard.,
mustard,Weather,How should mustard be sown after a previous crop (e.g. rice-wheat or cotton-wheat system)?,1) After rice: Use zero-till drill to sow mustard into rice stubble. Allow 7-10 days for field to dry after rice harvest. 2) After cotton/wheat: Conventional tillage with 2-3 cultivations. 3) Ensure no herbicide carryover (pendimethalin from rice can damage mustard). 4) In rice-wheat system mustard can be relay cropped 10-15 days before wheat harvest. 5) Mustard after maize: excellent rotation.,
mustard,Cultivation,Can mustard be sown using zero-till or minimum-till techniques in Pakistan?,Yes zero-till is successful for mustard especially after rice. Benefits: 1) Saves 15-20 days and Rs. 3000-4000/acre land prep. 2) Moisture conservation. 3) Earlier sowing by 10-15 days. 4) Reduced weed pressure. Use zero-till drill with inverted T-type furrow opener. Seed rate: increase by 10-15% (3.5-4.5 kg/acre). Apply pre-emergence herbicide.,
mustard,Cultivation,What equipment or tools (Seed Drill Planter) are used for sowing mustard in Pakistan?,1) Conventional seed drill (most common) - 9-11 row. 2) Zero-till drill (for after rice). 3) Bed planter (for ridge sowing). 4) Vegetable planter (precision). 5) Manual dibbler (small farms). 6) Pora (traditional). Calibrate drill for 3-4 kg/acre seed rate. Row spacing 30-45 cm.,
mustard,HarvestTime,What are all the major crop management activities for mustard from sowing to harvest?,Timeline: 0-10 days: sowing seed treatment. 10-20 days: germination check gap filling first irrigation. 20-30 days: first weeding inter-cultivation. 30-40 days: top dressing N second weeding branching stage. 40-50 days: flowering - irrigation pest monitoring (aphids whitefly). 50-70 days: pod formation - second irrigation disease monitoring (white rust Alternaria). 70-90 days: pod filling - late irrigation if needed. 100-145 days: harvest.,
mustard,Cultivation,What is the complete activity calendar (timeline) for mustard cultivation in Pakistan?,October: land preparation (15-30 Oct). November: sowing (1-20 Nov). November-December: germination emergence gap filling (15 Nov-10 Dec) first irrigation (20-30 Nov). December: first weeding (1-15 Dec) inter-cultivation (15-31 Dec). January: top dressing N (1-15 Jan) second weeding (15-31 Jan) flowering (20-31 Jan). February: pod formation (1-20 Feb) second irrigation pest/disease monitoring. March: pod filling (1-15 Mar) late irrigation. March-April: harvest (15 Mar-15 Apr).,
mustard,Cultivation,When should thinning (Gidai) be done in mustard cultivation and how?,Thinning at 15-20 days after sowing when plants are 8-10 cm tall. Method: 1) Remove excess plants to achieve spacing 10-15 cm between plants. 2) Keep healthier vigorous plants. 3) Remove weak diseased and damaged seedlings. 4) Do not disturb roots of retained plants. 5) Irrigate lightly after thinning. Target population: 150000-200000 plants/acre.,
mustard,Cultivation,When should earthing up (Mitti charhana) be done for mustard and why?,Earthing up is generally not required for mustard. For tall varieties or high lodging risk: light earthing up at 30-35 days (after first irrigation). Method: pull soil around base of plants (5-8 cm high). Benefits: supports stems prevents lodging covers weeds improves drainage. Not practiced in rainfed areas.,
mustard,Cultivation,How should inter-cultivation (Godi) be done in mustard fields?,Inter-cultivation at 25-30 days and 40-45 days after sowing. Method: 1) Use hand hoe (khurpa) or wheel hoe. 2) Cultivate between rows at 5-8 cm depth. 3) Avoid damaging plant roots. 4) Also breaks soil crust removes weeds aerates soil. For large areas: use cultivator with adjustable tines set to avoid plants.,
mustard,Cultivation,What is the process of transplanting mustard seedlings (if applicable) and when should it be done?,Transplanting is NOT practiced for mustard in Pakistan. Mustard is always direct seeded due to taproot sensitivity and short growing season.,
mustard,Cultivation,What is the optimal plant population per acre for mustard in Pakistan?,Optimal plant population: 150000-200000 plants per acre (35-50 plants per square meter). For rainfed: 180000-220000 plants/acre (higher density). For irrigated: 120000-150000 plants/acre (more space for branching). Achieve by: seed rate 3-4 kg/acre + thinning. Higher population causes lodging and disease. Lower population reduces yield.,
mustard,Cultivation,How is gap filling done in mustard cultivation if germination is poor?,Gap filling at 10-15 days after sowing. Method: 1) Pre-soak seeds for 4-6 hours (for gap filling only). 2) Dibble 2-3 seeds per gap (missing plant area). 3) After emergence thin to 1-2 plants per gap. 4) Irrigate lightly after gap filling. 5) If gaps >30%: consider replanting (if early enough). Use same variety as original sowing.,
mustard,Cultivation,When and how should staking or support be provided to mustard plants?,Staking is generally not required for mustard as plants are 60-120 cm tall and self-supporting. For tall varieties (>150 cm) or high lodging risk: 1) Grow on raised beds. 2) Avoid excess N fertilizer. 3) Use lodging-resistant varieties (Raya Anmol). Staking individual plants is not practical for field crop.,
mustard,Cultivation,What is pinching or pruning in mustard and when should it be done?,Pinching (removal of apical meristem) is NOT recommended for mustard. It delays maturity reduces yield and is not practiced. Mustard naturally branches from base.,
mustard,Cultivation,How should mustard be managed during flowering to maximize fruit/grain set?,1) Ensure adequate soil moisture (irrigate if dry). 2) Avoid pesticide sprays during peak flowering (9 AM-4 PM) to protect bees and natural pollinators. 3) Provide boron (foliar 0.1% boric acid) at bud stage if deficient. 4) Protect from frost (irrigation before frost night or smoke). 5) Manage aphids (honeydew interferes with pollination). 6) Avoid overhead irrigation which washes pollen.,
mustard,Cultivation,What is the process of ratooning (Munda) for mustard in Pakistan? Is it recommended?,Ratooning is NOT recommended for mustard. Unlike sugarcane mustard does not regrow after harvest. Secondary growth is poor low yielding and disease-prone. Always plant fresh seed each season.,
mustard,Yield,How does crop canopy management improve yield of mustard?,Canopy management: 1) Optimum plant population (150000-200000 plants/acre) prevents overcrowding. 2) Proper row spacing (30-45 cm) allows light penetration and air circulation. 3) Avoid excess N which causes dense canopy and disease (white rust Alternaria). 4) Inter-cultivation improves air circulation. Good canopy = balanced vegetative growth + high pod yield.,
mustard,Cultivation,What field monitoring activities should a farmer do weekly during mustard season?,Weekly monitoring: 1) Germination % (first 2 weeks). 2) Plant stand and gaps. 3) Weed presence and type. 4) Pest scouting: aphids (check young shoots and flower buds) whitefly flea beetles painted bugs. 5) Disease signs: white rust (white pustules on leaves) Alternaria blight (dark spots) powdery mildew. 6) Nutrient deficiency symptoms (especially S and N). 7) Soil moisture. Record observations.,
mustard,Varieties,What are the most commonly grown varieties of mustard in Pakistan?,Commonly grown varieties include: 1) Raya Anmol (Punjab). 2) Punjab Sarson (PS). 3) Khanpur Raya (KPK). 4) Sindh Raya. 5) Dark Green Raya. 6) Local Desi (small seeded). 7) P-18 (high yield). Traditional varieties yield 8-12 maunds/acre.,
mustard,Varieties,What are the improved and recommended varieties of mustard approved by Pakistani agricultural research institutes?,Improved varieties approved by PARC/NARC/Ayub Research: 1) Raya Anmol (Ayub Research Faisalabad) - high yield 15-20 maunds/acre oil 40% drought tolerant. 2) Punjab Sarson (PS) - 14-18 maunds/acre medium maturity. 3) Khanpur Raya (KPK) - suitable for rainfed. 4) P-18 (NARC) - high oil content 42%. 5) Sindh Raya (Tandojam) - salt tolerant. 6) Canola-type varieties: Rainbow Cyclone (low erucic acid).,
mustard,Varieties,What are the early-maturing medium-maturing and late-maturing varieties of mustard available in Pakistan?,Early-maturing (100-110 days): P-18 Raya Anmol (early types). Medium-maturing (115-125 days): Punjab Sarson Khanpur Raya. Late-maturing (130-145 days): Sindh Raya Local Desi (hills). Early varieties suitable for double cropping (rice-mustard or cotton-mustard). Late varieties for high altitudes.,
mustard,Varieties,What high-yielding varieties of mustard give the best production in Pakistan?,Highest yielding varieties: 1) Raya Anmol (Ayub Research): 15-20 maunds/acre white rust tolerant. 2) Punjab Sarson: 14-18 maunds/acre good for irrigated areas. 3) P-18 (NARC): 14-16 maunds/acre early maturing. 4) Khanpur Raya: 12-15 maunds/acre (KPK). 5) Sindh Raya: 12-14 maunds/acre salt tolerant. Avoid old low-yielding landraces (8-10 maunds).,
mustard,Varieties,What are the drought-tolerant varieties of mustard recommended for rainfed areas of Pakistan?,1) Raya Anmol - moderate drought tolerance. 2) P-18 - early maturing escapes drought. 3) Khanpur Raya - for KPK rainfed. 4) Local Desi - adapted to rainfed Pothwar. These varieties have deeper roots earlier maturity and osmotic adjustment. Yield under rainfed: 8-10 maunds/acre vs 5-6 for non-adapted.,
mustard,Varieties,What heat-tolerant varieties of mustard are suitable for hot regions like Sindh and South Punjab?,1) P-18 - early maturing (100-110 days) escapes late heat. 2) Raya Anmol - moderate heat tolerance. 3) Sindh Raya - developed for Sindh salt and heat tolerant. Key management: early sowing (Nov 1-10) to complete pod filling before February heat. Avoid late varieties. For Sindh: sow by Nov 15 maximum.,
mustard,Soil,What type of soil is best suited for growing mustard in Pakistan?,Well-drained loamy or sandy loam soil rich in organic matter is best. Deep fertile soils (45-60 cm depth) with pH 6.0-7.5. Mustard tolerates a range of soils but avoid heavy clays (poor drainage) and very sandy soils (low fertility). Good drainage is critical.,loamy
mustard,Soil,What is the ideal soil pH range for mustard cultivation in Pakistan?,Ideal pH range is 6.0 to 7.5 (slightly acidic to neutral). Mustard can tolerate pH 5.5-8.0 but yields decline below 5.5 (aluminum toxicity) and above 8.0 (iron and manganese deficiency). At high pH >7.5: micronutrient availability reduced.,loamy
mustard,Soil,What soil texture (loamy sandy clayey) is most suitable for mustard?,Sandy loam and loam are most suitable - provide good drainage aeration and root penetration. Sandy soils: require frequent irrigation and organic matter. Clayey soils: problematic due to poor drainage (root rot) and crusting (poor emergence). Silty loam is also good.,loamy
mustard,Soil,Can mustard be grown on saline or sodic soils (Kallar) in Pakistan? What are the precautions?,Mustard has moderate salt tolerance (ECe up to 6-8 dS/m). On saline/sodic soils: 1) Apply gypsum at 50-100% GR based on soil test. 2) Use salt-tolerant varieties (Sindh Raya). 3) Pre-sowing leaching with 6-8 acre-inches good water. 4) Add FYM 10-12 tons/acre. 5) Use raised beds. 6) Avoid saline irrigation water (EC >2 dS/m). Not recommended on severely saline (ECe >10).,saline
mustard,Soil,What soil drainage conditions are required for mustard?,Good drainage is essential. Mustard is sensitive to waterlogging - 48-72 hours of standing water causes root suffocation and yellowing. Raised beds recommended in heavy soils or high rainfall areas. Good drainage prevents root rot and white rust.,clay
mustard,Soil,How does soil organic matter content affect the yield of mustard?,Higher organic matter (1.5-2.5%) improves: 1) Water holding capacity (critical in rainfed). 2) Nutrient availability (especially N and S). 3) Soil structure and root penetration. 4) Beneficial microbial activity. 5) Drought tolerance. Every 0.5% increase in OM can boost yield by 2-3 maunds/acre.,loamy
mustard,Soil,What soil testing should a farmer do before planting mustard in Pakistan?,Essential soil tests: 1) pH and EC (salinity). 2) Organic matter. 3) Available N (NO3-N). 4) Available P (Olsen P). 5) Available K. 6) Sulfur (S) - critical for mustard oil content. 7) Zinc (Zn) and Boron (B) for deficient soils. Sample depth: 6-9 inches. Send to provincial soil testing lab (free or low cost).,loamy
mustard,Soil,How should soil fertility be maintained or improved for repeated cultivation of mustard?,1) Crop rotation: mustard after cereals (wheat maize) - not after other Brassicas (cabbage canola rapeseed) to avoid disease buildup. 2) Apply FYM/compost 8-10 tons/acre every 2-3 years. 3) Green manuring (guar dhaincha) before mustard. 4) Balanced NPK and S fertilization. 5) Incorporate crop residues (not mustard residues). 6) Use biofertilizers (PSB).,loamy
mustard,Soil,What are the signs of poor or unsuitable soil for mustard cultivation?,Signs: 1) Water pooling after rain (poor drainage). 2) White salt crust (saline). 3) Stunted yellow plants (N or S deficiency). 4) Purple leaf margins (P deficiency). 5) Cracked clay surface. 6) Poor germination and seedling death (crusting or salinity).,loamy
mustard,Soil,What soil preparation practices improve the structure and health of soil for mustard?,1) Deep ploughing (25-30 cm) every 2-3 years. 2) Add organic matter (FYM 8-10 tons/acre). 3) Green manuring 6-8 weeks before sowing. 4) Gypsum application for sodic soils. 5) Laser leveling for uniform irrigation. 6) Avoid excessive tillage. 7) Raised bed preparation for heavy soils.,loamy
mustard,SowingTime,When is the best time to sow mustard in Punjab Pakistan?,Optimum sowing: October 15 to November 15. North/Central Punjab (Sargodha Faisalabad Gujranwala): Oct 20-Nov 10. South Punjab (Multan Bahawalpur): Nov 1-20. Early sowing (Oct) risks high temperature poor germination. Late sowing (Dec) reduces yield due to heat during pod filling. Rainfed Pothwar: Oct 15-30.,
mustard,SowingTime,When is the best time to sow mustard in Sindh Pakistan?,Sindh: October 15 to November 30. Upper Sindh (Sukkur Jacobabad): Oct 25-Nov 15. Lower Sindh (Hyderabad Mirpurkhas): Nov 1-30. Warmer climate allows later sowing. Avoid December sowing as high temperatures reduce oil content. For spring crop: Jan-Feb.,
mustard,SowingTime,When is the best time to sow mustard in KPK Pakistan?,KPK: October 1 to November 15. Peshawar valley: Oct 15-Nov 15. Dera Ismail Khan: Nov 1-20. Higher elevations (Swat Abbottabad): March-April (spring crop) - sow after frost risk passes. Use cold-tolerant varieties.,
mustard,SowingTime,When is the best time to sow mustard in Balochistan Pakistan?,Balochistan: Two seasons. Plains (Sibi Naseerabad): Oct 15-Nov 30 (winter crop). Highlands (Quetta Pishin Kalat): March-April (spring crop) - sow after last frost (mid-March). Summer crop in high valleys: May-June.,
mustard,SowingTime,When is the best time to sow mustard in South Punjab (Multan Bahawalpur DG Khan)?,South Punjab: November 1 to November 20. Warmer winter allows later sowing. Sow by Nov 20 maximum. Delay to December reduces yield 1-2% per day due to heat stress. Heat-tolerant varieties recommended. For early market: sow Oct 25-Nov 5.,
mustard,SowingTime,What happens if mustard is sown too early or too late in Pakistan?,Too early (September-early October): 1) High temperatures (>30°C) reduce germination. 2) Vegetative growth excessive. 3) Early flowering in warm weather - poor pod set. 4) More pest pressure (aphids whitefly). Too late (December onward): 1) Shortened growing season. 2) Heat stress during pod filling - small shriveled seeds. 3) Lower oil content (35% vs 42%). 4) Lower yield (40-60% loss).,
mustard,SowingTime,How does sowing time affect the yield and quality of mustard?,Yield: Each week delay after Nov 15 reduces yield by 5-10%. Optimum Nov sowing gives 15-20 maunds/acre. December sowing gives 8-12 maunds. Quality: Late sowing reduces oil content (35% vs 42%) and increases erucic acid. Early sowing produces larger seeds but risk of frost damage at flowering in north.,
mustard,Cultivation,What seed treatment (Zahar-alood) should be done before sowing mustard in Pakistan?,Seed treatment is essential for mustard: 1) Fungicide for seed-borne diseases (Alternaria white rust). 2) Insecticide for early pests (aphids flea beetles). 3) Micronutrient coating (optional). Treat seeds 24-48 hours before sowing. Use 10-15 ml water per kg seed for uniform coating.,
mustard,Soil,Which fungicide is recommended for seed treatment of mustard to prevent soil-borne diseases?,Recommended fungicides: 1) Carbendazim (Bavistin) 2g per kg seed. 2) Thiram 2.5g per kg seed. 3) Captan 2g per kg. 4) Metalaxyl (Apron) 2g per kg - effective against downy mildew and white rust. 5) Tebuconazole (Raxil) 1.5ml per kg. These control seed-borne Alternaria and white rust.,
mustard,Pesticide,Which insecticide is recommended for seed treatment of mustard to protect against early pests?,1) Imidacloprid (Confidor) 5ml per kg seed - controls early aphids and flea beetles up to 30 days. 2) Chlorpyrifos 2-3ml per kg - for termites. 3) Thiamethoxam (Cruiser) 4ml per kg - broad spectrum. 4) Carbofuran (Furadan) 3G 5g per kg - for soil pests (highly toxic - handle with care). For termite-prone areas use chlorpyrifos.,
mustard,Cultivation,What is the process of seed treatment for mustard — dose method and timing?,Process: 1) Calculate seed quantity (3-4 kg/acre). 2) Mix required fungicide + insecticide in 50-100ml water per kg seed. 3) Spread seeds on clean polythene sheet. 4) Pour solution gradually while mixing manually (wear gloves). 5) Ensure uniform coating. 6) Dry in shade for 1-2 hours (not direct sun). 7) Sow within 24-48 hours.,
mustard,Cultivation,Should mustard seeds be soaked in water before sowing? For how long?,Soaking is NOT recommended for mustard. Soaked seeds: 1) Swell and become sticky - clump during drilling. 2) Rot in cold wet soil. 3) Attract birds. Dry seed treatment followed by direct sowing is best.,
mustard,Cultivation,How does seed treatment affect germination rate and early growth of mustard?,Seed treatment increases germination from 60-70% (untreated) to 85-95% (treated). Fungicide protects from damping off and seed rot. Insecticide protects from flea beetles and aphids. Result: 15-20% higher yield potential and uniform stand.,
mustard,Cultivation,What is bio-priming or microbial seed treatment for mustard in Pakistan?,Bio-priming involves treating seeds with beneficial microbes: 1) Azotobacter or Azospirillum (N-fixers) - 1 packet (500g) for 10-15 kg seed. 2) PSB (Phosphorus Solubilizing Bacteria) - 1 packet for 10 kg seed. 3) Trichoderma harzianum (bio-fungicide) - 5g per kg seed. Mix with jaggery solution (50g jaggery in 1L water) as adhesive. Dry in shade. Reduces chemical fertilizer need by 15-25%.,
mustard,HarvestTime,How should treated mustard seed be stored before sowing?,Treated seeds should be sown within 24-48 hours maximum. Do not store treated seeds for more than 7 days as fungicides degrade. If storage unavoidable: keep in cool dry place (10-15°C) in breathable (not plastic) bags. Never mix treated seeds with untreated seeds.,
mustard,Cultivation,What are the safety precautions when doing seed treatment for mustard?,1) Wear gloves and mask. 2) Do not eat/drink during treatment. 3) Treat in well-ventilated area. 4) Wash hands thoroughly after treatment. 5) Keep treated seed away from children and livestock. 6) Dispose empty chemical containers properly (triple rinse then crush). 7) Do not use treated seed for oil extraction or consumption.,
mustard,Pesticide,What are the major weeds (Khar-palwar) found in mustard fields in Pakistan?,Major weeds: Broadleaf: 1) Bathu (Chenopodium album). 2) Maina (Asphodelus tenuifolius). 3) Peeli Buti (Fumaria parviflora). 4) Lehli (Sonchus asper). 5) Jangli palak (Rumex dentatus). 6) Kandiar (Convolvulus arvensis). Grasses: 1) Wild oat (Avena fatua) - most problematic. 2) Phalaris minor (Dumbi sitti). 3) Cyperus rotundus (Deela). 4) Cynodon dactylon (Khabbal grass).,
mustard,Pesticide,What is the critical period of weed competition in mustard cultivation?,Critical period: 15 to 50 days after sowing (from seedling to flowering). Weeds competing during this period cause 40-70% yield loss. First 30 days are most critical. Keep weed-free during this window. After 50 days mustard canopy closes and suppresses late weeds.,
mustard,Pesticide,How does weed competition affect the yield of mustard in Pakistan?,Weed competition can reduce yield by 40-70%. Heavy infestation: yield drop from 20 maunds to 6-8 maunds/acre. Grassy weeds (wild oat) are more damaging than broadleaf. Weeds compete for: water (critical in rainfed) nutrients (especially N and S) light and space. Also harbor pests (aphids) and diseases.,
mustard,Pesticide,What are the recommended herbicides (Zahar) for weed control in mustard in Pakistan?,1) Pre-emergence: Pendimethalin (Stomp) 500-600ml/acre or Trifluralin (Treflan) 400-500ml/acre. 2) Pre-plant incorporated: Trifluralin. 3) Post-emergence (broadleaf): MCPA 300-400ml/acre (apply before flowering). 4) Post-emergence (grasses): Quizalofop (Topik) 300ml/acre or Fenoxaprop (Puma) 400ml/acre. DO NOT use 24-D on mustard - causes severe pod distortion and yield loss.,
mustard,Pesticide,What pre-emergence herbicides are used for mustard weed control?,Pre-emergence (apply within 3 days of sowing before weed emergence): 1) Pendimethalin (Stomp) 500-600 ml/acre - effective on grasses and small-seeded broadleaf weeds. 2) Trifluralin (Treflan) 400-500 ml/acre - incorporate into top 5-8 cm soil within 24 hours. Apply on moist soil. Do not use on sandy soils (leaching risk).,
mustard,Pesticide,What post-emergence herbicides are used for mustard weed control?,Post-emergence (apply at 20-30 days after sowing before flowering): For broadleaf weeds: MCPA 300-400 ml/acre at 3-5 leaf stage of weeds. For grassy weeds: Quizalofop ethyl (Topik) 300ml/acre or Fenoxaprop (Puma) 400ml/acre. DO NOT use 24-D (causes severe pod distortion). Do not spray after bud formation (45 days).,
mustard,Pesticide,What is the correct dose and timing of herbicide application in mustard?,Pendimethalin: 500-600 ml/acre within 3 days of sowing. MCPA: 300-400 ml/acre at 20-30 days (weed 3-5 leaf). Quizalofop: 300ml/acre at 20-30 days for grass weeds. Use 100-120 liters water/acre. Flat fan nozzle. Apply in morning when no wind/rain. Do not spray after flowering.,
mustard,Pesticide,How should manual weeding (Khurpa/Godi) be done in mustard fields?,Manual weeding: 1st weeding at 20-25 days (after thinning). 2nd weeding at 40-45 days (before flowering). Method: 1) Use khurpa (hand hoe) to cut weeds just below soil surface. 2) Remove weeds from field (don't leave uprooted weeds). 3) Be careful not to disturb mustard roots. 4) Weeding also aerates soil. Labor requirement: 15-20 person-days/acre for two weedings.,
mustard,Pesticide,How many manual weedings are recommended for mustard cultivation in Pakistan?,Two manual weedings are recommended: 1st at 20-25 days after sowing. 2nd at 40-45 days after sowing. In low weed pressure areas: one weeding at 25-30 days may suffice. In heavy weed infestation: two weedings + pre-emergence herbicide. Rainfed areas: timely weeding critical due to limited moisture.,
mustard,Pesticide,What mechanical methods (Weeders) can be used for weed control in mustard?,1) Wheel hoe (hand-operated) - for row spacing 30-45 cm. 2) Tractor-drawn cultivator with adjustable tines - for large fields (set to avoid plant rows). 3) Cono-weeder (for narrow rows). Mechanical weeding at 25-30 and 40-45 days. Inter-cultivation should be shallow (5-8 cm) to avoid root damage. Followed by manual removal of intra-row weeds.,
mustard,Pesticide,How can mulching help control weeds in mustard cultivation?,Mulching is effective for mustard: 1) Straw mulch (wheat/rice) at 3-4 tons/acre applied after sowing suppresses weeds. 2) Reduces weed germination by blocking light. 3) Also conserves soil moisture (valuable for rainfed). 4) Plastic mulch not economical for mustard. 5) Crop residue from previous season can be left as surface mulch.,
mustard,Pesticide,What safety precautions should be taken when applying herbicides to mustard?,1) Wear PPE (gloves mask goggles). 2) Read label instructions. 3) Calibrate sprayer correctly. 4) Do not spray on windy days (drift damages nearby crops). 5) Avoid application before rain. 6) Clean equipment thoroughly after use. 7) Dispose containers properly. 8) Observe pre-harvest interval (PHI - usually 30-40 days). 9) Do not enter field for 24 hours after spraying. 10) Specifically: NEVER use 24-D on mustard.,
mustard,Pesticide,What are the major insect pests of mustard in Pakistan?,Major pests: 1) Mustard aphid (Lipaphis erysimi) - most damaging. 2) Painted bug (Bagrada hilaris). 3) Flea beetle (Phyllotreta spp.) - seedling stage. 4) Whitefly (Bemisia tabaci). 5) Cutworm (Agrotis spp.) - seedling stage. 6) Pod borer (Helicoverpa armigera) - occasional. 7) Leaf miner (Liriomyza spp.). 8) Red spider mite (Tetranychus spp.) - in dry conditions.,
mustard,Pesticide,What is the economic threshold level (ETL) for major pests of mustard in Pakistan?,Mustard aphid: 30-50 per plant or 20% plants infested. Painted bug: 5-10 per plant. Flea beetle: 5-10% leaf area damaged. Whitefly: 5-10 per leaf. Cutworm: 2-3 cut seedlings per square meter. Pod borer: 5-10% pods infested. Spray only when ETL reached (avoid unnecessary pesticides to protect pollinators).,
mustard,Pesticide,How can I identify sucking pests (aphids whitefly thrips jassids) attacking mustard?,Aphids: Small (2-3mm) pear-shaped green/black insects in colonies on young leaves stems and flower buds. Sticky honeydew + sooty mold. Whitefly: Tiny white winged insects fly when plant disturbed. Yellow leaves. Thrips: Tiny (1mm) slender yellow/brown insects. Silvery streaks on leaves and pods. Jassids: Pale green wedge-shaped insects. Leaves curl downward with white edges.,
mustard,Pesticide,What damage does the stem borer cause to mustard and how to identify it?,Stem borer (rare in mustard). Damage: Larva bores into stem causing wilting of terminal shoot. Plant may break at bored point. Identification: Small hole near base frass (sawdust) around hole. Control: Remove and destroy affected plants. Not common in Pakistan mustard.,
mustard,Pesticide,What damage does the fruit borer / bollworm cause to mustard and how to identify it?,Pod borer (Helicoverpa armigera) - same as cotton bollworm. Damage: Larvae bore into pods eat developing seeds. Identification: Holes in pods frass (black droppings) outside. Larvae green/brown with stripes. Pods shriveled with missing seeds. More common in late crop (February-March). Control: Emamectin benzoate or Spinosad.,
mustard,Cultivation,What damage does the leaf miner cause to mustard and how to identify it?,Leaf miner (Liriomyza spp.) - occasional. Damage: Larvae tunnel between leaf surfaces creating winding white mines. Identification: Blistered appearance white serpentine trails on leaves. Severely mined leaves turn yellow and drop. Control: Remove affected leaves. Cyromazine or Abamectin if severe.,
mustard,Pesticide,What damage do armyworms / cutworms cause to mustard seedlings in Pakistan?,Cutworms: Larvae cut seedlings at ground level at night. Damage: Plants fall over as if cut by knife. Patchy missing plants. Armyworms: Defoliation - skeletonized leaves. Identification: Larvae curled (C-shape) when disturbed in soil near damaged plants. Control: Chlorpyrifos drench around base.,
mustard,Pesticide,What damage does the whitefly cause to mustard and how to identify infestation?,Whitefly damage: 1) Suck sap causing yellowing and stunting. 2) Honeydew leads to sooty mold (black coating on leaves) reducing photosynthesis. 3) Vector of viral diseases (rare in mustard). Identification: Tiny white moths fly up when plant disturbed. Yellow sticky traps. Lower leaf yellowing. Sooty mold on upper leaves.,
mustard,Pesticide,What damage does the red spider mite cause to mustard and when does it appear?,Red spider mite (Tetranychus spp.) - appears in dry hot conditions (Feb-March late season). Damage: Stippling (tiny yellow/white spots) on leaves. Severe: leaves turn bronze/brown and dry. Fine webbing on underside. Identification: Tiny red dots visible with hand lens. Shake leaf over white paper - moving specks. Control: Abamectin or Fenpyroximate. Avoid pyrethroids.,
mustard,Pesticide,How do locusts and grasshoppers damage mustard in Pakistan?,Locusts (desert locust) and grasshoppers: 1) Defoliation - eat entire leaves and pods. 2) Can completely destroy crop in hours during swarms. 3) Grasshoppers cause irregular chewing damage. Identification: Presence of insects. Droppings on leaves. Control: Chlorpyrifos or Deltamethrin. District agriculture department issues alerts.,
mustard,Pesticide,What are the signs of termite infestation in mustard fields?,Signs: 1) Dried dead plants that pull out easily with no roots. 2) Mud tubes on plant stems near base. 3) Hollowed stems. 4) White/cream insects inside roots/stem when dug up. 5) Patchy plant death. More common in rainfed areas and fields with crop residues. Control: Chlorpyrifos seed treatment or soil drench.,
mustard,Pesticide,What are the signs of nematode infestation in mustard roots in Pakistan?,Root knot nematode (Meloidogyne spp.): Signs: 1) Galls (swellings) on roots (like beads). 2) Stunted yellow plants. 3) Wilting during day even with moisture. More common in sandy soils. Control: Crop rotation (with marigold or cereals). Apply nematicides (Carbofuran) only if severe. Soil solarization.,
mustard,Pesticide,How does the pest population in mustard vary across different regions of Pakistan?,Aphids: Severe in Pothwar (Punjab) and KPK - peak January-February. Painted bug: More in Sindh and South Punjab. Flea beetle: Problem in all rainfed areas at seedling stage. Mites: Late season (Feb-Mar) in Sindh and South Punjab. Pod borer: More in areas near cotton (Multan Bahawalpur). Whitefly: More in Sindh.,
mustard,Pesticide,What pests are more severe for mustard during the Kharif season?,Summer mustard (high altitude only): 1) Aphids (severe). 2) Flea beetles (seedling stage). 3) Whitefly. 4) Pod borer. 5) Mites (dry periods).,
mustard,Pesticide,What pests are more severe for mustard during the Rabi season?,Rabi (winter) pests: Aphids (most severe Nov-Feb). Painted bug (Dec-Feb). Flea beetles (Nov-Dec on seedlings). Whitefly (Nov-Jan in warmer areas). Pod borer (Feb-March late crop). Mites (Feb-Mar late season). Aphid population peaks in January-February.,
mustard,Pesticide,What pesticides are recommended for controlling aphids in mustard in Pakistan?,1) Imidacloprid (Confidor) 250ml/acre. 2) Thiamethoxam (Actara) 80g/acre. 3) Acetamiprid 200g/acre. 4) Dimethoate (Rogor) 400ml/acre. 5) Malathion 500ml/acre (less toxic to pollinators - use when bees not active). 6) Natural: Neem oil (2-3 L/acre). Alternate products to avoid resistance. Spray when ETL reached (30-50 aphids/plant).,
mustard,Pesticide,What pesticides are recommended for controlling whitefly in mustard in Pakistan?,1) Imidacloprid 250ml/acre. 2) Pyriproxyfen (Planter) 200ml/acre (insect growth regulator). 3) Buprofezin (Applaud) 300g/acre. 4) Diafenthiuron (Polo) 300ml/acre. 5) Spirotetramat (Movento) 150ml/acre - systemic. Add mineral oil (300ml/acre) as adjuvant. Rotate modes of action. Use yellow sticky traps for monitoring.,
mustard,Pesticide,What pesticides are recommended for controlling thrips in mustard in Pakistan?,1) Spinosad (Tracer) 80ml/acre. 2) Fipronil 400ml/acre. 3) Imidacloprid 250ml/acre. 4) Thiamethoxam 80g/acre. 5) Acetamiprid 200g/acre. Spray when thrips damage visible (silvery streaks). Early morning or evening application. Repeat after 7-10 days if needed.,
mustard,Pesticide,What pesticides are recommended for controlling stem borer in mustard in Pakistan?,Stem borer is rare in mustard. If present: 1) Chlorpyrifos 800ml/acre as spray. 2) Remove and destroy infested plants. Prevention: destroy crop residues after harvest.,
mustard,Pesticide,What pesticides are recommended for controlling fruit borer/pod borer in mustard in Pakistan?,1) Emamectin benzoate 200ml/acre. 2) Spinosad 80ml/acre. 3) Chlorantraniliprole (Coragen) 60ml/acre. 4) Indoxacarb 150ml/acre. 5) Lambda-cyhalothrin (Karate) 250ml/acre. Spray at flowering and pod formation when eggs/larvae seen. Use pheromone traps for monitoring (Helicoverpa armigera).,
mustard,Pesticide,What pesticides are recommended for controlling leaf miner in mustard in Pakistan?,1) Cyromazine (Trigard) 150g/acre - specific for leaf miners. 2) Abamectin 200ml/acre. 3) Spinosad 80ml/acre. 4) Chlorpyrifos 800ml/acre. Spray when first mines appear. Best results when larvae are small. Not usually economic in mustard.,
mustard,Pesticide,What pesticides are recommended for controlling red spider mite in mustard in Pakistan?,1) Abamectin (Kingmit) 200ml/acre. 2) Fenpyroximate (Ortus) 250ml/acre. 3) Spiromesifen (Oberon) 300ml/acre. 4) Sulfur 80% WP 500g/acre (also controls powdery mildew). 5) Propargite (Omite) 500ml/acre. DO NOT use pyrethroids (they kill natural enemies and flare mites). Repeat after 7 days.,
mustard,Pesticide,What pesticides are recommended for controlling cutworm/armyworm in mustard seedlings?,1) Chlorpyrifos (Lorsban) 800ml/acre - soil drench around base. 2) Lambda-cyhalothrin 250ml/acre - evening spray. 3) Carbaryl (Sevin) 400g/acre. 4) Bait: Mix 1kg bran + 10g Carbaryl + 1L water - spread in evening. Apply when cutting damage first seen. Remove weeds around field.,
mustard,Pesticide,What is the recommended dose and spray schedule for pesticide application on mustard?,Aphids: Spray when 30-50/plant or 20% infested. Schedule: Dec-Jan peak. Pod borer: Spray at flowering (Jan-Feb) if >5% pods infested. Painted bug: Spray at pod formation if >10 per plant. General schedule: Pre-flowering (Dec) for aphids. Use 100-120 L water/acre. Rotate pesticides every 15-20 days.,
mustard,Pesticide,How should pesticides be mixed and applied correctly for mustard pest control?,1) Fill spray tank 1/3 with clean water. 2) Add required pesticide dose (measure accurately). 3) Add adjuvant/wetter if recommended. 4) Fill to full volume while agitating. 5) Calibrate sprayer for 100-120 L/acre. 6) Use flat fan or hollow cone nozzles. 7) Spray in morning (6-9 AM) or evening (4-7 PM). 8) Avoid windy/rainy conditions. 9) Clean sprayer after use.,
mustard,Pesticide,What is the pre-harvest interval (PHI) for pesticides used on mustard in Pakistan?,Common PHI: Imidacloprid: 14 days. Thiamethoxam: 14 days. Spinosad: 7 days. Emamectin: 14 days. Chlorpyrifos: 15 days. Lambda-cyhalothrin: 14 days. Abamectin: 14 days. For mustard oil extraction: follow minimum PHI strictly. Do not harvest before PHI.,
mustard,Pesticide,What are the bio-pesticides or organic alternatives for pest control in mustard?,1) Neem oil (Azadirachtin) 1% - 2-3 L/acre for aphids whitefly. 2) Garlic-chili extract (10g garlic + 10g chili in 1L water boil strain dilute 1:10). 3) Tobacco extract (100g tobacco in 1L water soak 24h strain) - effective for aphids but toxic. 4) Entomopathogenic fungi: Beauveria bassiana (2g/L) for aphids. 5) Spinosad (bio-origin) for caterpillars. 6) Yellow sticky traps for whitefly/aphids. 7) Release ladybird beetles for aphid control.,
mustard,Pesticide,How can pheromone traps be used for pest monitoring in mustard fields?,For cutworm: Use pheromone lures in delta traps (1 trap per 2 acres). For pod borer (Helicoverpa): Use sex pheromone lures (1 trap per 2 acres). Place traps at canopy height (50-70 cm). Check daily for moth catch. Spray when catch exceeds threshold (e.g. 8-10 moths/trap/night for borer). Replace lures every 4-6 weeks.,
mustard,Pesticide,What safety equipment should a farmer wear while spraying pesticide on mustard?,1) Chemical-resistant gloves (nitrile rubber). 2) Face shield or goggles. 3) Respirator (N95 or charcoal mask for organic vapors). 4) Long-sleeved shirt and full pants. 5) Apron or coverall. 6) Rubber boots (not cloth shoes). 7) Hat. Wash PPE after use. Never reuse empty pesticide containers. Shower after spraying.,
mustard,Pesticide,What should a farmer do if accidental pesticide poisoning occurs during mustard spraying?,1) Remove person from contaminated area immediately. 2) Remove contaminated clothing. 3) Wash skin with soap and water for 15 minutes. 4) If swallowed: Do not induce vomiting (unless label says) - give water. 5) If inhaled: Move to fresh air. 6) Take pesticide container to hospital (for identification). 7) Seek immediate medical attention. 8) Call Poison Control (115 or local emergency).,
mustard,Pesticide,How should pesticide resistance be managed in mustard pests in Pakistan?,1) Rotate pesticides with different modes of action (IRAC groups). 2) Do not use same pesticide group repeatedly. 3) Spray only when ETL reached (not calendar-based). 4) Use recommended doses (not sub-lethal). 5) Integrate biological and cultural controls (IPM). 6) Leave untreated refuges for susceptible pests. 7) Use pheromone traps for monitoring. 8) Avoid tank mixing unrelated pesticides.,
mustard,Pesticide,When is the best time of day (morning/evening) to spray pesticide on mustard?,Best time: Early morning (6-9 AM) or late evening (4-7 PM). Reasons: 1) Bees and pollinators less active (protect beneficials). 2) Temperature moderate (15-25°C) - better efficacy. 3) Less evaporation. 4) Lower wind speeds. Avoid spraying: 1) Mid-day heat (>30°C). 2) Strong wind (>15 km/h). 3) When rain expected within 6 hours. 4) When leaves are wet (dew/rain).,
mustard,Pesticide,What integrated pest management (IPM) practices are recommended for mustard in Pakistan?,IPM components: 1) Use resistant varieties (Raya Anmol for white rust). 2) Crop rotation (3-4 years with cereals). 3) Clean seed (certified disease-free). 4) Balanced fertilizer (no excess N). 5) Optimum plant population (avoid dense canopy). 6) Monitoring (weekly scouting). 7) Economic thresholds (spray only when needed). 8) Biological control (conserve ladybirds lacewings). 9) Selective pesticides (avoid pyrethroids). 10) Sanitation (remove crop debris).,
mustard,Pesticide,How can crop rotation help reduce pests and diseases in mustard cultivation?,Crop rotation breaks pest/disease cycles: 1) Mustard after cereals (wheat maize) - not after other Brassicas (cabbage canola rapeseed) to avoid white rust and Alternaria buildup. 2) Minimum 3-4 years between Brassica crops. 3) Rotate with non-host crops to reduce Fusarium wilt (persists 5+ years). 4) Reduces nematode populations. 5) Improves soil health. Sample rotation: Wheat - mustard - fallow - maize - wheat.,
mustard,Varieties,How does selection of disease-resistant mustard varieties reduce losses in Pakistan?,Resistant varieties (Raya Anmol Punjab Sarson) provide: 1) 50-80% reduction in white rust severity. 2) Reduced need for fungicide sprays (saves Rs. 2000-3000/acre). 3) Higher yield (15-20 vs 8-12 maunds). 4) Better seed quality and oil content. 5) Reduced inoculum for neighboring fields. Always use resistant varieties where available.,
mustard,Pesticide,What cultural practices help prevent pest attacks on mustard?,1) Timely sowing (Nov 1-15) - avoids peak aphid season. 2) Avoid excess nitrogen (lush growth attracts aphids). 3) Proper spacing (30-45 cm) - air circulation reduces white rust and powdery mildew. 4) Weed control (weeds host aphids and painted bug). 5) Remove crop debris after harvest. 6) Deep ploughing in summer (exposes pupae). 7) Balanced irrigation (no waterlogging). 8) Intercropping with cereals (wheat) reduces pest colonization.,
mustard,Diseases,How does field sanitation (removing crop debris) prevent disease in mustard?,1) Removes white rust-infected plant material (overwintering inoculum). 2) Reduces Alternaria and Fusarium survival structures. 3) Removes volunteer plants (alternative hosts). 4) Destroys pest hiding places. 5) Practice: After harvest collect and burn or deep plough (>30cm) mustard stubble. Do not compost infected debris. Clean cultivation equipment between fields.,
mustard,Pesticide,How can border cropping or trap cropping reduce pests in mustard fields?,Border crop: Surround mustard field with 2-3 rows of wheat or barley. Wheat acts as physical barrier for aphid migration. Trap cropping: Sow radish or turnip 15 days earlier on field borders. These attract painted bugs and flea beetles away from mustard. When border crop is infested spray only the border (not main crop). Reduces pesticide use by 50-70%.,
mustard,Pesticide,What beneficial insects should be protected to help control pests in mustard?,Beneficial insects (Friends of farmers): 1) Ladybird beetles (Coccinella) - eat aphids (up to 50/day). 2) Lacewings (Chrysoperla) - larvae eat aphids. 3) Syrphid flies (hoverflies) - larvae eat aphids. 4) Parasitic wasps (Aphidius Diaretiella) - parasitize aphids. 5) Spiders - generalist predators. 6) Ground beetles - eat cutworms. Avoid broad-spectrum insecticides (pyrethroids organophosphates) to conserve them.,
mustard,Irrigation,How does proper irrigation management reduce disease risk in mustard?,1) Avoid over-irrigation - reduces humidity and white rust. 2) Drip/furrow irrigation (not overhead) - keeps foliage dry. 3) Irrigate in morning - leaves dry by evening. 4) Avoid waterlogging - reduces root rot. 5) Stop irrigation 10-15 days before harvest - prevents late season disease. Wet foliage + cool nights = disease explosion. Proper drainage is key.,
mustard,Fertilizer,How does proper fertilizer management help prevent disease in mustard?,1) Balanced NPK (not excess N) - excess N causes lush growth dense canopy high humidity more white rust and aphids. 2) Adequate P and K - strengthen cell walls improve disease resistance. 3) Apply K (potassium) - reduces white rust severity. 4) Sulfur - improves oil content and plant defense. 5) Micronutrients (Zn B) - prevent stress-induced susceptibility. 6) Organic matter (FYM) - improves soil health. Soil test before fertilizer application.,
mustard,Pesticide,What is the role of light traps and pheromone traps in mustard pest management?,Light traps: 1) Attract night-flying pests (cutworm moths). 2) Place 1 trap per 2 acres. 3) Operate from dusk to dawn. 4) Helps monitor pest emergence. Pheromone traps: 1) Species-specific (e.g. Helicoverpa for pod borer). 2) 1 trap per 2 acres. 3) Count moths daily. 4) Spray when catch exceeds threshold. Both are monitoring tools not direct control. Reduce unnecessary sprays.,
mustard,Pesticide,How should mustard fields be monitored regularly to catch pest/disease problems early?,Weekly monitoring schedule: 1) Walk in W pattern across field. 2) Check 10-20 random plants per acre. 3) Aphids: Count on top 10 cm and flower buds. 4) Painted bug: Check under leaves and on pods. 5) Diseases: Check leaves for white pustules (white rust) dark spots (Alternaria). 6) Record observations (notebook/phone). 7) Use hand lens for small pests. 8) Check field borders first (pests enter from edges). 9) Monitor weather forecasts (disease risk alerts). 10) Act when thresholds reached.,
mustard,Cultivation,What are the early warning signs that a mustard field needs immediate intervention?,1) Aphids: >30 per plant or sooty mold appears. 2) White rust: White pustules on >5% leaves. 3) Alternaria: Dark spots on >10% leaves. 4) Painted bug: >5 per plant or pod damage. 5) Cutworms: >5% seedlings cut. 6) Pod borer: Holes in >5% pods. 7) Wilt: Wilting plants with brown ring in stem. Don't wait - intervene immediately.,
mustard,Pesticide,How does intercropping reduce pest and disease pressure in mustard?,Intercropping mustard with wheat (2:4 or 2:6 ratio) reduces: 1) Aphid colonization (wheat acts as barrier and confuses aphids). 2) White rust spread (wheat reduces humidity and spore movement). 3) Painted bug (non-host crop). Intercropping pattern: 2 rows mustard + 4 rows wheat. Benefits: 25-30% reduction in pest/disease + additional income from wheat. Common practice in rainfed areas.,
mustard,Cultivation,What quarantine or phytosanitary measures apply to mustard planting material in Pakistan?,1) Certified seed from Punjab Seed Corporation or provincial seed corporations is disease-tested. 2) Imported mustard/rapeseed seed requires phytosanitary certificate from country of origin. 3) Prohibited: Seed from fields with white rust or Alternaria blight. 4) Local movement: No restrictions but recommended to use disease-free seed. 5) Report unusual disease outbreaks to Department of Plant Protection.,
mustard,Fertilizer,What are the recommended fertilizers for mustard cultivation in Pakistan?,Recommended fertilizers: 1) Nitrogen: Urea (46% N) or CAN (26% N). 2) Phosphorus: DAP (18-46-0) or SSP (18% P2O5 + 12% S). 3) Potassium: SOP (50% K2O + 18% S) or MOP (60% K2O). 4) Sulfur: SSP Gypsum (18% S) or Ammonium sulfate (24% S) - critical for oil content. 5) Micronutrients: Boron (Borax) and Zinc (ZnSO4) for deficient soils.,
mustard,Fertilizer,What is the recommended NPK dose per acre for mustard in Pakistan?,Recommended NPK: 30-40 kg N + 40-50 kg P2O5 + 20-30 kg K2O per acre. In kg/acre: N=30-40 P=40-50 K=20-30. For low fertility soils: N=45 P=55 K=35. For high fertility soils (after legumes): N=25 P=40 K=20. Sulfur: 15-20 kg S/acre. Adjust based on soil test.,
mustard,Fertilizer,What is the recommended dose of nitrogen (N) fertilizer for mustard in Pakistan?,30-40 kg N per acre. This equals: Urea 65-85 kg (1.3-1.7 bags) per acre OR CAN 115-155 kg per acre. Apply 1/2 at sowing (basal) and 1/2 as top dressing at 30-35 days (before flowering). On rainfed: apply all N at sowing. Do not exceed 40 kg N - excess causes lodging and more disease.,
mustard,Fertilizer,What is the recommended dose of phosphorus (P) fertilizer for mustard in Pakistan?,40-50 kg P2O5 per acre. This equals: DAP 85-110 kg (1.7-2.2 bags) OR SSP 220-280 kg per acre. Apply full dose at sowing (basal). Phosphorus is critical for: 1) Root development. 2) Flowering and pod set. 3) Oil synthesis. On P-deficient soils increase to 55-60 kg.,
mustard,Fertilizer,What is the recommended dose of potassium (K) fertilizer for mustard in Pakistan?,20-30 kg K2O per acre. This equals: MOP 35-50 kg (0.7-1.0 bag) OR SOP 40-60 kg per acre. Apply full dose at sowing. Potassium improves: 1) Water stress tolerance. 2) Disease resistance (white rust). 3) Seed size and oil content. On sandy soils use 30-35 kg K2O.,
mustard,Fertilizer,When and how should the first dose of fertilizer (Basal Dose) be applied to mustard?,Basal dose applied at sowing time: 1) Full P and K + 1/2 of N. 2) Apply in furrow 3-5 cm below and 2-3 cm to side of seed (drill placement). 3) If broadcasting: mix into top 5-10 cm soil during final cultivation. 4) Do not place fertilizer directly with seed (can damage germination). Use DAP (contains N+P) for basal.,
mustard,Cultivation,When and how should the second and subsequent doses (Top Dressing) be applied to mustard?,Top dressing: Apply remaining 1/2 N at 30-35 days after sowing (before flowering). Method: 1) Broadcast urea evenly. 2) Apply just before irrigation or light rain. 3) Avoid application when leaves are wet (causes leaf burn). 4) For rainfed: apply if good soil moisture present. No top dressing after flowering starts.,
mustard,Fertilizer,What is the role of sulfur (S) fertilizer in mustard cultivation in Pakistan?,Sulfur is critical for mustard (oilseed crop). Role: 1) Synthesis of glucosinolates (mustard oil pungency). 2) Formation of amino acids (methionine cysteine). 3) Oil content and quality. Deficiency: pale yellow leaves stunted growth low oil content. Apply 15-20 kg S/acre as SSP (12% S) gypsum (18% S) or Ammonium sulfate (24% S). Apply at sowing.,
mustard,Fertilizer,What is the role of zinc (Zn) fertilizer in mustard cultivation in Pakistan?,Zinc is essential for: 1) Auxin synthesis (IAA) for growth. 2) Pollen formation and seed set. 3) Oil synthesis. Deficiency symptoms: small leaves interveinal chlorosis stunted growth. Apply ZnSO4 5-8 kg/acre at sowing (mix with basal fertilizer). Foliar spray 0.3% ZnSO4 at 25-30 days for quick correction. Common in alkaline calcareous soils.,
mustard,Fertilizer,What is the role of boron (B) fertilizer in mustard cultivation in Pakistan?,Boron is critical for: 1) Pollen tube growth and fertilization. 2) Pod formation and seed set. 3) Stem strength (prevents hollow stem). Deficiency: poor pod set hollow stems cracked stems. Apply borax (11% B) 2-3 kg/acre at sowing (mix with fertilizer). Do not exceed 4 kg - boron toxicity. Foliar spray 0.1% boric acid at bud stage. Important in sandy and alkaline soils.,
mustard,Soil,What micronutrient deficiencies are commonly observed in mustard in Pakistani soils?,Common deficiencies: 1) Sulfur (S) - most common for oilseeds (pale leaves low oil). 2) Zinc (Zn) - in calcareous soils of Punjab. 3) Boron (B) - in sandy and alkaline soils (hollow stem poor pod set). 4) Iron (Fe) - in high pH soils (interveinal chlorosis). 5) Manganese (Mn) - in organic matter deficient soils.,
mustard,Fertilizer,How can organic fertilizers (FYM compost Green Manure) be used for mustard cultivation?,1) FYM/compost: Apply 8-10 tons/acre 15-20 days before sowing. Mix thoroughly into soil. 2) Green manuring: Sow guar (cluster bean) or dhaincha in July-August incorporate at 50% flowering (45-50 days) - adds 40-50 kg N/acre. 3) Vermicompost: 2-3 tons/acre at sowing. Organic sources improve soil health and reduce chemical fertilizer need.,
mustard,Fertilizer,What is the recommended dose of farmyard manure (FYM) for mustard in Pakistan?,8-10 tons (160-200 maunds) per acre. Apply well-rotted FYM (6-8 months old) 15-20 days before sowing. Spread uniformly and incorporate by cultivation. Fresh FYM should not be used (may contain weed seeds pathogens). FYM provides micronutrients improves soil structure and water holding capacity.,
mustard,Fertilizer,How does fertilizer application differ for irrigated vs. rainfed mustard cultivation?,Irrigated: Split N (1/2 basal + 1/2 top dressing). Higher N (40 kg/acre). Full P and K at sowing. Rainfed (Barani): All N applied at sowing (no top dressing - may not activate). Lower N (25-30 kg/acre) to avoid vegetative growth exceeding moisture. Band placement for efficiency. Add extra FYM (10-12 tons) for moisture conservation. Use PSB for P availability.,
mustard,Fertilizer,What are the signs of nitrogen deficiency in mustard?,Signs: 1) Uniform pale green to yellow leaves (starting from older leaves). 2) Stunted growth. 3) Reduced branching. 4) Small pale pods. 5) Low oil content. Remedy: apply urea 15-20 kg/acre as top dressing with irrigation.,
mustard,Fertilizer,What are the signs of phosphorus deficiency in mustard?,Signs: 1) Dark green or purplish tint on leaves (especially underside). 2) Delayed maturity. 3) Poor root development. 4) Reduced flowering and pod set. 5) Small shriveled seeds. Remedy: apply DAP or SSP at sowing in future crops. Foliar spray 1% DAP solution (emergency).,
mustard,Fertilizer,What are the signs of potassium deficiency in mustard?,Signs: 1) Yellowing and browning of leaf margins (scorching) starting from older leaves. 2) Weak stems prone to lodging. 3) Small pods with shriveled seeds. 4) Increased disease susceptibility (white rust). 5) Leaf curling. Remedy: apply MOP or SOP at sowing. For severe: potassium sulphate foliar spray 0.5%.,
mustard,Cultivation,What are the signs of sulfur deficiency in mustard?,Signs: 1) Pale yellow-green leaves (similar to N deficiency but starts on young leaves). 2) Stunted growth. 3) Thin stems. 4) Reduced oil content and pungency. 5) Delayed maturity. Remedy: apply SSP (15-20 kg S/acre) or gypsum at sowing. Sulfur is critical for oilseeds.,
mustard,Fertilizer,What are the signs of zinc deficiency in mustard?,Signs: 1) Interveinal chlorosis (yellow between green veins) on young leaves. 2) Stunted growth with short internodes. 3) Small distorted leaves. 4) Delayed flowering. 5) Poor pod set. Remedy: ZnSO4 5-8 kg/acre soil application or foliar spray 0.3% ZnSO4 at 25-30 days.,
mustard,Fertilizer,What happens if too much fertilizer (over-dose) is applied to mustard?,1) Excess N: Excessive vegetative growth lodging delayed maturity poor pod set more aphids lower oil content. 2) Excess P: Induces Zn deficiency. 3) Excess K: Can cause Mg deficiency. 4) Excess fertilizer (any): Salt injury to roots leaf burn groundwater pollution wasted money. For mustard: excess N is the most common problem. Always follow recommended doses.,
mustard,Fertilizer,What are the recommended fertilizer products (brand names) available in Pakistan for mustard?,1) Urea: Sona Urea Engro Urea Fauji Urea. 2) DAP: Engro DAP Fauji DAP ICI DAP. 3) SSP: Pakarab SSP (good source of P and S). 4) SOP: Fauji SOP Engro SOP (for K and S). 5) MOP: Engro MOP FFC MOP. 6) ZnSO4: Fauji Zinc Engro Zinc. 7) Borax: Madak Borax. 8) Ammonium sulfate: Fauji AS (24% S).,
mustard,Fertilizer,How should urea be applied to mustard to avoid losses from volatilization (gas loss)?,1) Apply urea just before irrigation (within 1-2 days) or light rain. 2) Incorporate into soil by light cultivation (2-3 cm depth) if no irrigation. 3) Do not broadcast urea on dry soil without incorporation - ammonia loss up to 30%. 4) Use neem-coated urea (slower release lower loss). 5) Split application (two doses) reduces loss per application.,
mustard,Irrigation,How many irrigations does mustard require in total during its growing season in Pakistan?,Mustard requires 2-4 irrigations in irrigated areas. Rainfed (Barani): 0-2 supplemental irrigations if available. Irrigation schedule: 1st at 20-25 days (branching). 2nd at 40-45 days (flowering - CRITICAL). 3rd at 65-75 days (pod formation). 4th at 85-95 days (pod filling - only if needed). Mustard is drought-tolerant.,
mustard,Irrigation,When should the first irrigation (Pehl-pani) be given to mustard after sowing?,First irrigation at 20-25 days after sowing (branching stage). Earlier irrigation (before 15 days) may cause waterlogging and seedling damping off. Delay beyond 30 days reduces branching and yield. In rainfed areas: rely on soil moisture - irrigate only if severe drought.,
mustard,Irrigation,What are the critical growth stages of mustard that require mandatory irrigation?,Three critical stages: 1) Flowering stage (40-50 days) - water stress causes flower drop poor pollination reduced pod set (30-40% loss). 2) Pod formation and filling (65-80 days) - stress reduces seed size and oil content. 3) Branching stage (20-30 days) - stress reduces branches and pods. Avoid stress at these stages.,
mustard,Irrigation,How many days apart should irrigations be given to mustard in summer (Kharif) in Pakistan?,Summer mustard (high altitude areas only - Balochistan KPK hills): interval 10-15 days. Higher temperatures increase evapotranspiration. Light frequent irrigations (2-3 acre-inches) are better. Avoid overhead irrigation during flowering.,
mustard,Irrigation,How many days apart should irrigations be given to mustard in winter (Rabi) in Pakistan?,Winter irrigation interval: 20-30 days depending on soil type. Sandy soils: 15-20 days. Loamy soils: 20-25 days. Clay soils: 25-30 days. Cool temperatures (10-20°C) reduce evapotranspiration. Do not irrigate if soil already wet or frost forecast.,
mustard,Irrigation,What is the total water requirement (acre-inches) of mustard per crop season?,Total water requirement: 250-350 acre-inches (6-8 million liters per acre). This is equivalent to 2-4 irrigations of 3-4 acre-inches each plus effective rainfall (100-150mm). Mustard is relatively drought-tolerant compared to wheat or rice.,
mustard,Irrigation,What irrigation method is suitable for mustard in Pakistan — flood furrow drip or sprinkler?,1) Furrow irrigation: Best method - saves water prevents waterlogging reduces foliar diseases. 2) Border strip/flood: Acceptable on level fields but can cause waterlogging. 3) Sprinkler: Excellent for sandy soils undulating land and frost protection - saves 25-30% water. 4) Drip: Not economical for mustard (low value crop) but works. Avoid basin flooding on heavy soils.,
mustard,Irrigation,How does drip irrigation improve the water use efficiency of mustard in Pakistan?,Drip irrigation saves 40-50% water compared to flood but is not cost-effective for mustard (Rs. 120000-150000/acre setup cost). For high-value seed production or water-scarce areas drip allows precise water delivery reduces weed growth and prevents foliar diseases. Government 60% subsidy available.,
mustard,Irrigation,How should irrigation be managed during the flowering stage of mustard?,Flowering stage (40-50 days) is critical. Management: 1) Ensure adequate soil moisture - avoid water stress. 2) Light irrigation (2-3 acre-inches) rather than heavy. 3) Avoid overhead sprinkler during peak flowering (9 AM-4 PM) - can wash off pollen. 4) Irrigate in morning hours. 5) Do not irrigate if strong winds or frost expected. 6) Water stress at flowering reduces yield 30-50%.,
mustard,Irrigation,How should irrigation be managed during the grain-filling or fruiting stage of mustard?,Pod filling stage (70-85 days): 1) Maintain moderate soil moisture (not wet). 2) Stress at this stage reduces seed size and oil content. 3) One irrigation at 70-75 days if no rainfall. 4) Avoid over-irrigation which delays maturity and increases disease (white rust). 5) Stop irrigation 10-15 days before harvest for uniform ripening.,
mustard,Irrigation,What are the signs of water stress (drought) in mustard and what is the immediate remedy?,Signs: 1) Wilting during day (leaves droop). 2) Leaves turn dull bluish-green. 3) Stunted growth. 4) Premature flowering and small pods. 5) Flowers drop. 6) Small shriveled seeds. Immediate remedy: Apply light irrigation (2-3 acre-inches) immediately. If no irrigation available: spray water early morning (emergency).,
mustard,Irrigation,What are the signs of waterlogging in mustard and how to drain excess water?,Signs: 1) Yellowing of lower leaves. 2) Wilting despite wet soil. 3) Root rot (black/brown roots). 4) Plant death in patches. 5) Fungal growth on soil surface. Drainage: 1) Immediately stop irrigation. 2) Open drains/furrows to remove standing water. 3) On flat fields: make temporary channels. 4) For future: plant on raised beds or ridges.,
mustard,Fertilizer,How should irrigation be managed after fertilizer application to mustard?,After basal fertilizer (at sowing): Irrigate within 5-7 days if no rain. After top dressing urea (30-35 days): Irrigate within 2-3 days to incorporate N and prevent ammonia loss. Apply irrigation when leaves are dry (morning). Light irrigation (2-3 inches) is sufficient - heavy irrigation leaches nutrients.,
mustard,Irrigation,Should mustard irrigation be stopped before harvest? How many days before?,Yes stop irrigation 10-15 days before harvest. This allows: 1) Uniform ripening of pods. 2) Reduction in seed moisture content. 3) Prevention of pod shattering. 4) Easier harvesting. Late irrigation delays maturity and can cause seed sprouting in pods if rain occurs.,
mustard,Irrigation,How does canal water vs. tube well (brackish/salty) water affect mustard cultivation in Pakistan?,Canal water: Best for mustard - low EC (<1 dS/m) good for all stages. Fresh tube well water (EC <1.5): Acceptable. Brackish/saline tube well water (EC >2): Damages mustard - causes leaf burn reduced germination yield loss up to 40%. Mustard has moderate salt tolerance (ECe up to 6). If only saline water available: 1) Mix with canal water (1:1). 2) Apply gypsum. 3) Use salt-tolerant varieties (Sindh Raya). 4) Avoid irrigation at germination and flowering.,
mustard,Yield,What is the average yield of mustard per acre in Pakistan?,Average yield (seed): 8-12 maunds per acre (320-480 kg). Punjab (irrigated): 12-16 maunds. Punjab (rainfed Pothwar): 8-10 maunds. Sindh: 10-14 maunds. KPK: 8-12 maunds. Balochistan: 6-10 maunds. National average is below potential due to rainfed conditions diseases and traditional practices.,
mustard,Yield,What is the maximum achievable yield (Potential Yield) of mustard per acre under best management in Pakistan?,Potential yield: 25-30 maunds per acre (1000-1200 kg) under optimal conditions (improved variety irrigation balanced fertilizer pest/disease control). Research station yields: 25-28 maunds/acre. Progressive farmer yields: 18-22 maunds/acre. Yield gap between average (10 maunds) and potential (25 maunds) is 150% - large opportunity for improvement.,
mustard,Yield,What are the main reasons for low mustard yield in Pakistan?,1) Rainfed cultivation (moisture stress) - 60% area. 2) Low-yielding traditional varieties (8-10 maunds). 3) White rust disease (20-40% loss). 4) Alternaria blight (15-30% loss). 5) Poor soil fertility (low P S OM). 6) No fertilizer use or imbalanced. 7) Aphid infestation (20-30% loss). 8) Late sowing (after Nov 30). 9) Weed competition (30-50% loss).,
mustard,Yield,How can a farmer increase the yield of mustard from 20 maunds to 40+ maunds per acre?,Mustard yield target is 25-30 maunds maximum (not 40+). To increase from 8 maunds to 20+ maunds: 1) Use improved variety (Raya Anmol Punjab Sarson). 2) Irrigated cultivation (3-4 irrigations) instead of rainfed. 3) Balanced fertilizer: 40 kg N + 50 kg P2O5 + 20 kg K2O + 20 kg S per acre. 4) Seed treatment (fungicide + insecticide). 5) Timely sowing (Nov 1-15). 6) Weed control (pre+post herbicide). 7) White rust control (2 fungicide sprays). 8) Aphid control (at ETL). 9) Proper harvest (timely low loss). These steps can triple yield.,
mustard,Yield,How does timely sowing affect the final yield of mustard in Pakistan?,Each week delay after Nov 15 reduces yield by 5-10%. Nov 1-15 sowing: 15-20 maunds/acre. Nov 15-30: 12-15 maunds. Dec 1-15: 8-10 maunds. Dec 15+: 4-6 maunds. Timely sowing allows: optimum temperature during flowering (15-20°C) good pod set and higher oil content (42% vs 35%).,
mustard,Fertilizer,How does proper fertilizer management (Balanced use) increase the yield of mustard?,Balanced NPKS (40-50-20-20 kg/acre) increases yield by 50-80% over no fertilizer. Specific gains: N (40 kg) = +40% yield (vegetative growth branching). P (50 kg) = +30% yield (root development pod set). K (20 kg) = +15% yield (stress tolerance oil content). S (20 kg) = +25% yield (oil content and pungency). Combined effect: can increase from 8 to 18 maunds/acre.,
mustard,Irrigation,How does proper irrigation management increase the yield of mustard?,One irrigation at flowering (40-45 days) increases yield 20-30% over rainfed. Two irrigations (branching + flowering) increase 40-50%. Three irrigations (branching + flowering + pod fill) increase 60-80%. In rainfed areas (0 irrigation): 6-8 maunds. With 3-4 irrigations: 15-18 maunds. Water is a major limiting factor.,
mustard,Pesticide,What role does pest and disease control play in increasing mustard yield?,White rust (uncontrolled): 20-40% yield loss + poor oil quality. Alternaria blight (uncontrolled): 15-30% yield loss. Aphids (uncontrolled): 20-30% yield loss. Combined pest/disease: can cause 70%+ loss (yield 3-4 maunds). Effective control: 2-3 fungicide sprays + aphicide at ETL = 40-60% yield protection. IPM practices save yield without excessive cost.,
mustard,Yield,What are the best agronomic practices recommended by PARC/NARC for high-yield mustard production?,PARC/NARC recommendations: 1) Variety: Raya Anmol or P-18. 2) Sowing: Nov 1-15 at 30-45 cm spacing 3-4 kg seed/acre. 3) Seed treatment: Carbendazim + Imidacloprid. 4) Fertilizer: 40-50-20-20 kg NPKS per acre. 5) Irrigation: 3-4 irrigations (branching flowering pod fill). 6) Weed control: Pendimethalin pre-emergence + one manual weeding. 7) White rust control: Metalaxyl spray at rosette stage. 8) Harvest: at 70-80% pod browning.,
mustard,Yield,How can improved seed quality (Certified Seed) increase the production of mustard in Pakistan?,Certified seed provides: 1) Higher genetic purity (>98%). 2) Higher germination (85%+ vs 60-70% farm-saved). 3) Disease-free (no seed-borne Alternaria white rust). 4) True-to-type (uniform maturity plant height). 5) Yield increase: 20-30% over farm-saved seed. Cost: Rs. 150-250/kg vs farm-saved Rs. 80-120/kg. Available at Punjab Seed Corporation and progressive dealers.,
mustard,Soil,What role does soil health improvement play in boosting mustard yield in Pakistan?,Improved soil health (1.5-2.5% organic matter) boosts yield 30-50% through: 1) Better water holding capacity (critical in rainfed). 2) Higher nutrient availability (especially N P S). 3) Improved soil structure (root growth). 4) Beneficial microbes (disease suppression). 5) Reduced crusting (better emergence). Practices: FYM 8-10 tons/acre green manuring crop rotation minimum tillage.,
mustard,Yield,How does the use of growth regulators (Plant Hormones) affect mustard yield?,Not commonly used in mustard in Pakistan. Research shows: 1) Gibberellic acid (GA3) 20-40 ppm at branching - increases plant height but may cause lodging. 2) Mepiquat chloride - reduces lodging in tall varieties but not commercial. Not recommended for general use. Focus on basic agronomy first.,
mustard,Cultivation,What intercropping or relay cropping strategies can increase income from mustard farming?,1) Mustard + Wheat (2:4 or 2:6 rows) - reduces pest/disease by 25% and provides wheat income (10-15 maunds/acre). 2) Mustard + Gram (1:2) - legumes fix N benefit mustard. 3) Relay cropping: Sow mustard into standing rice 15-20 days before rice harvest. 4) Mustard as catch crop after early potato. Intercropping land equivalent ratio (LER) >1.5 - more productive than sole cropping.,
mustard,Yield,What are the top 5 things a farmer can do to double the yield of mustard in Pakistan?,1) Switch from traditional variety to Raya Anmol or P-18 (+50% yield). 2) Provide 3-4 irrigations (branching flowering pod fill) instead of rainfed (+80% yield). 3) Apply balanced fertilizer: 40-50-20-20 kg NPKS per acre (+60% yield). 4) Control white rust with 2 sprays of Metalaxyl (+40% yield protection). 5) Control aphids when threshold reached (+30% yield). Combined effect: 6-8 maunds to 18-22 maunds (2-3x increase).,
mustard,Yield,How can precision agriculture or modern technology improve mustard production in Pakistan?,1) Laser land leveling: uniform irrigation saves water 20-30%. 2) Soil testing: precise fertilizer recommendation saves cost. 3) Drone monitoring: detect pest/disease hotspots early (available as service). 4) Variable rate technology: apply inputs based on soil variability (not common yet). 5) Mobile apps: pest scouting weather alerts market prices (e.g. AgriApp). 6) Drip irrigation (subsidized) - for high-value seed production. Adoption gradually increasing.,
mustard,Fertilizer,How does climate change affect mustard yield in Pakistan and how can farmers adapt?,Climate change impacts: 1) Warmer winters - reduced pod set lower oil content. 2) Unpredictable rains - drought/flood. 3) Higher temperatures during pod filling - small shriveled seeds. 4) Increased pest/disease pressure (white rust aphids). Adaptations: 1) Heat-tolerant varieties. 2) Drought-tolerant varieties for rainfed. 3) Shift sowing dates (slightly earlier or later). 4) Supplemental irrigation. 5) Mulching for moisture conservation. 6) Climate-smart practices (zero-till intercropping).,
mustard,Diseases,What are the major fungal diseases (Uli) of mustard in Pakistan?,Major fungal diseases: 1) White rust (Albugo candida) - most important and destructive. 2) Alternaria blight (Alternaria brassicae). 3) Downy mildew (Peronospora parasitica). 4) Powdery mildew (Erysiphe cruciferarum). 5) Sclerotinia stem rot (Sclerotinia sclerotiorum). 6) Damping off (Rhizoctonia Pythium) - seedlings. 7) Black leg (Leptosphaeria maculans).,
mustard,Diseases,What are the major bacterial diseases of mustard in Pakistan?,Bacterial diseases are rare in mustard in Pakistan. Occasional: Bacterial blight (Xanthomonas campestris) - water-soaked spots on leaves. Not economically significant. Fungal diseases are main concern.,
mustard,Diseases,What are the major viral diseases of mustard in Pakistan?,Viral diseases are rare. Occasional: Turnip mosaic virus (TuMV) - transmitted by aphids. Symptoms: mosaic pattern leaf distortion stunting. Control by managing aphid vectors. Not economically significant.,
mustard,Diseases,How can I identify rust disease (Kungi) in mustard fields?,Rust is not a major disease of mustard. White rust (Albugo) is sometimes confused with rust but is a different pathogen. White rust symptoms: White shiny pustules (blisters) on leaves stems and flower stalks. Pustules turn brown with age. Severe: swelling and distortion of stems (staghead).,
mustard,Diseases,How can I identify powdery mildew in mustard and what causes it?,Powdery mildew (Erysiphe cruciferarum). Causes: High humidity (60-80%) moderate temperatures (15-25°C) dense canopy. Symptoms: 1) White powdery coating on upper leaf surfaces (looks like flour dusted). 2) Spreads to stems and pods. 3) Leaves turn yellow then brown. 4) Premature defoliation. Appears from February onward.,
mustard,Diseases,How can I identify downy mildew in mustard and what causes it?,Downy mildew (Peronospora parasitica). Symptoms: 1) Yellowish-green patches on upper leaf surface. 2) Purplish-grey fluffy growth on underside of leaves (sporangia). 3) Leaf curling and thickening. 4) Stunted plants. Favored by cool wet weather. Often occurs together with white rust.,
mustard,Diseases,How can I identify blight (early/late) in mustard and what causes it?,Alternaria blight (Alternaria brassicae) - most common blight. Symptoms: 1) Small dark brown to black spots on leaves (target-like concentric rings). 2) Spots enlarge coalesce causing leaf blighting. 3) Dark sunken lesions on pods (pod spot). 4) Seed infection (shriveled discolored). Favored by warm humid weather. Spread by seed and crop debris.,
mustard,Diseases,How can I identify damping off disease in mustard seedlings?,Damping off (Rhizoctonia solani Pythium spp.). Symptoms: 1) Pre-emergence: seeds rot before germination (patchy emergence). 2) Post-emergence: seedlings collapse at soil line (stem constricted dark lesion). 3) Infected patches in field. Favored by: wet cold soils poor drainage dense sowing. Control: seed treatment + avoid over-irrigation + well-drained soil.,
mustard,Diseases,What is wilt (Sokra) disease in mustard and how to identify it?,Fusarium wilt (Fusarium oxysporum f.sp. conglutinans). Symptoms: 1) Yellowing starting from lower leaves upward. 2) Wilting despite adequate moisture. 3) Brown discoloration of vascular tissue (cut stem cross-section shows brown ring). 4) Plants die from bottom upward. 5) Patchy distribution. Favored by warm temperatures (25-30°C) and low soil moisture. Use resistant varieties.,
mustard,Diseases,What is smut or bunt (Siyah-rooli) disease in mustard and how to identify it?,Smut is NOT a significant disease of mustard in Pakistan. No economic impact. Focus on white rust and Alternaria blight as major diseases.,
mustard,Diseases,What virus diseases affect mustard in Pakistan and what are their symptoms?,Occasional virus diseases: Turnip mosaic virus (TuMV). Symptoms: 1) Mosaic pattern (light and dark green patches). 2) Leaf distortion and puckering. 3) Vein clearing. 4) Plant stunting. 5) Reduced pod set. Transmitted by aphids. No direct control - manage aphid vectors.,
mustard,Diseases,How do diseases spread from one mustard plant or field to another?,1) White rust: Wind-borne sporangia seed-borne. 2) Alternaria blight: Seed-borne + rain splash + wind. 3) Downy mildew: Wind and rain splash. 4) Fusarium wilt: Soil-borne (persists years) + infected plant debris + contaminated tools. 5) Damping off: Soil + contaminated seed + irrigation water. Prevention: clean seed crop rotation disease-free debris management.,
mustard,Diseases,What weather conditions (humidity/rain) favor disease development in mustard?,White rust: Cool (10-20°C) humid (>80% RH) with dew/fog. Alternaria blight: Warm (20-28°C) wet conditions (rain/high humidity). Downy mildew: Cool wet conditions. Powdery mildew: Moderate temps (15-25°C) high humidity (but no free water). Jan-Feb foggy conditions in Punjab favor white rust and Alternaria.,
mustard,Diseases,Which regions of Pakistan are most affected by mustard diseases and why?,White rust: Most severe in Pothwar region (Rawalpindi Attock) and irrigated areas of Punjab due to cool humid foggy winters. Alternaria blight: Widespread but more in Sindh and South Punjab (warmer humid). Downy mildew: More in KPK and northern Punjab. Overall white rust is the #1 disease across all regions.,
mustard,Fertilizer,What is the difference between nutrient deficiency symptoms and disease symptoms in mustard?,Nutrient deficiency: Symmetrical pattern often interveinal chlorosis uniform across field usually on older leaves first (N P K S) or young leaves (Zn Fe). No pathogen signs (no spores pustules mycelium). Corrected by fertilizer. Disease: Irregular patches pustules (white rust) white powder (mildew) dark lesions (blight) often with pathogen structures. Spreads over time. Fungicides may help.,
mustard,Diseases,What fungicides are recommended for controlling white rust in mustard in Pakistan?,1) Metalaxyl + Mancozeb (Ridomil Gold) 400g/acre. 2) Fosetyl-Al (Aliette) 500g/acre. 3) Cymoxanil + Mancozeb (Curzate) 400g/acre. 4) Mancozeb (Dithane M-45) 500g/acre - protectant. 5) Chlorothalonil (Bravo) 500ml/acre. Apply at first sign of white pustules. Repeat after 10-14 days if needed. Use resistant varieties (Raya Anmol).,
mustard,Diseases,What fungicides are recommended for controlling Alternaria blight in mustard?,1) Mancozeb (Dithane M-45) 500g/acre - protectant. 2) Chlorothalonil (Bravo) 500ml/acre. 3) Propiconazole (Tilt) 250ml/acre. 4) Tebuconazole (Folicur) 250ml/acre. 5) Azoxystrobin (Amistar) 200ml/acre. 6) Copper oxychloride 400g/acre. Apply at early flowering stage. Repeat every 10-14 days if wet conditions persist. Use certified disease-free seed.,
mustard,Diseases,What fungicides are recommended for controlling powdery mildew in mustard?,1) Sulfur (80% WP) 500g/acre - effective cheap. 2) Tebuconazole 250ml/acre. 3) Propiconazole 250ml/acre. 4) Myclobutanil 200g/acre. 5) Hexaconazole 250ml/acre. 6) Dinocap (Karathane) 400ml/acre. Apply at first sign of white powder. Sulfur is organic-friendly but avoid when temperature >30°C.,
mustard,Diseases,What fungicides are recommended for controlling wilt in mustard in Pakistan?,Wilt (Fusarium) is difficult to control with fungicides once symptoms appear. Prevention: 1) Seed treatment with Carbendazim 2g/kg + Thiram 2g/kg. 2) Soil drench with Carbendazim 500g/acre (early stages). 3) Trichoderma harzianum (bio-fungicide) 2kg/acre in furrow at sowing. 4) Use resistant varieties. 5) Crop rotation (4-5 years with cereals).,
mustard,Diseases,What bactericides are used for bacterial diseases of mustard in Pakistan?,Bacterial diseases are rare in mustard. If bacterial blight occurs: 1) Copper oxychloride 400g/acre. 2) Streptomycin + Tetracycline (Agrimycin) 100g/acre. Not routinely needed.,
mustard,Diseases,What is the spray schedule for disease management in mustard in Pakistan?,White rust: 1st spray at rosette stage (Dec-Jan) if disease seen. 2nd spray 10-14 days later. Alternaria blight: Pre-flowering spray (Jan) if history. Powdery mildew: Spray when white powder seen (Feb). General schedule: Monitor weekly from December. Spray only when disease reaches threshold. Use protectant fungicides (Mancozeb Sulfur) before disease arrives.,
mustard,Diseases,What is the correct dose and method of fungicide application on mustard?,1) Calculate field area and required product dose. 2) Use 100-120 liters water per acre. 3) Add fungicide to water while agitating. 4) Use flat fan or hollow cone nozzles. 5) Spray to cover all leaves (upper and lower surfaces). 6) For white rust: good coverage of lower leaf surface is critical. 7) Spray in morning (6-9 AM). 8) Avoid spraying during flowering if possible (protect bees).,
mustard,Diseases,What systemic vs. contact fungicides are recommended for mustard?,Systemic (absorbed by plant): Metalaxyl Tebuconazole Propiconazole Azoxystrobin - curative (can be used after infection) longer protection (10-14 days). Contact (surface only): Mancozeb Chlorothalonil Copper oxychloride Sulfur - preventive (must be applied before infection) shorter protection (5-7 days). Strategy: Use protectants early then systemics when disease appears. Alternate both to prevent resistance.,
mustard,Pesticide,How often should fungicide be sprayed during the mustard growing season?,Depends on disease pressure: Low pressure: 0-1 spray (only if disease appears). Moderate pressure: 2 sprays at 10-14 day interval (Dec-Jan). High pressure (white rust in Pothwar): 3 sprays (Dec Jan early Feb). Do not exceed 3 sprays to avoid resistance and cost. Stop spraying after pod filling stage (90 days).,
mustard,Diseases,What are the bio-fungicides or organic disease control methods for mustard?,1) Sulfur (organic approved) for powdery mildew. 2) Neem oil (0.5%) for mildew and rust suppression. 3) Baking soda (1%) + vegetable oil (0.5%) for powdery mildew. 4) Trichoderma harzianum (2kg/acre) soil application for wilt control. 5) Cow urine (10% solution) as foliar spray (traditional). 6) Crop rotation (3-4 years). 7) Resistant varieties (Raya Anmol).,
mustard,HarvestTime,When is mustard ready for harvest in Pakistan?,Mustard is ready for harvest in March to April (110-145 days after sowing). Punjab: March 15 to April 15. Sindh: March 1-31. KPK: April 1-30. Balochistan: April-May (spring crop) or August-September (summer crop). Harvest when 70-80% of pods turn yellow-brown and seeds rattle inside.,
mustard,HarvestTime,What are the visual signs that mustard has reached maturity and is ready to harvest?,1) Pods: 70-80% yellow-brown to brown. 2) Seeds: Rattle inside when shaken. 3) Stems: Turn yellow-brown. 4) Leaves: Most have dropped. 5) Seeds: Hard shiny black or yellow (depending on variety). 6) Moisture content: 20-25% in seeds. Do not delay - over-ripe pods shatter causing seed loss.,
mustard,HarvestTime,What is the recommended moisture content of mustard at time of harvest?,Harvest at 20-25% seed moisture content. At this stage: 1) Seeds are mature but not too dry. 2) Minimal shattering during harvest. 3) Can be manually cut without excessive loss. After harvest dry to 8-10% moisture for storage. Use moisture meter or traditional method (bite test - hard).,
mustard,HarvestTime,How is mustard harvested in Pakistan — manually (Daranti) or mechanically?,Manual harvesting (dominant): 1) Using daranti (sickle) to cut plants close to ground. 2) Plants tied in small bundles (sheaves). 3) Stacked in field for 5-7 days drying. 4) Threshing by beating or bullock trampling. Mechanical: Combine harvester (increasing adoption) - cuts threshes and cleans in one operation. Also use reaper (cuts only) + thresher. Mechanical reduces labor cost but may cause more shattering.,
mustard,HarvestTime,What machinery (Combine Harvester/Thresher) is used for harvesting mustard in Pakistan?,1) Combine harvester (e.g. New Holland John Deere) - for large fields (>5 acres). Settings: Cylinder speed 400-500 RPM concave clearance wide to avoid seed cracking. 2) Reaper (tractor-mounted) - cuts plants into windrows then pick up with thresher. 3) Stationary thresher - for manually harvested bundles. 4) Manual beating - on tarpaulin (traditional). Hire combine service: Rs. 2500-3500/acre.,
mustard,HarvestTime,How should mustard be harvested to minimize shattering or field losses?,1) Harvest at 70-80% pod browning (not fully dry). 2) Harvest early morning when dew present (pods less brittle). 3) Use sharp sickles (clean cut reduces shatter). 4) Handle bundles gently - don't shake. 5) For combine: reduce cylinder speed (400-500 RPM). 6) Keep header low (5-10 cm above ground). 7) Harvest promptly - don't leave over-ripe in field. 8) Losses can be 15-25% if mismanaged.,
mustard,HarvestTime,What is the correct harvesting time for mustard in Punjab?,Punjab: March 15 to April 15. Central Punjab (Sargodha Faisalabad Gujranwala): March 20-April 10. South Punjab (Multan Bahawalpur): March 15-30. North Punjab (Rawalpindi Attock): April 1-20.,
mustard,HarvestTime,What is the correct harvesting time for mustard in Sindh?,Sindh: March 1 to March 31. Upper Sindh (Sukkur Jacobabad): March 10-31. Lower Sindh (Hyderabad Mirpurkhas): March 1-20. Warmer climate leads to earlier harvest.,
mustard,HarvestTime,What is the correct harvesting time for mustard in KPK?,KPK: April 1 to April 30. Peshawar valley: April 5-25. Dera Ismail Khan: March 25-April 15. Higher elevations (Swat Abbottabad): May-June (spring crop).,
mustard,HarvestTime,What is the correct harvesting time for mustard in Balochistan?,Balochistan: Two seasons. Plains (Sibi Naseerabad): March 15-April 15 (winter crop). Highlands (Quetta Pishin): June-July (spring crop). Summer crop: August-September.,
mustard,HarvestTime,What post-harvest activities are done immediately after mustard harvest?,1) Drying: Spread in sun for 5-7 days until seeds rattle (8-10% moisture). 2) Threshing: Beating bundles or machine thresher. 3) Winnowing: Separate seeds from chaff using wind or fan. 4) Cleaning: Remove dust stones immature seeds. 5) Drying again: If moisture >10% - sun dry 1-2 more days. 6) Bagging: Clean jute/plastic bags. 7) Storage: Cool dry place.,
mustard,HarvestTime,How long after sowing is mustard typically harvested in Pakistan?,110-145 days after sowing depending on variety and climate. Early varieties (P-18): 100-110 days. Medium (Raya Anmol Punjab Sarson): 115-125 days. Late (Sindh Raya): 130-145 days. Rainfed conditions may extend by 5-10 days.,
mustard,HarvestTime,What are the common mistakes farmers make during mustard harvesting in Pakistan?,1) Harvesting too early (green pods) - immature seeds low oil content. 2) Harvesting too late (over-ripe) - shattering loss up to 30%. 3) Cutting too high - leaving lower pods in field. 4) Rough handling - causes seed shattering. 5) Not drying properly - mold in storage. 6) Threshing on bare ground - mixing with soil/stones. 7) Using combine at wrong settings - cracked seeds. 8) Mixing varieties - inconsistent quality.,
mustard,HarvestTime,How should mustard be stored after harvest in Pakistan?,1) Dry seeds to 8-10% moisture (sun dry 5-7 days). 2) Clean thoroughly (remove weed seeds debris). 3) Store in clean dry jute bags or hermetic (PICS) bags. 4) Stack bags on wooden pallets (not direct floor). 5) Maintain cool dry well-ventilated store. 6) Treat with neem leaves or camphor for insects. 7) For long-term: fumigate with aluminum phosphide (2-3 tablets/ton) - use trained person. 8) Monitor monthly for moisture/pests.,
mustard,HarvestTime,What is the ideal moisture content of mustard for safe long-term storage?,8-10% moisture content for safe storage up to 12 months. Above 10%: risk of mold and insect damage. Above 12%: rapid deterioration. Below 8%: excessive seed cracking. Use moisture meter. Traditional test: bite seed - should be hard and crisp.,
mustard,HarvestTime,What are the major post-harvest losses for mustard in Pakistan and how to reduce them?,Major losses: 1) Shattering during harvest (15-25%). Reduce: timely harvest gentle handling. 2) Incomplete threshing (5-10%). Reduce: proper threshing setting. 3) Bird damage (5-15% if left in field). Reduce: harvest promptly. 4) Storage insects (10-20% over 6 months). Reduce: dry seed proper storage fumigation. 5) Mold (5-15%). Reduce: dry to <10% moisture. Total losses can exceed 40% without proper management.,
mustard,HarvestTime,What storage structures or containers are recommended for mustard in rural Pakistan?,1) Metal bins (drum) - airtight rodent-proof best option. 2) Hermetic bags (PICS or GrainPro) - prevents insect entry no fumigation needed. 3) Jute bags (gunny) - with inner polythene liner. 4) Clay bins (Godaym) - traditional seal with mud. 5) Plastic silos (govt scheme). Avoid: direct floor storage old chemical bags damp rooms.,
mustard,Pesticide,What pest control measures should be taken during mustard storage?,1) Clean storage area before filling. 2) Dry seeds to 8-10% moisture. 3) Mix neem leaves (1kg/100kg seed) or dried neem powder. 4) Use food-grade diatomaceous earth (1kg/ton) - physical insecticide. 5) Fumigation: Aluminum phosphide tablets (2-3 per ton) - only by trained person. 6) Pheromone traps for monitoring. 7) Inspect monthly for webbing live insects musty smell. 8) Never mix old with new grain.,
mustard,Pesticide,What fumigants or storage pesticides are recommended for mustard in Pakistan?,1) Aluminum phosphide (Phostoxin) - 2-3 tablets per ton. CAUTION: Highly toxic - use trained fumigator only. Seal storage for 5-7 days. Aerate 48 hours before use. 2) Malathion dust (2% active) - 250g per ton (mix with seed). 3) Deltamethrin dust - as label. For small quantities: neem leaves camphor. Never consume treated seeds for oil extraction.,
mustard,HarvestTime,How long can mustard be stored without significant quality loss?,At 8-10% moisture in cool dry conditions: 12-18 months without significant quality loss (oil quality declines after 12 months). In hermetic bags: up to 24 months. In traditional jute bags: 6-12 months (depending on climate). In hot humid conditions: 3-6 months only. For seed purpose: use within 12 months for >80% germination.,
mustard,Diseases,How should mustard be dried before storage to prevent mold and fungal growth?,1) Sun drying: Spread on clean tarpaulin or cemented floor in thin layer (5-10 cm). 2) Turn every 2-3 hours for uniform drying. 3) Dry for 5-7 days (depending on sun). 4) Test moisture: Bite test (crisp) or moisture meter (target 8-10%). 5) Do not dry on bare soil (contamination). 6) For large scale: mechanical dryers (hot air 40-45°C). 7) Cool seeds before bagging.,
mustard,Pesticide,What are the signs of spoilage or pest damage in stored mustard?,Signs of spoilage: 1) Musty or sour smell (mold). 2) Clumping or caking (excess moisture). 3) Discolored seeds (dark brown black). 4) Sprouted seeds. 5) Heating (warm to touch). Pest damage: 1) Holes in seeds. 2) Fine dust/powder at bag bottom. 3) Webbing inside bag. 4) Live insects (weevils bruchids). 5) Empty seed hulls. Discard severely damaged seeds.,
mustard,HarvestTime,What food safety practices should be followed during mustard storage and handling?,1) Never use pesticide-treated seeds for oil extraction or consumption. 2) Do not store in containers that held chemicals/fertilizers. 3) Keep storage area clean and rodent-free. 4) Do not consume moldy seeds (may contain mycotoxins). 5) Wash hands after handling stored grain. 6) Use separate storage for seed vs. oilseed for consumption. 7) Follow PHI if field pesticides used. 8) For edible oil extraction use clean undamaged seeds.,
mustard,Weather,How does frost (Quora) affect mustard and how can farmers protect it in Pakistan?,Mustard is moderately frost tolerant at vegetative stage (down to -3°C). Frost at flowering (Jan-Feb in north) causes: 1) Flower drop (complete loss of that flush). 2) Damaged pods (empty or misshapen). 3) Stem cracking. Protection: 1) Sow at optimum time to avoid flowering during peak frost. 2) Irrigate before frost night (water releases heat). 3) Smoke: Burn moist crop residue upwind before dawn. 4) Use frost-tolerant varieties.,
mustard,Yield,How does extreme heat (above 30°C) affect mustard production in Pakistan?,Mustard is cool-season crop. Heat above 28°C: 1) Reduces germination (if at sowing). 2) Accelerates maturity (shorter duration). 3) Stops flowering and pod set (above 28°C). 4) Small shriveled seeds. 5) Reduced oil content (42% → 35%). 6) Increases pest pressure (aphids mites). Avoid late sowing (Dec) that pushes pod filling into March heat. In Sindh/South Punjab: sow by Nov 15 maximum.,
mustard,Weather,How should a farmer manage mustard during unexpected heavy rainfall or flooding?,1) Immediately stop any irrigation. 2) Ensure drainage: Open channels to remove standing water. 3) If waterlogging <24 hours: plants may recover. 4) If >48 hours: root rot likely - assess survival. 5) After water recedes: apply light N (urea 15-20 kg/acre) for recovery. 6) Monitor for fungal diseases (white rust downy mildew) - prophylactic fungicide spray. 7) For flooded young crop: may need replanting if early season.,
mustard,Weather,What is the effect of fog or cloud cover on mustard growth in winter in Pakistan?,Prolonged fog (Dec-Jan in Punjab): 1) Reduces photosynthesis (low light). 2) Increases humidity (promotes white rust downy mildew). 3) Delays maturity. 4) Can cause etiolation (stretched weak stems). Management: 1) Wider row spacing (45 cm) for air circulation. 2) Preventive fungicide spray before fog period (Metalaxyl). 3) Avoid dense canopy (no excess N). 4) Use disease-resistant varieties (Raya Anmol).,
mustard,Weather,How does hailstorm (Oola-bari) damage mustard and what can be done after hail?,Hail damage: 1) Bruised stems (entry point for disease). 2) Shredded leaves. 3) Damaged pods (split). 4) Lodging (flattened crop). After hail: 1) Do not harvest immediately - wait 5-7 days for recovery assessment. 2) Apply fungicide (Mancozeb) to prevent infection through wounds. 3) Light N spray (1% urea) for recovery. 4) If >70% damage: consider alternative crop (if early season). 5) Report to agriculture department for possible compensation.,
mustard,Irrigation,How should irrigation be adjusted for mustard during drought conditions in Pakistan?,During drought: 1) Prioritize critical stages (flowering and pod fill) - irrigate these even if skip others. 2) Apply light irrigations (2-3 acre-inches) rather than heavy. 3) Use furrow irrigation (not flood) - more efficient. 4) Irrigate at night - less evaporation. 5) Mulch with crop residue (3-4 tons/acre) to conserve moisture. 6) If only 1 irrigation possible: apply at flowering (maximum yield response).,
mustard,Cultivation,What climate-smart practices are recommended for mustard farmers in Pakistan?,1) Conservation agriculture: Zero-till/minimum till + residue retention (mulch). 2) Laser land leveling: Saves water improves uniformity. 3) Drought-tolerant varieties (P-18 Raya Anmol). 4) Weather-based sowing decisions (use advisory services). 5) Micro-irrigation (drip/sprinkler) where feasible (60% subsidy). 6) Agroforestry: Trees on field boundaries reduce wind speed. 7) Crop diversification: Mustard in rotation with climate-resilient crops (sorghum millet).,
mustard,Cultivation,What is the impact of late monsoon or early monsoon on mustard cultivation in Pakistan?,Mustard is Rabi crop (sown Oct-Nov) so monsoon (Jul-Sep) does not directly affect growing crop. However: Late monsoon (rains extending into Oct) delays land preparation and sowing - causes late sowing yield loss. Early monsoon (starting Mar) can damage mature crop (Feb-Mar harvest) causing pod splitting shattering and mold. Monitor forecasts and harvest promptly if early rains expected.,
mustard,AskingHelp,What government schemes or subsidies are available for mustard farmers in Pakistan?,1) Kisan Card: Subsidized fertilizer (Rs. 1000-2000/acre) and seeds. 2) Green Tractor Scheme: 50-70% subsidy on tractors (limited quota). 3) Solar Tube well subsidy: 60% for installation. 4) Drip/Sprinkler irrigation: 60-80% subsidy (PMKSY). 5) Soil testing: Free or Rs. 100/sample at govt labs. 6) Crop insurance: Premium subsidy (30-50%) under Kisan Package. 7) Oilseed promotion program (Ministry of Food Security) - subsidized mustard seed and fertilizer. Contact provincial agriculture department.,
mustard,Varieties,Which research institutes in Pakistan have developed improved mustard varieties?,1) Ayub Agricultural Research Institute (AARI) Faisalabad - developed Raya Anmol. 2) National Agricultural Research Centre (NARC) Islamabad - developed P-18. 3) Barani Agricultural Research Institute (BARI) Chakwal - for rainfed varieties. 4) Oilseed Research Program NARC - general mustard improvement. 5) Sindh Agriculture University Tandojam - developed Sindh Raya. 6) Pakistan Agricultural Research Council (PARC) - coordination.,
mustard,Cultivation,Where can farmers in Pakistan get certified mustard seed?,1) Punjab Seed Corporation (PSC) - regional offices in Faisalabad Multan Lahore. 2) Provincial Agriculture Department extension centers. 3) Ayub Agricultural Research Institute Faisalabad (direct sale). 4) NARC Islamabad (for P-18). 5) Barani Agricultural Research Chakwal (for rainfed varieties). 6) Progressive seed dealers (check certification tag). 7) Sindh Seed Corporation (for Sindh Raya). Price: Rs. 150-250/kg. Demand certified seed early (Aug-Oct) as limited quantity.,
mustard,AskingHelp,What extension services are available for mustard farmers in Pakistan?,"1) Agriculture Department field staff (Agriculture Officers Field Assistants) - free advice. 2) Kisan Helpline 0800-15000 (Punjab) for queries. 3) SMS advisory services (CropMax Punjab) - weather pest alerts. 4) Farmer field schools (FFS) - hands-on training. 5) Agriculture extension WhatsApp groups (district level). 6) Mobile apps: ""Agriculture Punjab"" ""Kisan Dost"". 7) Radio/TV programs (Zaraat Nama on PBC). 8) Demonstration plots at union council level.",
mustard,AskingHelp,What loans or credit facilities are available for mustard cultivation in Pakistan?,1) ZTBL (Zarai Taraqiati Bank Limited) - Production loans up to Rs. 50000/acre at markup 10-12%. 2) Bank of Punjab - Kisan Dost scheme. 3) National Bank of Pakistan - Agri loans. 4) Telenor Microfinance Bank (Easypaisa) - small loans. 5) Kisan Card (Punjab) - cash credit for inputs. Requirements: land ownership/lease record CNIC. Loan covers seed fertilizer pesticides. Repay after harvest.,
mustard,AskingHelp,What agricultural insurance is available for mustard crops in Pakistan?,1) PM Crop Insurance Scheme (under Kisan Package) - covers mustard (oilseeds). 2) Premium: 3-5% of sum insured (farmer pays 50% govt subsidy 50%). 3) Coverage: Yield loss >30% due to drought flood hail pests diseases. 4) Claim: Rs. 20000-50000/acre depending on coverage. 5) Providers: State Life Insurance Takaful Pakistan. Enrollment before sowing (Oct-Nov). Contact agriculture department for Kisan Card insurance component.,
mustard,Pesticide,Where can a farmer in Pakistan report disease outbreaks or pest attacks on mustard?,1) District Agriculture Office (Extension) - immediate reporting. 2) Plant Protection Department - for locusts/quarantine pests. 3) Kisan Helpline 0800-15000 (Punjab). 4) Agriculture Complaint Cell 0800-30000. 5) Local Agriculture Field Assistant (FA) - village level. 6) WhatsApp groups of agriculture department. 7) Crop Reporting Centre (for statistics). For white rust or Alternaria outbreak: report early so advisory can be issued.,
mustard,AskingHelp,What role does the Provincial Agriculture Department play in supporting mustard farmers?,1) Provide extension services (field visits training). 2) Distribute subsidized inputs (seed fertilizer). 3) Soil testing facilities (free/low cost). 4) Pest/disease forecasting and alerts. 5) Subsidy administration (Kisan Card drip irrigation). 6) Organize farmer field days and demonstrations. 7) Link farmers with credit and insurance. 8) Research linkage (recommend improved varieties). 9) Market information and price updates. Contact Provincial Director Agriculture (extension wing).,

onion,Cultivation,What is onion and what is its agricultural importance in Pakistan?,Onion (Allium cepa) known as Pyaz is an important rabi vegetable and cash crop in Pakistan. Its agricultural importance includes: 1) Essential vegetable in Pakistani cuisine (daily use). 2) High value cash crop (Rs. 100-200/kg in peak season). 3) Export potential to Middle East Central Asia and India. 4) Processing industry (dehydrated onion flakes onion powder pickles). 5) Medicinal properties (antioxidant anti-inflammatory). 6) Employment during planting and harvesting (40-50 laborers/acre). 7) Short duration (120-150 days) fits in multiple cropping systems.,
onion,Cultivation,What are the main growing regions of onion in Pakistan?,Onion is grown throughout Pakistan. Major regions: Punjab: Vehari Khanewal Multan Sahiwal Okara Kasur Gujranwala Sialkot and Pothwar (Rawalpindi Attock). Sindh: Hyderabad Mirpurkhas Sanghar Nawabshah Badin Thatta. KPK: Peshawar Mardan Swabi Dera Ismail Khan Swat. Balochistan: Quetta Pishin Mastung Kalat Khuzdar (spring/summer crop).,
onion,Cultivation,What are the climate and temperature requirements for successful cultivation of onion in Pakistan?,Onion requires cool to moderate climate. Optimum temperature: 13-24°C for vegetative growth 15-25°C for bulb formation. Minimum for germination: 10-12°C. Bulbing is triggered by day length (long day for northern varieties short day for southern). Bulbing temperature: 20-25°C. Frost damages seedlings. Dry weather at harvest essential. Requires 400-500mm rainfall or irrigation.,
onion,Cultivation,In which season(s) is onion cultivated in Pakistan (Rabi/Kharif)?,Onion is grown in three seasons in Pakistan: 1) Rabi (winter) - main crop: sown October-November (nursery) transplanted December-January harvested March-May. 2) Kharif (summer) - sown March-April harvested July-September (Sindh South Punjab). 3) Spring - sown January-February harvested May-June (Balochistan KPK hills).,
onion,HarvestTime,What is the typical crop duration/life cycle of onion from sowing to harvest?,Typical crop duration is 120-160 days depending on variety and season. Early varieties: 100-120 days. Medium varieties: 120-140 days. Late varieties (storage): 140-160 days. Nursery phase: 40-50 days. Transplant to harvest: 80-120 days. In warm plains: shorter duration. In cool highlands: longer duration.,
onion,Cultivation,What are the growth stages of onion and what happens at each stage?,1) Nursery germination (0-15 days): Seed absorbs water radicle emerges. 2) Seedling (15-40 days): True leaves develop pencil-thick stage. 3) Transplanting (40-50 days): Seedlings moved to main field. 4) Vegetative growth (50-90 days): Leaf development root establishment. 5) Bulb initiation (90-100 days): Bulbing triggered by day length/temperature. 6) Bulb formation (100-130 days): Bulb swells leaves senesce. 7) Maturity (130-160 days): Tops fall over (neck softening) bulbs mature. 8) Harvest: When 50-70% tops have fallen.,
onion,Cultivation,How does onion contribute to food security and the farming economy in Pakistan?,Onion contributes: 1) Essential daily vegetable for 220 million people. 2) Generates income for small farmers (Rs. 300000-800000/acre profit for hybrids). 3) Export earnings (fresh and dehydrated onion to UAE Sri Lanka Bangladesh Central Asia). 4) Employment during nursery transplanting weeding harvesting (50-60 laborers/acre). 5) Processing industry (onion powder flakes pickles). 6) Cold storage infrastructure supports off-season supply. 7) Buffer against price volatility (stored onion released during lean season).,
onion,Cultivation,How should land be prepared before transplanting onion in Pakistan?,Land should be prepared to fine tilth (seedbed). Sequence: 1) Deep ploughing with disc plough (if hardpan). 2) 2-3 cultivations with cultivator. 3) Planking after each cultivation. 4) Laser leveling for uniform irrigation. 5) Raised bed formation (15-20 cm high 60-120 cm wide). 6) Final planking just before transplanting. For heavy soils: add 1-2 more cultivations.,
onion,Cultivation,How many ploughings are recommended for land preparation for onion?,5-7 ploughings/tillage passes: 1 deep ploughing (every 2-3 years) + 3-4 cultivator passes + 2 plankings. In heavy clay soils: 6-7 passes. In sandy soils: 4-5 passes. Fine seedbed is critical for small seedlings and bulb development.,
onion,Cultivation,What is the role of deep ploughing in onion cultivation?,Deep ploughing (25-30 cm) with disc plough: 1) Breaks hardpan and improves root penetration. 2) Enhances water infiltration and drainage (critical for onion). 3) Exposes soil pests (cutworms nematodes) to predators. 4) Incorporates organic matter. 5) Reduces weed seed bank. Do once every 2-3 years.,
onion,Cultivation,What is the recommended land leveling (Laser Leveling) method before planting onion?,Laser leveling is highly recommended. Benefits: 1) Uniform irrigation (prevents waterlogging in low spots - critical for onion). 2) Saves 20-30% irrigation water. 3) Improves transplant survival uniformity. 4) Reduces weed patches. Field leveled to ±1 cm variation. Service cost: Rs. 2000-3000/acre. Subsidy available.,
onion,Cultivation,Should ridges and furrows be made for onion cultivation in Pakistan? How?,Raised beds (ridges and furrows) are essential for onion especially in heavy soils and rainy areas. Method: 1) Make raised beds 15-20 cm high 60-120 cm wide (2-4 rows per bed). 2) Furrow depth 15-20 cm. 3) Transplant onion seedlings on beds. Benefits: prevents waterlogging improves drainage reduces bulb rot and makes harvesting easier. Essential in clay soils.,
onion,HarvestTime,How should previously harvested crop residue be managed before planting onion?,1) If previous crop was cereal (wheat rice maize): incorporate stubble by shallow ploughing. 2) Avoid planting onion after other Alliums (garlic leek) - minimum 3-4 year rotation. 3) Remove or deeply bury onion residues after harvest (disease carryover - Fusarium white rot). 4) For rice stubble: manage with disc harrow + cultivator. 5) Do not burn residue - incorporate for organic matter.,
onion,Irrigation,What pre-sowing irrigation (Raunni) is required for onion land preparation?,"Pre-sowing irrigation (raunni) given 15-20 days before transplanting when soil moisture is low. Apply 3-4 acre-inches water. After irrigation: allow soil to reach field capacity then cultivate when moisture at ""good tilth"". Saves 1-2 irrigations during crop growth. Essential for rainfed areas.",
onion,Cultivation,What implements and machinery are used for land preparation for onion in Pakistan?,1) Disc plough (deep ploughing). 2) Cultivator (3-4 passes). 3) Disc harrow (clod breaking). 4) Rotavator (fine seedbed - use moderately). 5) Plank (leveling and moisture conservation). 6) Laser land leveler. 7) Bed planter/ridger (for raised beds). 8) Rotary tiller (for seedbed).,
onion,Cultivation,How many days before transplanting should land preparation begin for onion?,Start land preparation 15-20 days before transplanting. Timeline: Day 1: deep ploughing (if needed). Day 2-5: first cultivation + planking. Day 7-10: second cultivation + planking. Day 12-14: pre-transplant irrigation (if needed). Day 15-18: final cultivation + planking + bed making. Day 18-20: transplanting.,
onion,Cultivation,How does land preparation differ for irrigated vs. rainfed onion cultivation?,Irrigated: finer seedbed required laser leveling important raised beds essential pre-transplant irrigation. Rainfed (Barani): focus on moisture conservation - fewer cultivations (4-5 passes) deep ploughing for water storage no pre-transplant irrigation rougher seedbed to reduce evaporation mulching. Rainfed onion not common - irrigation critical for bulb development.,
onion,Cultivation,What is the recommended seed rate for onion nursery in Pakistan?,Seed rate: 6-8 kg per acre (for nursery covering 1 acre). For hybrid varieties: 4-5 kg/acre (seeds expensive). For open-pollinated varieties: 8-10 kg/acre. Nursery area: 1/10 to 1/8 acre (500-600 sq yards) for 1 acre main field. Use fresh high-germination seed (>80%).,
onion,Cultivation,What is the optimum row spacing and plant spacing for onion in Pakistan?,Row spacing: 15-20 cm (6-8 inches) between rows. Plant to plant spacing: 10-15 cm (4-6 inches) after transplanting. On raised beds: 2-4 rows per bed (60-120 cm bed width). Target plant population: 200000-300000 plants per acre. Closer spacing for small bulbs (pickling) wider for large bulbs.,
onion,Cultivation,What is the recommended sowing depth for onion seeds in nursery?,Nursery sowing depth: 1-2 cm (0.5-1 inch). In sandy soils: 2-2.5 cm. In heavy soils: 1-1.5 cm. Deeper than 3 cm reduces emergence. Shallower than 1 cm risks drying out. After sowing cover with fine soil or compost then light irrigation. Transplant seedlings at pencil thickness (40-50 days).,
onion,Cultivation,What sowing method is best for onion — broadcast (Chatha) drill dibbling or transplanting?,Transplanting is the best and only method for onion in Pakistan. Steps: 1) Sow seeds in nursery bed. 2) Grow seedlings for 40-50 days. 3) Transplant to main field. Direct seeding is not practiced due to: poor emergence weed competition and difficulty in bulb formation. Broadcasting is used only in nursery. Dibbling is too labor intensive.,
onion,Weather,How should onion be transplanted after a previous crop (e.g. rice-wheat or cotton-wheat system)?,1) After rice: Allow field to dry (7-10 days). Prepare raised beds. Transplant onion Dec-Jan. 2) After cotton/wheat: Conventional tillage with 3-4 cultivations. 3) Ensure no herbicide carryover (pendimethalin from rice can damage onion - check labels). 4) In rice-wheat system onion can be planted after wheat harvest (spring crop in some areas). 5) Best rotation: maize - onion - wheat.,
onion,Cultivation,Can onion be transplanted using zero-till or minimum-till techniques in Pakistan?,Zero-till transplanting is possible but not common. Method: 1) Prepare raised beds without deep ploughing (only surface tillage). 2) Transplant seedlings into beds. 3) Apply mulch. Benefits: saves 10-15 days and Rs. 2000-3000/acre land prep. Suitable for rice-onion system. Requires good drainage.,
onion,Cultivation,What equipment or tools are used for transplanting onion in Pakistan?,1) Manual transplanting (most common) - using hand or dibber (50-60 laborers/acre). 2) Onion transplanter (mechanical) - tractor-drawn or self-propelled (rare in Pakistan). 3) Dibber (wooden or metal) - for making holes. 4) String and markers (for row spacing). 5) Seedling trays (for hybrid onion - tray nursery).,
onion,HarvestTime,What are all the major crop management activities for onion from sowing to harvest?,Timeline: 0-50 days: nursery management (sowing irrigation weeding thinning pest control). 50-60 days: land preparation bed making transplanting. 60-90 days: vegetative growth - irrigation weeding (2-3 times) top dressing N (30 and 60 days) pest control (thrips). 90-120 days: bulb initiation and formation - irrigation disease control (purple blotch downy mildew). 120-150 days: bulb filling - reduce irrigation stop N. 150-160 days: stop irrigation harvest curing.,
onion,Cultivation,What is the complete activity calendar (timeline) for onion cultivation in Pakistan?,October: nursery land preparation (1-15 Oct) nursery sowing (15-31 Oct). November: nursery management (irrigation weeding) (1-30 Nov). December: land preparation (1-15 Dec) transplanting (15-31 Dec). January: vegetative growth - irrigation first weeding first top dressing (1-31 Jan). February: second weeding second top dressing thrips control (1-28 Feb). March: bulb initiation - irrigation disease control (1-31 Mar). April: bulb filling - reduce irrigation stop N (1-30 Apr). May: stop irrigation (1-10 May) harvest (10-31 May) curing (15-31 May).,
onion,Cultivation,When should thinning be done in onion nursery and how?,Thinning in nursery at 20-25 days after sowing when seedlings are 5-8 cm tall. Method: 1) Remove excess seedlings to achieve spacing 2-3 cm between plants. 2) Keep healthier vigorous seedlings. 3) Remove weak diseased and damaged seedlings. 4) Do not disturb roots of retained seedlings. 5) Irrigate lightly after thinning. Target: pencil-thick seedlings (40-50 days) for transplanting.,
onion,Cultivation,When should earthing up be done for onion and why?,Earthing up (adding soil around plants) is generally not required for onion. For tall varieties or heavy soils: light earthing up at 40-50 days after transplanting. Method: pull soil slightly toward plant base (2-3 cm). Benefits: supports plants covers bulbs (prevents greening) improves drainage. Not practiced for most onion varieties.,
onion,Cultivation,How should inter-cultivation be done in onion fields?,Inter-cultivation (weeding and soil loosening) at 20-25 days and 40-45 days after transplanting. Method: 1) Use hand hoe (khurpa) or wheel hoe. 2) Cultivate between rows at 2-3 cm depth (shallow - onion roots are shallow). 3) Avoid damaging bulbs. 4) Also breaks soil crust removes weeds aerates soil. For large areas: use power weeder (tractor-operated) with careful adjustment.,
onion,Cultivation,What is the process of transplanting onion seedlings and when should it be done?,Transplanting process: 1) Prepare nursery 40-50 days before transplanting. 2) Water nursery 2-3 hours before pulling seedlings. 3) Gently pull seedlings (do not damage roots). 4) Sort seedlings - discard weak bolted or diseased ones. 5) Trim roots to 2-3 cm and leaves to 10-15 cm (optional - reduces transplant shock). 6) Transplant in main field at spacing 15x10 cm. 7) Plant at depth 2-3 cm (not too deep). 8) Irrigate immediately. Transplanting time: Rabi - Dec-Jan Kharif - April-May.,
onion,Cultivation,What is the optimal plant population per acre for onion in Pakistan?,Optimal plant population: 200000-300000 plants per acre (50-75 plants per square meter). For large bulbs (export): 150000-200000 plants/acre. For medium bulbs (market): 250000-300000 plants/acre. For small bulbs (pickling): 350000-400000 plants/acre. Achieve by: spacing 15x10 cm gives approx 280000 plants/acre.,
onion,Cultivation,How is gap filling done in onion cultivation if germination is poor?,Gap filling is for nursery only (not in main field). If nursery has poor germination: 1) Resow in gaps immediately (within 10 days). 2) Use pre-soaked seeds for faster emergence. 3) Irrigate lightly after resowing. In main field: missing plants are not gap-filled (transplanting is uniform). Instead use higher seedling density.,
onion,Cultivation,When and how should staking or support be provided to onion plants?,Staking is NOT required for onion. Onion is a low-growing crop with no climbing habit.,
onion,Cultivation,What is pinching or pruning in onion and when should it be done?,Pinching (removal of leaves or flower stalks) is done for bolted onion plants. Bolting (premature flowering) occurs due to temperature stress. If plants bolt: 1) Remove flower stalks (scape) as soon as they appear. 2) Do not remove leaves. 3) Bolted plants produce small bulbs - better to remove and use as green onion. Prevention: use bolting-resistant varieties and timely sowing.,
onion,Cultivation,How should onion be managed during bulb formation to maximize bulb size?,1) Maintain uniform soil moisture (no stress). 2) Apply potassium (K) and sulfur (S) - improves bulb size and quality. 3) Control thrips (damage reduces bulb size). 4) Control diseases (purple blotch downy mildew). 5) Do not apply N after bulb initiation (70 days) - excess N delays maturity and causes thick necks. 6) Stop irrigation 10-15 days before harvest to allow bulb maturation.,
onion,Cultivation,What is the process of ratooning for onion in Pakistan? Is it recommended?,Ratooning is NOT recommended for onion. Onion does not regrow after harvest. Always plant fresh seedlings each season.,
onion,Yield,How does crop canopy management improve yield of onion?,Canopy management for onion: 1) Optimum plant population (200000-300000 plants/acre) prevents overcrowding. 2) Proper row spacing (15-20 cm) allows light penetration and air circulation - reduces disease. 3) Avoid excess N which causes dense canopy and more disease (purple blotch). 4) Inter-cultivation improves air circulation. Good canopy = healthy plants + large bulbs.,
onion,Cultivation,What field monitoring activities should a farmer do weekly during onion season?,Weekly monitoring: 1) Germination % (nursery - first 2 weeks). 2) Plant stand and uniformity. 3) Weed presence and type. 4) Pest scouting: thrips (silvery streaks on leaves) onion maggot (wilting) leaf miner. 5) Disease signs: purple blotch (purple spots) downy mildew (yellowish patches with gray-purple fuzz) basal rot (yellowing soft bulbs). 6) Nutrient deficiency symptoms (yellowing purpling). 7) Soil moisture. Record observations.,
onion,Varieties,What are the most commonly grown varieties of onion in Pakistan?,Commonly grown varieties include: 1) Phulkara (red pungent good storage). 2) Nasarpuri (Sindh red). 3) Swat-1 (KPK light red). 4) Desi Red (local). 5) Dark Red (export quality). 6) White Globe (processing). 7) F1 Hybrids (Galaxy Sarhad White Super Star). Traditional varieties yield 150-200 maunds/acre hybrids 250-350 maunds/acre.,
onion,Varieties,What are the improved and recommended varieties of onion approved by Pakistani agricultural research institutes?,Improved varieties approved by PARC/NARC/Ayub Research: 1) Phulkara (Vegetable Research Institute Sahiwal) - red pungent excellent storage (6-8 months) yield 180-220 maunds/acre. 2) Nasarpuri (Sindh Agriculture University Tandojam) - red good for Sindh. 3) Swat-1 (KPK) - light red good for KPK. 4) White Globe (processing) - white high solids. 5) F1 Galaxy (hybrid) - dark red export quality yield 300-350 maunds/acre. 6) Sarhad White (KPK) - white onion. 7) Super Star (hybrid) - early maturing.,
onion,Varieties,What are the early-maturing medium-maturing and late-maturing varieties of onion available in Pakistan?,Early-maturing (100-120 days): Super Star (hybrid) Early Red. Medium-maturing (120-140 days): F1 Galaxy Nasarpuri Desi Red. Late-maturing (140-160 days): Phulkara Swat-1 (for storage). Early varieties suitable for early market (higher price). Late varieties for long-term storage (Phulkara stores 6-8 months).,
onion,Soil,What type of soil is best suited for growing onion in Pakistan?,Well-drained sandy loam or loamy soil rich in organic matter is best. Deep fertile soils (45-60 cm depth) with pH 6.0-7.5. Onion requires good drainage (waterlogging causes bulb rot). Avoid heavy clays and very sandy soils. Loose soil allows bulb expansion.,loamy
onion,Soil,What is the ideal soil pH range for onion cultivation in Pakistan?,Ideal pH range is 6.0 to 7.5 (slightly acidic to neutral). Onion can tolerate pH 5.5-8.0 but yields decline below 5.5 (aluminum toxicity) and above 8.0 (iron and zinc deficiency). At high pH >7.5: micronutrient availability reduced.,loamy
onion,Soil,What soil texture (loamy sandy clayey) is most suitable for onion?,Sandy loam and loam are most suitable - provide good drainage aeration and easy bulb expansion. Sandy soils: require frequent irrigation and high organic matter (bulbs may be small). Clayey soils: problematic due to poor drainage (bulb rot) crusting (poor emergence) and hard bulbs.,clay
onion,Soil,Can onion be grown on saline or sodic soils (Kallar) in Pakistan? What are the precautions?,Onion is salt-sensitive (ECe <2 dS/m). Not recommended on saline or sodic soils. If unavoidable: 1) Apply gypsum at 100% GR. 2) Heavy leaching before planting. 3) Use raised beds. 4) Add FYM 15-20 tons/acre. 5) Use salt-tolerant varieties (none specifically for onion). 6) Better to avoid - choose salt-tolerant crops like barley or sugarbeet.,saline
onion,Soil,What soil drainage conditions are required for onion?,Excellent drainage is critical. Onion is highly sensitive to waterlogging - even 24-48 hours of standing water causes bulb rot (Fusarium bacterial soft rot) and plant death. Raised beds (15-20 cm high) are essential in heavy soils or high rainfall areas.,clay
onion,Soil,How does soil organic matter content affect the yield of onion?,Higher organic matter (2-3%) improves: 1) Water holding capacity. 2) Nutrient availability (especially N and S). 3) Soil structure and bulb expansion. 4) Beneficial microbial activity (disease suppression). 5) Bulb quality and storage life. Every 0.5% increase in OM can boost yield by 5-10 maunds/acre.,loamy
onion,Soil,What soil testing should a farmer do before planting onion in Pakistan?,Essential soil tests: 1) pH and EC (salinity). 2) Organic matter. 3) Available N (NO3-N). 4) Available P (Olsen P). 5) Available K. 6) Sulfur (S) - important for pungency. 7) Zinc (Zn) and Boron (B) for deficient soils. Sample depth: 6-9 inches. Send to provincial soil testing lab (free or low cost).,loamy
onion,Soil,How should soil fertility be maintained or improved for repeated cultivation of onion?,1) Crop rotation: onion after cereals (wheat maize) - not after other Alliums (garlic leek) to avoid disease buildup. 2) Apply FYM/compost 10-15 tons/acre every 2-3 years. 3) Green manuring before onion. 4) Balanced NPK and S fertilization. 5) Incorporate crop residues (not onion residues - disease risk). 6) Use biofertilizers (PSB Azotobacter).,loamy
onion,Soil,What are the signs of poor or unsuitable soil for onion cultivation?,Signs: 1) Water pooling after rain/irrigation (poor drainage). 2) White salt crust (saline). 3) Stunted yellow plants (N deficiency or waterlogging). 4) Purple leaf tips (P deficiency). 5) Cracked clay surface. 6) Poor germination and seedling death (crusting or salinity). 7) Small misshapen bulbs (compacted soil).,loamy
onion,Soil,What soil preparation practices improve the structure and health of soil for onion?,1) Deep ploughing (25-30 cm) every 2-3 years. 2) Add organic matter (FYM 10-15 tons/acre). 3) Green manuring 6-8 weeks before transplanting. 4) Gypsum application for sodic soils. 5) Laser leveling for uniform irrigation. 6) Raised bed preparation (essential for heavy soils). 7) Avoid excessive tillage (destroys structure).,loamy
onion,SowingTime,When is the best time to sow onion nursery in Punjab Pakistan?,Onion nursery sowing: Rabi (main crop): October 15 to November 15. Central Punjab: Oct 20-Nov 10. South Punjab: Oct 25-Nov 15. For Kharif (summer) crop: March 1-31 (Sindh border areas). Nursery age: 40-50 days before transplanting.,
onion,SowingTime,When is the best time to sow onion nursery in Sindh Pakistan?,Sindh: Rabi crop: October 15 to November 30. Lower Sindh (Hyderabad Mirpurkhas): Oct 15-Nov 15. Upper Sindh (Sukkur): Nov 1-30. Kharif crop (summer): March 1-April 15. Spring crop (Balochistan border): January-February.,
onion,SowingTime,When is the best time to sow onion nursery in KPK Pakistan?,KPK: Rabi crop: October 1 to November 15. Peshawar valley: Oct 15-Nov 15. Dera Ismail Khan: Nov 1-20. Spring crop (high elevations Swat Abbottabad): March-April - sow nursery in March transplant in April-May.,
onion,SowingTime,When is the best time to sow onion nursery in Balochistan Pakistan?,Balochistan: Spring crop (main): January 15 to March 15. Quetta/Pishin: Jan 15-Feb 28. Summer crop (high valleys): April-May. Rabi crop (plains Sibi Naseerabad): October-November.,
onion,SowingTime,When is the best time to sow onion nursery in South Punjab (Multan Bahawalpur DG Khan)?,South Punjab: Rabi crop: October 25 to November 20. Warmer climate allows later sowing. For early market: sow nursery Oct 15-25 transplant Nov 25-Dec 10. Avoid late transplanting (after Dec 31) as heat during bulb formation reduces yield.,
onion,SowingTime,What happens if onion nursery is sown too early or too late in Pakistan?,Too early (September): 1) High temperatures (>35°C) reduce germination. 2) Seedlings bolt (premature flowering). 3) More pest pressure (thrips). Too late (December onward): 1) Shortened growing season. 2) Seedlings small at transplanting. 3) Heat stress during bulb formation (small bulbs). 4) Lower yield (30-50% loss).,
onion,Yield,How does sowing/transplanting time affect the yield and quality of onion?,Yield: Each week delay after optimum transplanting reduces yield by 5-10%. Optimum transplanting (Dec-Jan) gives 200-300 maunds/acre. Late transplanting (Feb) gives 100-150 maunds. Quality: Late transplanting produces smaller bulbs thinner necks and poor storage life. Early transplanting (Nov) risks frost damage in northern areas.,
onion,Cultivation,What seed treatment should be done before sowing onion nursery?,Seed treatment is essential for onion: 1) Fungicide for seed-borne diseases (Alternaria Fusarium). 2) Insecticide for thrips and maggots. 3) Bio-priming (optional). Treat seeds 24 hours before sowing. Use 5-10 ml water per kg seed.,
onion,Soil,Which fungicide is recommended for seed treatment of onion to prevent soil-borne diseases?,Recommended fungicides: 1) Carbendazim (Bavistin) 2g per kg seed. 2) Thiram 2.5g per kg seed. 3) Captan 2g per kg. 4) Metalaxyl (Apron) 2g per kg - effective against downy mildew. 5) Tebuconazole (Raxil) 1.5ml per kg. These control seed-borne Alternaria and damping off.,
onion,Pesticide,Which insecticide is recommended for seed treatment of onion to protect against early pests?,1) Imidacloprid (Confidor) 5ml per kg seed - controls thrips up to 30 days. 2) Chlorpyrifos 2-3ml per kg - for onion maggot. 3) Thiamethoxam (Cruiser) 4ml per kg - broad spectrum. For nursery: soil drench with Chlorpyrifos also recommended.,
onion,Cultivation,What is the process of seed treatment for onion — dose method and timing?,Process: 1) Calculate seed quantity (6-8 kg/acre). 2) Mix required fungicide + insecticide in 50-100ml water per kg seed. 3) Spread seeds on clean polythene sheet. 4) Pour solution gradually while mixing manually (wear gloves). 5) Ensure uniform coating. 6) Dry in shade for 1-2 hours (not direct sun). 7) Sow within 24-48 hours.,
onion,Cultivation,Should onion seeds be soaked in water before sowing? For how long?,Soaking is NOT recommended for onion seeds. Onion seeds are small and absorb water quickly - soaking causes clumping and difficulty in broadcasting. Soaked seeds also rot in cold soil. Dry seed treatment followed by direct sowing is best. For old seeds (low germination): soak for 6-8 hours only.,
onion,Cultivation,How does seed treatment affect germination rate and early growth of onion?,Seed treatment increases germination from 60-70% (untreated) to 85-95% (treated). Fungicide protects from damping off and seed rot. Insecticide protects from thrips and onion maggot. Result: uniform nursery stand healthier seedlings and 15-20% higher yield potential.,
onion,Cultivation,What is bio-priming or microbial seed treatment for onion in Pakistan?,Bio-priming involves treating seeds with beneficial microbes: 1) Azotobacter or Azospirillum (N-fixers) - 1 packet (500g) for 10-15 kg seed. 2) PSB (Phosphorus Solubilizing Bacteria) - 1 packet for 10 kg seed. 3) Trichoderma harzianum (bio-fungicide) - 5g per kg seed. 4) Pseudomonas fluorescens (bio-control). Mix with jaggery solution (50g jaggery in 1L water) as adhesive. Dry in shade. Reduces chemical fertilizer need by 15-25%.,
onion,HarvestTime,How should treated onion seed be stored before sowing?,Treated seeds should be sown within 24-48 hours maximum. Do not store treated seeds for more than 7 days as fungicides degrade. If storage unavoidable: keep in cool dry place (10-15°C) in breathable (not plastic) bags. Never mix treated seeds with untreated seeds.,
onion,Cultivation,What are the safety precautions when doing seed treatment for onion?,1) Wear gloves and mask. 2) Do not eat/drink during treatment. 3) Treat in well-ventilated area. 4) Wash hands thoroughly after treatment. 5) Keep treated seed away from children and livestock. 6) Dispose empty chemical containers properly (triple rinse then crush). 7) Do not use treated seed for consumption.,
onion,Pesticide,What are the major weeds found in onion fields in Pakistan?,Major weeds: Broadleaf: 1) Bathu (Chenopodium album). 2) Maina (Asphodelus tenuifolius). 3) Peeli Buti (Fumaria parviflora). 4) Lehli (Sonchus asper). 5) Kandiar (Convolvulus arvensis). Grasses: 1) Wild oat (Avena fatua). 2) Phalaris minor (Dumbi sitti). 3) Cyperus rotundus (Deela) - very problematic. 4) Cynodon dactylon (Khabbal grass). Onion is poor competitor with weeds.,
onion,Pesticide,What is the critical period of weed competition in onion cultivation?,Critical period: 15 to 60 days after transplanting (from establishment to bulb initiation). Weeds competing during this period cause 50-80% yield loss. First 30 days are most critical. Keep weed-free during this window. After 60 days onion canopy closes somewhat but weeds still compete.,
onion,Pesticide,How does weed competition affect the yield of onion in Pakistan?,Weed competition can reduce yield by 50-80%. Heavy infestation: yield drop from 250 maunds to 50-80 maunds/acre. Cyperus rotundus (Deela) is most damaging. Weeds compete for: water (critical) nutrients (especially N) light and space. Also harbor pests (thrips) and increase humidity (disease).,
onion,Pesticide,What are the recommended herbicides for weed control in onion in Pakistan?,1) Pre-emergence: Pendimethalin (Stomp) 600-800ml/acre or Oxyfluorfen (Goal) 300-400ml/acre. 2) Pre-plant incorporated: Trifluralin (Treflan) 500-600ml/acre. 3) Post-emergence (grasses): Quizalofop (Topik) 300ml/acre or Fenoxaprop (Puma) 400ml/acre. 4) Post-emergence (broadleaf): Oxyfluorfen (Goal) 200ml/acre (apply carefully - can burn onion). DO NOT use 24-D on onion - severe damage.,
onion,Pesticide,What pre-emergence herbicides are used for onion weed control?,Pre-emergence (apply within 3 days of transplanting before weed emergence): 1) Pendimethalin (Stomp) 600-800 ml/acre - effective on grasses and small-seeded broadleaf weeds. 2) Oxyfluorfen (Goal) 300-400 ml/acre - for broadleaf weeds and some grasses. 3) Trifluralin (Treflan) 500-600 ml/acre - incorporate into top 5-8 cm soil before transplanting. Apply on moist soil. Do not use on sandy soils (leaching risk).,
onion,Pesticide,What post-emergence herbicides are used for onion weed control?,Post-emergence (apply at 20-30 days after transplanting): For grassy weeds: Quizalofop ethyl (Topik) 300ml/acre or Fenoxaprop (Puma) 400ml/acre. For broadleaf weeds: Oxyfluorfen (Goal) 200ml/acre (apply carefully as it can cause leaf burn). DO NOT use 24-D or MCPA on onion (causes severe leaf distortion and bulb malformation). Manual weeding is safer for broadleaf weeds.,
onion,Pesticide,What is the correct dose and timing of herbicide application in onion?,Pendimethalin: 600-800 ml/acre within 3 days of transplanting. Oxyfluorfen: 300-400 ml/acre pre-emergence or 200 ml/acre post-emergence (20-25 days). Quizalofop: 300ml/acre at 20-30 days for grass weeds. Use 120-150 liters water/acre. Flat fan nozzle. Apply in morning when no wind/rain. Do not spray after bulb initiation (60 days).,
onion,Pesticide,How should manual weeding be done in onion fields?,Manual weeding: 1st weeding at 20-25 days after transplanting. 2nd weeding at 40-45 days. 3rd weeding at 60-65 days if needed. Method: 1) Use khurpa (hand hoe) carefully - onion roots are shallow. 2) Cut weeds just below soil surface. 3) Remove weeds from field (don't leave uprooted weeds). 4) Be careful not to damage bulbs. 5) Weeding also aerates soil. Labor requirement: 30-40 person-days/acre for three weedings.,
onion,Pesticide,How many manual weedings are recommended for onion cultivation in Pakistan?,Three manual weedings are recommended: 1st at 20-25 days after transplanting. 2nd at 40-45 days. 3rd at 60-65 days (before bulb filling). In low weed pressure areas: two weedings (20 and 40 days) may suffice. In heavy weed infestation: two weedings + pre-emergence herbicide. Cyperus rotundus requires multiple weedings.,
onion,Pesticide,What mechanical methods can be used for weed control in onion?,1) Wheel hoe (hand-operated) - for row spacing 15-20 cm. 2) Power weeder (tractor-operated) - for large fields (set to shallow depth 2-3 cm). 3) Cono-weeder (for narrow rows). Mechanical weeding at 25-30 and 40-45 days. Shallow depth critical to avoid root damage. Followed by manual removal of intra-row weeds. Not effective for Cyperus rotundus.,
onion,Pesticide,How can mulching help control weeds in onion cultivation?,Mulching is effective for onion: 1) Straw mulch (wheat/rice) at 4-5 tons/acre applied after transplanting suppresses weeds. 2) Reduces weed germination by blocking light. 3) Also conserves soil moisture (reduces irrigation frequency). 4) Plastic mulch (black) - very effective for high-value hybrid onion but costly (Rs. 20000-25000/acre). 5) Biodegradable mulch available. Plastic mulch with drip irrigation is excellent for onion.,
onion,Pesticide,What safety precautions should be taken when applying herbicides to onion?,1) Wear PPE (gloves mask goggles). 2) Read label instructions. 3) Calibrate sprayer correctly. 4) Do not spray on windy days (drift damages nearby crops). 5) Avoid application before rain. 6) Clean equipment thoroughly after use. 7) Dispose containers properly. 8) Observe pre-harvest interval (PHI - usually 30-40 days). 9) Do not enter field for 24 hours after spraying. 10) Specifically: NEVER use 24-D on onion.,
onion,Pesticide,What are the major insect pests of onion in Pakistan?,Major pests: 1) Onion thrips (Thrips tabaci) - most damaging. 2) Onion maggot (Delia antiqua) - soil pest. 3) Cutworm (Agrotis spp.) - seedling stage. 4) Armyworm (Spodoptera exigua). 5) Leaf miner (Liriomyza spp.). 6) Onion whitefly (Bemisia tabaci). 7) Red spider mite (Tetranychus spp.) - in dry conditions.,
onion,Pesticide,What is the economic threshold level (ETL) for major pests of onion in Pakistan?,Thrips: 5-10 per leaf or 30-50% leaf damage (silvery streaks). Onion maggot: 5-10% plants wilting. Cutworm: 2-3 cut seedlings per square meter. Armyworm: 3-4 larvae per square meter. Leaf miner: 20% leaves infested. Spray only when ETL reached (avoid unnecessary pesticides to protect natural enemies).,
onion,Pesticide,How can I identify sucking pests (thrips whitefly) attacking onion?,Thrips: Tiny (1mm) slender yellow/brown insects. Silvery-white streaks on leaves (feeding damage). Black specks (frass) on leaves. Severe: leaves turn white dry curl. Whitefly: Tiny white winged insects fly when plant disturbed. Yellow sticky traps. Lower leaf yellowing. Sooty mold on upper leaves.,
onion,Pesticide,What damage does the stem borer cause to onion and how to identify it?,Stem borer is NOT a pest of onion. Onion maggot is the soil pest that damages bulbs. Not applicable.,
onion,Pesticide,What damage does the fruit borer cause to onion and how to identify it?,Fruit borer is NOT a pest of onion (onion has no fruit). Not applicable.,
onion,Cultivation,What damage does the leaf miner cause to onion and how to identify it?,Leaf miner (Liriomyza spp.) - occasional. Damage: Larvae tunnel between leaf surfaces creating winding white mines. Identification: Blistered appearance white serpentine trails on leaves. Severely mined leaves turn yellow and drop. Control: Remove affected leaves. Cyromazine or Abamectin if severe.,
onion,Pesticide,What damage do armyworms / cutworms cause to onion seedlings in Pakistan?,Cutworms: Larvae cut seedlings at ground level at night. Damage: Plants fall over as if cut by knife. Patchy missing plants. Armyworms: Defoliation - skeletonized leaves. Large larvae eat entire leaves. Identification: Larvae curled (C-shape) when disturbed in soil near damaged plants. Control: Chlorpyrifos drench around base.,
onion,Pesticide,What damage does the whitefly cause to onion and how to identify infestation?,Whitefly damage: 1) Suck sap causing yellowing and stunting. 2) Honeydew leads to sooty mold (black coating on leaves) reducing photosynthesis. 3) Vector of viral diseases (rare in onion). Identification: Tiny white moths fly up when plant disturbed. Yellow sticky traps. Lower leaf yellowing.,
onion,Pesticide,What damage does the red spider mite cause to onion and when does it appear?,Red spider mite (Tetranychus spp.) - appears in dry hot conditions (March-April late season). Damage: Stippling (tiny yellow/white spots) on leaves. Severe: leaves turn bronze/brown and dry. Fine webbing on leaves. Identification: Tiny red dots visible with hand lens. Shake leaf over white paper - moving specks. Control: Abamectin or Fenpyroximate.,
onion,Pesticide,How do locusts and grasshoppers damage onion in Pakistan?,Locusts and grasshoppers: 1) Defoliation - eat leaves. 2) Can completely destroy crop in hours during swarms. Identification: Presence of insects. Droppings on leaves. Control: Chlorpyrifos or Deltamethrin. District agriculture department issues alerts.,
onion,Pesticide,What are the signs of termite infestation in onion fields?,Signs: 1) Dried dead plants that pull out easily with no roots. 2) Mud tubes on plant stems near base. 3) Hollowed stems. 4) White/cream insects inside roots/stem when dug up. 5) Patchy plant death. More common in rainfed areas and fields with crop residues. Control: Chlorpyrifos seed treatment or soil drench.,
onion,Pesticide,What are the signs of nematode infestation in onion roots in Pakistan?,Root knot nematode (Meloidogyne spp.): Signs: 1) Galls (swellings) on roots (like beads). 2) Stunted yellow plants. 3) Wilting during day even with moisture. 4) Poor bulb formation. More common in sandy soils. Control: Crop rotation (with marigold or cereals). Apply nematicides (Carbofuran) only if severe. Soil solarization.,
onion,Pesticide,How does the pest population in onion vary across different regions of Pakistan?,Thrips: Severe in all onion-growing areas - peak Feb-April. Onion maggot: More in humid areas (KPK northern Punjab). Cutworms: Problem in all rainfed areas. Mites: Late season (March-April) in Sindh and South Punjab. Whitefly: More in Sindh and South Punjab.,
onion,Pesticide,What pests are more severe for onion during the Kharif season?,Summer onion (Kharif): 1) Thrips (very severe). 2) Onion maggot (humid conditions). 3) Armyworm. 4) Red spider mite (dry periods).,
onion,Pesticide,What pests are more severe for onion during the Rabi season?,Rabi (winter) pests: Thrips (moderate to severe Dec-Mar). Cutworms (Nov-Dec on seedlings). Onion maggot (Feb-Mar in northern areas). Mites (late season Feb-Mar). Thrips are the #1 pest across all seasons.,
onion,Pesticide,What pesticides are recommended for controlling thrips in onion in Pakistan?,1) Spinosad (Tracer) 80ml/acre - most effective. 2) Fipronil 400ml/acre. 3) Imidacloprid (Confidor) 250ml/acre. 4) Acetamiprid 200g/acre. 5) Thiamethoxam (Actara) 80g/acre. 6) Cypermethrin 250ml/acre (less effective due to resistance). Rotate products every 10-14 days. Spray when ETL reached (5-10 thrips/leaf). Use sticker/spreader.,
onion,Pesticide,What pesticides are recommended for controlling whitefly in onion in Pakistan?,1) Imidacloprid 250ml/acre. 2) Pyriproxyfen (Planter) 200ml/acre. 3) Buprofezin (Applaud) 300g/acre. 4) Diafenthiuron (Polo) 300ml/acre. Add mineral oil (300ml/acre) as adjuvant. Rotate modes of action. Use yellow sticky traps for monitoring.,
onion,Pesticide,What pesticides are recommended for controlling onion maggot?,Onion maggot is difficult to control. Preventive: 1) Chlorpyrifos (Lorsban) 800ml/acre - soil drench before planting. 2) Carbofuran (Furadan) 3G 5kg/acre - incorporate into soil. 3) Seed treatment with Imidacloprid. 4) Crop rotation (avoid onion after onion). 5) Destroy infested plants.,
onion,Pesticide,What pesticides are recommended for controlling stem borer in onion?,Not applicable (stem borer not a pest of onion).,
onion,Pesticide,What pesticides are recommended for controlling fruit borer in onion?,Not applicable (onion has no fruit).,
onion,Pesticide,What pesticides are recommended for controlling leaf miner in onion in Pakistan?,1) Cyromazine (Trigard) 150g/acre - specific for leaf miners. 2) Abamectin 200ml/acre. 3) Spinosad 80ml/acre. 4) Chlorpyrifos 800ml/acre. Spray when first mines appear. Remove severely infested leaves. Not usually economic in onion.,
onion,Pesticide,What pesticides are recommended for controlling red spider mite in onion in Pakistan?,1) Abamectin (Kingmit) 200ml/acre. 2) Fenpyroximate (Ortus) 250ml/acre. 3) Spiromesifen (Oberon) 300ml/acre. 4) Sulfur 80% WP 500g/acre. DO NOT use pyrethroids (they kill natural enemies and flare mites). Repeat after 7 days.,
onion,Pesticide,What pesticides are recommended for controlling cutworm/armyworm in onion seedlings?,1) Chlorpyrifos (Lorsban) 800ml/acre - soil drench around base. 2) Lambda-cyhalothrin 250ml/acre - evening spray. 3) Carbaryl (Sevin) 400g/acre. 4) Bait: Mix 1kg bran + 10g Carbaryl + 1L water - spread in evening. Apply when cutting damage first seen.,
onion,Pesticide,What is the recommended dose and spray schedule for pesticide application on onion?,Thrips: Spray when 5-10 thrips/leaf or silvery streaks visible. Schedule: Jan-Feb (Rabi) Mar-Apr (Kharif). Repeat every 10-14 days (max 3 sprays). Use 120-150 L water/acre. Rotate pesticides to avoid resistance. Stop spraying 7-14 days before harvest (PHI).,
onion,Pesticide,How should pesticides be mixed and applied correctly for onion pest control?,1) Fill spray tank 1/3 with clean water. 2) Add required pesticide dose (measure accurately). 3) Add adjuvant/wetter if recommended (for thrips use sticker). 4) Fill to full volume while agitating. 5) Calibrate sprayer for 120-150 L/acre. 6) Use flat fan or hollow cone nozzles. 7) Spray in morning (6-9 AM) or evening (4-7 PM). 8) Avoid windy/rainy conditions. 9) Clean sprayer after use.,
onion,Pesticide,What is the pre-harvest interval (PHI) for pesticides used on onion in Pakistan?,Common PHI: Spinosad: 7 days. Imidacloprid: 14 days. Fipronil: 14 days. Abamectin: 14 days. Chlorpyrifos: 15 days. Lambda-cyhalothrin: 14 days. For onion (green onion or dry bulb) follow minimum PHI strictly. Do not harvest before PHI.,
onion,Pesticide,What are the bio-pesticides or organic alternatives for pest control in onion?,1) Neem oil (Azadirachtin) 1% - 2-3 L/acre for thrips. 2) Garlic-chili extract (10g garlic + 10g chili in 1L water boil strain dilute 1:10). 3) Spinosad (bio-origin) for thrips. 4) Entomopathogenic fungi: Beauveria bassiana (2g/L) for thrips. 5) Yellow/blue sticky traps for thrips and whitefly. 6) Release predatory mites (Amblyseius) for thrips (not common).,
onion,Pesticide,How can pheromone traps be used for pest monitoring in onion fields?,For cutworm: Use pheromone lures in delta traps (1 trap per 2 acres). For armyworm: Use specific lures. Place traps at canopy height (30-40 cm). Check daily for moth catch. Spray when catch exceeds threshold (e.g. 8-10 moths/trap/night). Replace lures every 4-6 weeks. Not available for thrips.,
onion,Pesticide,What safety equipment should a farmer wear while spraying pesticide on onion?,1) Chemical-resistant gloves (nitrile rubber). 2) Face shield or goggles. 3) Respirator (N95 or charcoal mask for organic vapors). 4) Long-sleeved shirt and full pants. 5) Apron or coverall. 6) Rubber boots (not cloth shoes). 7) Hat. Wash PPE after use. Never reuse empty pesticide containers. Shower after spraying.,
onion,Pesticide,What should a farmer do if accidental pesticide poisoning occurs during onion spraying?,1) Remove person from contaminated area immediately. 2) Remove contaminated clothing. 3) Wash skin with soap and water for 15 minutes. 4) If swallowed: Do not induce vomiting (unless label says) - give water. 5) If inhaled: Move to fresh air. 6) Take pesticide container to hospital (for identification). 7) Seek immediate medical attention. 8) Call Poison Control (115 or local emergency).,
onion,Pesticide,How should pesticide resistance be managed in onion pests in Pakistan?,1) Rotate pesticides with different modes of action (IRAC groups). 2) Do not use same pesticide group repeatedly. 3) Spray only when ETL reached (not calendar-based). 4) Use recommended doses (not sub-lethal). 5) Integrate biological and cultural controls (IPM). 6) Leave untreated refuges for susceptible pests. 7) Use pheromone traps for monitoring. 8) Avoid tank mixing unrelated pesticides.,
onion,Pesticide,When is the best time of day (morning/evening) to spray pesticide on onion?,Best time: Early morning (6-9 AM) or late evening (4-7 PM). Reasons: 1) Bees and pollinators less active (protect beneficials). 2) Temperature moderate (15-25°C) - better efficacy. 3) Less evaporation. 4) Lower wind speeds. Avoid spraying: 1) Mid-day heat (>30°C). 2) Strong wind (>15 km/h). 3) When rain expected within 6 hours. 4) When leaves are wet (dew/rain).,
onion,Pesticide,What integrated pest management (IPM) practices are recommended for onion in Pakistan?,IPM components: 1) Use resistant varieties (if available). 2) Crop rotation (3-4 years with cereals). 3) Clean seed and disease-free seedlings. 4) Balanced fertilizer (no excess N). 5) Optimum plant population (avoid dense canopy). 6) Monitoring (weekly scouting). 7) Economic thresholds (spray only when needed). 8) Biological control (conserve ladybirds lacewings). 9) Selective pesticides (avoid pyrethroids for thrips). 10) Sanitation (remove crop debris).,
onion,Pesticide,How can crop rotation help reduce pests and diseases in onion cultivation?,Crop rotation breaks pest/disease cycles: 1) Onion after cereals (wheat maize) - not after other Alliums (garlic leek) to avoid white rot Fusarium and thrips buildup. 2) Minimum 3-4 years between Allium crops. 3) Rotate with non-host crops to reduce white rot (persists 10+ years). 4) Reduces nematode populations. 5) Improves soil health. Sample rotation: Wheat - onion - maize - wheat.,
onion,Varieties,How does selection of disease-resistant onion varieties reduce losses in Pakistan?,Resistant varieties are limited for onion. Phulkara has moderate tolerance to purple blotch. Hybrids (F1 Galaxy) have better field tolerance. No variety is fully resistant to white rot or basal rot. Using tolerant varieties reduces need for fungicide sprays (saves Rs. 2000-3000/acre) and gives higher yield (250-300 vs 150-200 maunds).,
onion,Pesticide,What cultural practices help prevent pest attacks on onion?,1) Timely transplanting (Dec-Jan) - avoids peak thrips season. 2) Avoid excess nitrogen (lush growth attracts thrips). 3) Proper spacing (15x10 cm) - air circulation reduces disease. 4) Weed control (weeds host thrips). 5) Remove crop debris after harvest. 6) Deep ploughing in summer (exposes pupae). 7) Balanced irrigation (no waterlogging). 8) Intercropping with carrot or marigold (repels thrips).,
onion,Diseases,How does field sanitation (removing crop debris) prevent disease in onion?,1) Removes purple blotch-infected plant material (overwintering inoculum). 2) Reduces Fusarium and white rot survival structures. 3) Removes volunteer plants (alternative hosts). 4) Destroys pest hiding places. 5) Practice: After harvest collect and burn or deep plough (>30cm) onion stubble. Do not compost infected debris. Clean cultivation equipment between fields.,
onion,Pesticide,How can border cropping or trap cropping reduce pests in onion fields?,Border crop: Surround onion field with 2-3 rows of wheat or carrot. Wheat acts as physical barrier for thrips migration. Carrot intercropping reduces thrips colonization. Trap cropping: Sow radish or mustard on borders - these attract thrips away from onion. When border crop infested spray only the border (not main crop). Reduces pesticide use by 50-70%.,
onion,Pesticide,What beneficial insects should be protected to help control pests in onion?,Beneficial insects: 1) Ladybird beetles - eat aphids (few aphids on onion). 2) Lacewings - eat thrips (larvae). 3) Predatory thrips (Aeolothrips) - eat pest thrips. 4) Minute pirate bugs (Orius) - eat thrips. 5) Spiders - generalist predators. 6) Ground beetles - eat cutworms. Avoid broad-spectrum insecticides (pyrethroids organophosphates) to conserve them.,
onion,Irrigation,How does proper irrigation management reduce disease risk in onion?,1) Avoid over-irrigation - reduces humidity and purple blotch. 2) Drip/furrow irrigation (not overhead) - keeps foliage dry. 3) Irrigate in morning - leaves dry by evening. 4) Avoid waterlogging - reduces basal rot. 5) Stop irrigation 10-15 days before harvest - prevents neck rot. Wet foliage + warm nights = disease explosion. Proper drainage is key.,
onion,Fertilizer,How does proper fertilizer management help prevent disease in onion?,1) Balanced NPK (not excess N) - excess N causes lush growth dense canopy high humidity more purple blotch and thrips. 2) Adequate P and K - strengthen cell walls improve disease resistance. 3) Apply K (potassium) - reduces purple blotch severity. 4) Sulfur - improves bulb quality and plant defense. 5) Micronutrients (Zn B) - prevent stress-induced susceptibility. 6) Organic matter (FYM) - improves soil health. Soil test before fertilizer application.,
onion,Pesticide,What is the role of light traps and pheromone traps in onion pest management?,Light traps: 1) Attract night-flying pests (cutworm moths armyworm). 2) Place 1 trap per 2 acres. 3) Operate from dusk to dawn. 4) Helps monitor pest emergence. Pheromone traps: 1) Species-specific (e.g. for cutworm). 2) 1 trap per 2 acres. 3) Count moths daily. 4) Spray when catch exceeds threshold. Both are monitoring tools not direct control. Not available for thrips.,
onion,Pesticide,How should onion fields be monitored regularly to catch pest/disease problems early?,Weekly monitoring schedule: 1) Walk in W pattern across field. 2) Check 10-20 random plants per acre. 3) Thrips: Check leaves for silvery streaks count thrips per leaf (use hand lens). 4) Diseases: Check leaves for purple spots (purple blotch) fuzzy growth (downy mildew). 5) Record observations (notebook/phone). 6) Use yellow sticky traps for thrips and whitefly. 7) Check field borders first (pests enter from edges). 8) Monitor weather forecasts (disease risk alerts). 9) Act when thresholds reached.,
onion,Cultivation,What are the early warning signs that an onion field needs immediate intervention?,1) Thrips: Silvery streaks on >20% leaves or >10 thrips/leaf. 2) Purple blotch: Purple spots on >5% leaves. 3) Downy mildew: Yellow patches with gray fuzz on >5% leaves. 4) Cutworms: >5% seedlings cut. 5) Basal rot: Wilting plants with brown basal plate. 6) General: Patchy discoloration yellowing stunting. Don't wait - intervene immediately.,
onion,Pesticide,How does intercropping reduce pest and disease pressure in onion?,Intercropping onion with carrot (1:4 ratio) reduces: 1) Thrips colonization (carrot repels thrips). 2) Purple blotch spread (carrot reduces humidity). 3) Weeds (carrot covers ground). Intercropping pattern: 4 rows onion + 2 rows carrot. Benefits: 20-30% reduction in pest/disease + additional income from carrot. Also intercropping with marigold (nematode suppression).,
onion,Cultivation,What quarantine or phytosanitary measures apply to onion planting material in Pakistan?,1) Certified seed from Punjab Seed Corporation or provincial seed corporations is disease-tested. 2) Imported onion seed requires phytosanitary certificate from country of origin. 3) Prohibited: Seed from fields with white rot or basal rot. 4) Local movement: No restrictions but recommended to use disease-free seed. 5) Report white rot outbreaks to Department of Plant Protection (quarantine disease).,
onion,Fertilizer,What are the recommended fertilizers for onion cultivation in Pakistan?,Recommended fertilizers: 1) Nitrogen: Urea (46% N) or CAN (26% N). 2) Phosphorus: DAP (18-46-0) or SSP (18% P2O5 + 12% S). 3) Potassium: SOP (50% K2O + 18% S) or MOP (60% K2O). 4) Sulfur: SSP Gypsum (18% S) or Ammonium sulfate (24% S) - important for pungency. 5) Micronutrients: Zinc (ZnSO4) and Boron (Borax). 6) Organic: FYM 10-15 tons/acre.,
onion,Fertilizer,What is the recommended NPK dose per acre for onion in Pakistan?,Recommended NPK: 60-80 kg N + 50-60 kg P2O5 + 50-60 kg K2O per acre. In kg/acre: N=60-80 P=50-60 K=50-60. For low fertility soils: N=80 P=60 K=60. For high fertility soils: N=60 P=50 K=50. Sulfur: 20-25 kg S/acre. Adjust based on soil test.,
onion,Fertilizer,What is the recommended dose of nitrogen (N) fertilizer for onion in Pakistan?,60-80 kg N per acre. This equals: Urea 130-175 kg (2.6-3.5 bags) per acre OR CAN 230-310 kg per acre. Apply N in 3 splits: 1/3 at transplanting 1/3 at 30 days 1/3 at 60 days (bulb initiation). On sandy soils: split into 4 applications.,
onion,Fertilizer,What is the recommended dose of phosphorus (P) fertilizer for onion in Pakistan?,50-60 kg P2O5 per acre. This equals: DAP 110-130 kg (2.2-2.6 bags) OR SSP 280-335 kg per acre. Apply full dose at transplanting (basal). Phosphorus is critical for: 1) Root development. 2) Bulb initiation and size. 3) Storage quality. On P-deficient soils increase to 65-70 kg.,
onion,Fertilizer,What is the recommended dose of potassium (K) fertilizer for onion in Pakistan?,50-60 kg K2O per acre. This equals: MOP 85-100 kg (1.7-2.0 bags) OR SOP 100-120 kg per acre. Apply full dose at transplanting (basal). Potassium improves: 1) Bulb firmness. 2) Disease resistance. 3) Storage life. 4) Color and pungency. On sandy soils use 60-65 kg K2O.,
onion,Fertilizer,When and how should the first dose of fertilizer (Basal Dose) be applied to onion?,Basal dose applied at transplanting time: 1) Full P and K + 1/3 of N. 2) Apply in furrow or band 5-8 cm below and 2-3 cm to side of seedling row. 3) If broadcasting: mix into top 10-15 cm soil during final bed preparation. 4) Do not place fertilizer in direct contact with roots (can burn). Use DAP (contains N+P) for basal.,
onion,Cultivation,When and how should the second and subsequent doses (Top Dressing) be applied to onion?,Top dressing: Apply remaining 2/3 N in two splits: 1) At 30 days after transplanting (vegetative growth) - 1/3 N. 2) At 60 days after transplanting (bulb initiation) - 1/3 N. Method: Broadcast urea evenly between rows. Apply just before irrigation or light rain. Avoid application when leaves are wet (causes leaf burn).,
onion,Fertilizer,What is the role of sulfur (S) fertilizer in onion cultivation in Pakistan?,Sulfur is critical for onion. Role: 1) Synthesis of amino acids (cysteine methionine). 2) Production of flavor compounds (alliin allicin) - pungency. 3) Bulb quality and storage life. Deficiency: pale green/yellow leaves low pungency small bulbs. Apply 20-25 kg S/acre as SSP (12% S) gypsum (18% S) or Ammonium sulfate (24% S). Apply at transplanting.,
onion,Fertilizer,What is the role of zinc (Zn) fertilizer in onion cultivation in Pakistan?,Zinc is essential for: 1) Auxin synthesis (IAA) for growth. 2) Bulb development. 3) Enzyme activation. Deficiency symptoms: stunted growth small leaves poor bulb formation. Apply ZnSO4 8-10 kg/acre at transplanting (mix with basal fertilizer). Foliar spray 0.3% ZnSO4 at 30-40 days for quick correction. Common in alkaline calcareous soils.,
onion,Fertilizer,What is the role of boron (B) fertilizer in onion cultivation in Pakistan?,Boron is critical for: 1) Cell wall formation. 2) Bulb firmness. 3) Prevention of hollow stem and internal browning. Deficiency: cracked scales hollow bulbs poor storage. Apply borax (11% B) 2-3 kg/acre at transplanting (mix with fertilizer). Do not exceed 4 kg - boron toxicity. Foliar spray 0.1% boric acid at 30 days. Important in sandy and alkaline soils.,
onion,Soil,What micronutrient deficiencies are commonly observed in onion in Pakistani soils?,Common deficiencies: 1) Zinc (Zn) - in calcareous soils of Punjab (stunted growth). 2) Boron (B) - in sandy and alkaline soils (hollow bulbs cracked scales). 3) Sulfur (S) - in intensively cropped low-OM soils (low pungency). 4) Iron (Fe) - in high pH soils (interveinal chlorosis). 5) Manganese (Mn) - in organic matter deficient soils.,
onion,Fertilizer,How can organic fertilizers (FYM compost Green Manure) be used for onion cultivation?,1) FYM/compost: Apply 10-15 tons/acre 15-20 days before transplanting. Mix thoroughly into soil. 2) Green manuring: Sow guar or dhaincha in July-August incorporate at 50% flowering (45-50 days) - adds 40-50 kg N/acre. 3) Vermicompost: 3-5 tons/acre at transplanting. Organic sources improve soil health reduce chemical fertilizer need by 25-30% and improve bulb quality.,
onion,Fertilizer,What is the recommended dose of farmyard manure (FYM) for onion in Pakistan?,10-15 tons (200-300 maunds) per acre. Apply well-rotted FYM (6-8 months old) 15-20 days before transplanting. Spread uniformly and incorporate by cultivation. Fresh FYM should not be used (may contain weed seeds pathogens and cause bulb rot). FYM provides micronutrients improves soil structure and water holding capacity.,
onion,Fertilizer,How does fertilizer application differ for irrigated vs. rainfed onion cultivation?,Rainfed onion is not common (onion needs frequent irrigation). For irrigated: Split N (3 splits) full P and K at transplanting. Higher N (80 kg/acre) for high yield. For rainfed (limited areas): All fertilizer applied at transplanting (no top dressing - may not activate). Lower N (40-50 kg/acre) to avoid vegetative growth exceeding moisture. Band placement for efficiency. Use extra FYM (15-20 tons) for moisture conservation.,
onion,Fertilizer,What are the signs of nitrogen deficiency in onion?,Signs: 1) Pale green to yellow leaves (starting from older leaves). 2) Stunted growth. 3) Thin necks. 4) Small bulbs. 5) Premature leaf dieback. 6) Low yield. Remedy: apply urea 15-20 kg/acre as top dressing with irrigation.,
onion,Fertilizer,What are the signs of phosphorus deficiency in onion?,Signs: 1) Dark green or purplish tint on leaves (especially underside). 2) Delayed maturity. 3) Poor root development. 4) Small bulbs. 5) Reduced bulb firmness. Remedy: apply DAP or SSP at transplanting in future crops. Cannot correct after planting.,
onion,Fertilizer,What are the signs of potassium deficiency in onion?,Signs: 1) Yellowing and browning of leaf tips and margins (scorching). 2) Weak necks (lodging). 3) Small bulbs with thin scales. 4) Poor storage life (bulbs rot quickly). 5) Increased disease susceptibility. Remedy: apply MOP or SOP at transplanting. For severe: potassium sulphate foliar spray 0.5%.,
onion,Cultivation,What are the signs of sulfur deficiency in onion?,Signs: 1) Pale yellow-green leaves (similar to N deficiency but uniform). 2) Stunted growth. 3) Low pungency (mild flavor). 4) Soft bulbs. 5) Poor storage. Remedy: apply SSP (20-25 kg S/acre) or gypsum at transplanting. Sulfur is critical for onion quality.,
onion,Fertilizer,What are the signs of zinc deficiency in onion?,Signs: 1) Interveinal chlorosis (yellow between green veins) on young leaves. 2) Stunted growth with short internodes. 3) Small distorted leaves. 4) Poor bulb formation. Remedy: ZnSO4 8-10 kg/acre soil application or foliar spray 0.3% ZnSO4 at 25-30 days.,
onion,Fertilizer,What happens if too much fertilizer (over-dose) is applied to onion?,1) Excess N: Excessive leaf growth (soft prone to disease) delayed bulb formation poor storage more thrips. 2) Excess P: Induces Zn deficiency. 3) Excess K: Can cause Mg deficiency. 4) Excess fertilizer (any): Salt injury to roots leaf burn groundwater pollution wasted money. For onion: excess N is the most common problem - leads to thick necks and rot in storage. Always follow recommended doses.,
onion,Fertilizer,What are the recommended fertilizer products (brand names) available in Pakistan for onion?,1) Urea: Sona Urea Engro Urea Fauji Urea. 2) DAP: Engro DAP Fauji DAP ICI DAP. 3) SSP: Pakarab SSP (good source of P and S). 4) SOP: Fauji SOP Engro SOP (for K and S). 5) MOP: Engro MOP FFC MOP. 6) ZnSO4: Fauji Zinc Engro Zinc. 7) Borax: Madak Borax. 8) Ammonium sulfate: Fauji AS (24% S).,
onion,Fertilizer,How should urea be applied to onion to avoid losses from volatilization (gas loss)?,1) Apply urea just before irrigation (within 1-2 days) or light rain. 2) Incorporate into soil by light cultivation (2-3 cm depth) if no irrigation. 3) Do not broadcast urea on dry soil without incorporation - ammonia loss up to 30%. 4) Use neem-coated urea (slower release lower loss). 5) Split application (3 splits) reduces loss per application. 6) For onion apply urea in furrows between rows.,
onion,Irrigation,How many irrigations does onion require in total during its growing season in Pakistan?,Onion requires 8-12 irrigations depending on soil type and season. Schedule: 1st immediately after transplanting. 2nd at 5-7 days. Then every 7-10 days in winter every 5-7 days in spring. Stop irrigation 10-15 days before harvest. Total water requirement: 500-700 acre-inches.,
onion,Irrigation,When should the first irrigation (Pehl-pani) be given to onion after transplanting?,First irrigation immediately after transplanting (same day). This settles soil around roots and prevents transplant shock. Second irrigation at 5-7 days. Then regular intervals. In hot weather: light irrigation daily for first 3 days after transplanting.,
onion,Irrigation,What are the critical growth stages of onion that require mandatory irrigation?,Three critical stages: 1) Transplant establishment (0-15 days) - water stress causes seedling death. 2) Bulb initiation (60-80 days) - stress reduces bulb size. 3) Bulb filling (80-110 days) - stress causes small bulbs and low yield. Avoid stress at these stages. Over-irrigation at maturity causes bulb rot.,
onion,Irrigation,How many days apart should irrigations be given to onion in summer (Kharif) in Pakistan?,Summer onion (Kharif - Sindh South Punjab): interval 5-7 days. High temperatures increase evapotranspiration. Light frequent irrigations (2-3 acre-inches) are better than heavy. Use furrow or drip irrigation. Avoid overhead irrigation during bulb formation.,
onion,Irrigation,How many days apart should irrigations be given to onion in winter (Rabi) in Pakistan?,Winter onion (Rabi - main crop): interval 10-15 days depending on soil type. Sandy soils: 7-10 days. Loamy soils: 10-12 days. Clay soils: 12-15 days. Cool temperatures (10-20°C) reduce evapotranspiration. Do not over-irrigate - causes bulb rot.,
onion,Irrigation,What is the total water requirement (acre-inches) of onion per crop season?,Total water requirement: 500-700 acre-inches (12-17 million liters per acre). This is equivalent to 8-12 irrigations of 3-4 acre-inches each plus effective rainfall (50-100mm). Onion is sensitive to both drought and waterlogging.,
onion,Irrigation,What irrigation method is suitable for onion in Pakistan — flood furrow drip or sprinkler?,1) Furrow irrigation: Best method - saves water prevents waterlogging reduces bulb rot and keeps foliage dry. 2) Flood/border strip: Acceptable on well-leveled fields but can cause waterlogging. 3) Drip irrigation: Excellent for onion - saves 40-50% water increases yield 20-30% reduces disease and allows fertigation. 4) Sprinkler: Good for sandy soils and nursery but can promote foliar diseases if used excessively. Avoid overhead irrigation after bulb formation.,
onion,Irrigation,How does drip irrigation improve the water use efficiency of onion in Pakistan?,Drip irrigation saves 40-50% water compared to flood. Benefits for onion: 1) Precise water delivery to root zone. 2) Keeps foliage dry - reduces downy mildew and purple blotch. 3) Allows fertigation (water-soluble NPK). 4) Maintains uniform soil moisture - critical for bulb formation. 5) Reduces weed growth (only rows irrigated). 6) Reduces labor (no furrow making). Setup cost: Rs. 120000-150000/acre with 60-80% government subsidy. Highly profitable for onion.,
onion,Irrigation,How should irrigation be managed during the bulb formation stage of onion?,Bulb initiation and filling (60-110 days) is critical. Management: 1) Maintain uniform soil moisture - do not let soil dry completely. 2) Light irrigations (2-3 acre-inches) rather than heavy. 3) Avoid water stress - causes small bulbs and double bulbs. 4) Avoid over-irrigation - causes bulb rot and splitting. 5) Stop irrigation 10-15 days before harvest to allow necks to dry and bulbs to mature.,
onion,Irrigation,What are the signs of water stress (drought) in onion and what is the immediate remedy?,Signs: 1) Wilting during day (leaves droop). 2) Leaf tips turn brown. 3) Stunted growth. 4) Small bulbs. 5) Premature maturity. 6) Increased thrips damage. Immediate remedy: Apply light irrigation (2-3 acre-inches) immediately. Do not apply heavy irrigation after drought (causes bulb splitting). For severe stress: harvest early to salvage.,
onion,Irrigation,What are the signs of waterlogging in onion and how to drain excess water?,Signs: 1) Yellowing of leaves. 2) Wilting despite wet soil. 3) Bulb rot (soft foul-smelling). 4) Plant death in patches. 5) Fungal growth on soil surface. Drainage: 1) Immediately stop irrigation. 2) Open drains/furrows to remove standing water. 3) On flat fields: make temporary channels. 4) For future: plant on raised beds (15-20 cm high).,
onion,Fertilizer,How should irrigation be managed after fertilizer application to onion?,After basal fertilizer (at transplanting): Irrigate immediately. After top dressing urea (30 and 60 days): Irrigate within 2-3 days to incorporate N and prevent ammonia loss. Apply irrigation when leaves are dry (morning). Light irrigation (2-3 inches) is sufficient - heavy irrigation leaches nutrients and causes waterlogging.,
onion,Irrigation,Should onion irrigation be stopped before harvest? How many days before?,Yes stop irrigation 10-15 days before harvest. This allows: 1) Neck to soften and dry. 2) Bulbs to mature (outer scales dry). 3) Prevention of bulb rot during storage. 4) Easier harvesting and curing. Late irrigation delays maturity and causes bulbs to be watery (poor storage). For Phulkara (storage variety): stop 15-20 days before harvest.,
onion,Irrigation,How does canal water vs. tube well (brackish/salty) water affect onion cultivation in Pakistan?,Canal water: Best for onion - low EC (<1 dS/m) good for all stages. Fresh tube well water (EC <1.2): Acceptable. Brackish/saline tube well water (EC >1.5): Damages onion - causes leaf burn reduced germination bulb rot yield loss up to 60%. Onion is salt-sensitive. If only saline water available: 1) Mix with canal water (1:1). 2) Apply gypsum. 3) Use raised beds. 4) Better to avoid - choose salt-tolerant crops.,
onion,Yield,What is the average yield of onion per acre in Pakistan?,Average yield: 150-200 maunds per acre (6000-8000 kg). Punjab (irrigated): 180-250 maunds. Sindh: 150-200 maunds. KPK: 120-180 maunds. Rainfed: 80-120 maunds. Hybrid varieties: 250-350 maunds. National average is below potential due to traditional practices disease and poor storage.,
onion,Yield,What is the maximum achievable yield (Potential Yield) of onion per acre under best management in Pakistan?,Potential yield: 400-500 maunds per acre (16000-20000 kg) under optimal conditions (hybrid variety drip irrigation balanced fertilizer pest/disease control). Research station yields: 350-450 maunds/acre. Progressive farmer yields (hybrids): 300-400 maunds/acre. Yield gap between average (150 maunds) and potential (400 maunds) is 160% - large opportunity for improvement.,
onion,Yield,What are the main reasons for low onion yield in Pakistan?,1) Low-yielding traditional varieties (150-200 maunds). 2) Purple blotch disease (20-40% loss). 3) Thrips infestation (20-30% loss). 4) Poor soil fertility (low P K S OM). 5) Water stress (rainfed areas). 6) Late transplanting (after Jan). 7) Weed competition (30-50% loss). 8) Poor curing and storage losses (10-20%). 9) Use of low-quality seed.,
onion,Yield,How can a farmer increase the yield of onion from 150 maunds to 400+ maunds per acre?,To increase from 150 to 400+ maunds: 1) Use hybrid variety (F1 Galaxy Super Star) - yields 300-400 maunds. 2) Drip irrigation with plastic mulch - saves water increases yield 30-40%. 3) Balanced fertilizer: 80-60-60 NPK + S 25 kg + B 3 kg. 4) Disease control: 3-4 fungicide sprays (purple blotch). 5) Thrips control (at ETL). 6) Timely transplanting (Dec-Jan). 7) Raised beds (good drainage). 8) Proper curing and storage. Combined effect: can increase from 150 to 350-400 maunds.,
onion,Varieties,What high-yielding varieties of onion give the best production in Pakistan?,Highest yielding varieties: 1) F1 Galaxy (hybrid) - 300-400 maunds/acre dark red export quality. 2) Super Star (hybrid) - 280-350 maunds early. 3) Phulkara - 200-250 maunds best storage. 4) Nasarpuri - 180-220 maunds (Sindh). 5) Swat-1 - 150-200 maunds (KPK). Hybrids give 2x yield of open-pollinated varieties but seed is expensive (Rs. 2000-3000/acre).,
onion,Yield,How does timely transplanting affect the final yield of onion in Pakistan?,Each week delay after Dec 31 reduces yield by 5-10%. Dec 15-31 transplanting: 250-350 maunds/acre (hybrid). Jan 1-15: 200-250 maunds. Jan 15-31: 150-200 maunds. Feb: 80-120 maunds. Timely transplanting allows: optimum temperature for bulb initiation (15-20°C) and good bulb size. Late transplanting (Feb) causes heat stress - small bulbs.,
onion,Fertilizer,How does proper fertilizer management (Balanced use) increase the yield of onion?,Balanced NPKS (80-60-60-25 kg/acre) increases yield by 50-100% over no fertilizer. Specific gains: N (80 kg) = +40% yield (vegetative growth). P (60 kg) = +30% yield (root and bulb development). K (60 kg) = +20% yield (bulb size storage). S (25 kg) = +15% yield (pungency quality). Zn + B = +10-15%. Combined effect: can increase from 100 to 250 maunds/acre.,
onion,Irrigation,How does proper irrigation management increase the yield of onion?,Drip irrigation increases yield 20-30% compared to furrow and 40-50% compared to flood. Proper scheduling (no stress at bulb initiation) can increase yield from 150 to 250 maunds. Critical irrigations: transplant establishment bulb initiation and bulb filling. Over-irrigation causes rot under-irrigation causes small bulbs.,
onion,Pesticide,What role does pest and disease control play in increasing onion yield?,Purple blotch (uncontrolled): 20-40% yield loss. Thrips (uncontrolled): 20-30% loss. Combined pest/disease: can cause 60%+ loss (yield 60-80 maunds). Effective control: 3-4 fungicide sprays + thrips sprays at ETL = 40-60% yield protection. IPM practices save yield without excessive cost.,
onion,Yield,What are the best agronomic practices recommended by PARC/NARC for high-yield onion production?,PARC/NARC recommendations: 1) Variety: F1 Galaxy (hybrid) or Phulkara. 2) Transplanting: Dec 15-31 at 15x10 cm spacing. 3) Seed treatment: Carbendazim + Imidacloprid. 4) Fertilizer: 80-60-60-25 NPKS + B 3 kg + Zn 8 kg per acre. 5) Irrigation: drip or furrow 10-12 irrigations. 6) Weed control: Pendimethalin pre + 2 manual weedings. 7) Disease control: Mancozeb + Tebuconazole alternating. 8) Harvest: at 50-70% top fall.,
onion,Yield,How can improved seed quality (Certified Seed) increase the production of onion in Pakistan?,Certified seed provides: 1) Higher germination (85%+ vs 60-70% farm-saved). 2) Disease-free (no seed-borne Alternaria). 3) True-to-type (uniform bulb size color maturity). 4) Higher yield (20-30% increase). Hybrid seed gives 2x yield of open-pollinated. Cost: hybrid seed Rs. 2000-3000/acre (6-8 kg) open-pollinated Rs. 500-800/acre. Available at Punjab Seed Corporation and progressive dealers.,
onion,Soil,What role does soil health improvement play in boosting onion yield in Pakistan?,Improved soil health (2-3% organic matter) boosts yield 30-50% through: 1) Better water holding capacity. 2) Higher nutrient availability (especially P K S). 3) Improved soil structure (bulb expansion). 4) Beneficial microbes (disease suppression). 5) Reduced crusting (better emergence). Practices: FYM 10-15 tons/acre green manuring crop rotation minimum tillage.,
onion,Yield,How does the use of growth regulators (Plant Hormones) affect onion yield?,Not commonly used in onion in Pakistan. Research shows: 1) Gibberellic acid (GA3) 20-40 ppm at transplanting - increases leaf growth but may delay bulb formation. 2) Maleic hydrazide (MH) 2000-3000 ppm applied 2 weeks before harvest - prevents sprouting in storage (not for yield). Not recommended for yield increase. Focus on basic agronomy.,
onion,Cultivation,What intercropping or relay cropping strategies can increase income from onion farming?,1) Onion + Carrot (4:2 rows) - reduces thrips additional carrot income (Rs. 100000-150000/acre). 2) Onion + Marigold - repels nematodes and thrips. 3) Relay cropping: Onion after maize - good rotation. 4) Onion as catch crop after early potato. Intercropping land equivalent ratio (LER) >1.4 - more productive than sole cropping.,
onion,Yield,What are the top 5 things a farmer can do to double the yield of onion in Pakistan?,1) Switch from open-pollinated variety to hybrid (F1 Galaxy) (+100% yield). 2) Install drip irrigation with plastic mulch (+30-40% yield 50% water saving). 3) Apply balanced fertilizer: 80-60-60-25 NPKS + B + Zn (+50% yield). 4) Control purple blotch with 3-4 fungicide sprays (+40% yield protection). 5) Control thrips with timely sprays (+30% yield). Combined effect: 100-150 maunds to 300-400 maunds (2-3x increase).,
onion,Yield,How can precision agriculture or modern technology improve onion production in Pakistan?,1) Laser land leveling: uniform irrigation saves water 20-30%. 2) Soil testing: precise fertilizer recommendation saves cost. 3) Drip irrigation with fertigation: 40-50% water saving 20-30% yield increase. 4) Plastic mulch: weed control moisture conservation. 5) Drone monitoring: detect pest/disease hotspots early. 6) Mobile apps: pest scouting weather alerts market prices. Adoption gradually increasing for high-value hybrid onion.,
onion,Fertilizer,How does climate change affect onion yield in Pakistan and how can farmers adapt?,Climate change impacts: 1) Warmer winters - reduced bulb size poor bulbing. 2) Unpredictable rains - flood/drought. 3) Higher temperatures during bulb formation - small bulbs splitting. 4) Increased disease pressure (purple blotch). Adaptations: 1) Heat-tolerant hybrid varieties. 2) Shift transplanting dates (earlier in warm areas). 3) Drip irrigation for water efficiency. 4) Mulching for moisture conservation. 5) Climate-smart practices (raised beds zero-till).,
onion,Diseases,What are the major fungal diseases of onion in Pakistan?,Major fungal diseases: 1) Purple blotch (Alternaria porri) - most destructive. 2) Downy mildew (Peronospora destructor). 3) Basal rot (Fusarium oxysporum f.sp. cepae). 4) White rot (Sclerotium cepivorum). 5) Damping off (Rhizoctonia Pythium) - nursery. 6) Black mold (Aspergillus niger) - storage. 7) Neck rot (Botrytis allii) - storage.,
onion,Diseases,What are the major bacterial diseases of onion in Pakistan?,Bacterial diseases: 1) Bacterial soft rot (Pectobacterium carotovorum) - causes bulb rot in field and storage. 2) Bacterial blight (Pseudomonas aeruginosa). Bacterial diseases are more common in storage (soft rot) and during wet harvests.,
onion,Diseases,What are the major viral diseases of onion in Pakistan?,Viral diseases are rare in onion. Occasional: Onion yellow dwarf virus (OYDV) - transmitted by aphids. Symptoms: yellow streaks stunted plants bulb distortion. Control by managing aphids. Not economically significant in Pakistan.,
onion,Diseases,How can I identify purple blotch disease in onion fields?,Purple blotch (Alternaria porri) - most destructive onion disease. Symptoms: 1) Small water-soaked spots on leaves that enlarge. 2) Spots become purplish-brown with concentric rings. 3) Yellow halo around spots. 4) Severe: leaves blight and die from tips downward. 5) Bulb infection (neck rot). Favored by warm (20-30°C) humid weather. Widespread in all regions.,
onion,Diseases,How can I identify downy mildew in onion and what causes it?,Downy mildew (Peronospora destructor). Causes: Cool (10-20°C) humid (>85% RH) wet conditions. Symptoms: 1) Pale green to yellow patches on leaves. 2) Purplish-grey fluffy growth on leaf surface (spores). 3) Leaves become twisted stunted. 4) Bulbs become soft and shriveled. Appears in winter (Dec-Feb) in Punjab. Often follows foggy periods.,
onion,Cultivation,How can I identify basal rot (Fusarium) in onion?,Basal rot (Fusarium oxysporum f.sp. cepae). Symptoms: 1) Yellowing and dying of leaves starting from tips. 2) Roots rot (brown/black). 3) Basal plate (where roots attach) turns brown and rots. 4) Bulbs become soft watery then dry. 5) Pinkish-white fungal growth on basal plate. Favored by warm soil (25-30°C) water stress and nematode damage.,
onion,Cultivation,How can I identify white rot in onion?,White rot (Sclerotium cepivorum). Symptoms: 1) Yellowing and wilting of leaves. 2) Roots and basal plate covered with white fluffy mycelium. 3) Small black seed-like structures (sclerotia) on bulbs. 4) Bulbs rot completely. Favored by cool (15-20°C) moist conditions. Soil-borne fungus persists for 10+ years. Very destructive - quarantine disease.,
onion,Diseases,How can I identify damping off disease in onion seedlings?,Damping off (Rhizoctonia solani Pythium spp.). Symptoms: 1) Pre-emergence: seeds rot before germination (patchy emergence). 2) Post-emergence: seedlings collapse at soil line (stem constricted dark lesion). 3) Infected patches in nursery. Favored by: wet cold soils poor drainage dense sowing. Control: seed treatment + avoid over-irrigation + well-drained nursery beds.,
onion,Cultivation,What is neck rot in onion and how to identify it?,Neck rot (Botrytis allii) - storage disease. Symptoms: 1) Soft rot at the neck (where leaves attach). 2) Grayish-brown mycelium with black sclerotia. 3) Bulb becomes soft watery then mummified. 4) Spreads in storage from infected bulbs. Favored by wet harvest high humidity in storage. Prevention: proper curing (drying) before storage.,
onion,Cultivation,What is black mold in onion and how to identify it?,Black mold (Aspergillus niger) - storage disease. Symptoms: 1) Black powdery spores on bulb surface (especially at neck). 2) Bulb shrivels and dries. 3) Not as soft as bacterial rot. Favored by high temperature and humidity in storage. Prevention: proper curing and cool storage (0-5°C).,
onion,Diseases,What are the signs of bacterial soft rot in onion?,Bacterial soft rot (Pectobacterium carotovorum). Symptoms: 1) Water-soaked soft mushy bulbs. 2) Foul odor (rotten smell). 3) Leaves yellow and collapse. 4) Occurs in field after heavy rain or in storage. Favored by wet conditions and mechanical damage. Prevention: good drainage careful harvesting proper curing.,
onion,Diseases,How do diseases spread from one onion plant or field to another?,1) Purple blotch: Wind-borne spores + rain splash + infected crop debris. 2) Downy mildew: Wind and rain splash. 3) Fusarium basal rot: Soil-borne + infected bulbs + contaminated tools. 4) White rot: Soil-borne (persists 10+ years) + infected bulbs + contaminated soil. 5) Bacterial soft rot: Water + mechanical damage + insects. Prevention: clean seed crop rotation disease-free debris management.,
onion,Diseases,What weather conditions (humidity/rain) favor disease development in onion?,Purple blotch: Warm (20-30°C) high humidity (>80% RH) with dew/rain. Downy mildew: Cool (10-20°C) high humidity (>90% RH) with free water on leaves. Basal rot: Warm (25-30°C) dry conditions (water stress). White rot: Cool (15-20°C) moist. Neck rot: Wet harvest high storage humidity. Jan-Feb foggy conditions in Punjab favor downy mildew and purple blotch.,
onion,Diseases,Which regions of Pakistan are most affected by onion diseases and why?,Purple blotch: Most severe in all onion-growing areas (Punjab Sindh KPK) - humid conditions. Downy mildew: More in Pothwar and KPK (cool humid). Basal rot: Widespread but more in sandy soils and rainfed areas. White rot: Reported in KPK and northern Punjab (cool moist). Storage diseases: All regions - depends on curing and storage conditions.,
onion,Fertilizer,What is the difference between nutrient deficiency symptoms and disease symptoms in onion?,Nutrient deficiency: Symmetrical pattern uniform across field usually on older leaves first (N P K S) or young leaves (Zn Fe). No pathogen signs. Corrected by fertilizer. Disease: Irregular patches purple spots (purple blotch) fuzzy growth (downy mildew) rot (basal rot) often with pathogen structures. Spreads over time. Fungicides may help.,
onion,Diseases,What fungicides are recommended for controlling purple blotch in onion in Pakistan?,1) Mancozeb (Dithane M-45) 500g/acre - protectant. 2) Chlorothalonil (Bravo) 500ml/acre. 3) Propiconazole (Tilt) 250ml/acre. 4) Tebuconazole (Folicur) 250ml/acre. 5) Azoxystrobin (Amistar) 200ml/acre. 6) Difenoconazole (Score) 200ml/acre. Apply at first sign of spots. Repeat every 7-10 days if wet conditions persist. Use protectants early systemics later.,
onion,Diseases,What fungicides are recommended for controlling downy mildew in onion?,1) Metalaxyl + Mancozeb (Ridomil Gold) 400g/acre. 2) Fosetyl-Al (Aliette) 500g/acre. 3) Cymoxanil + Mancozeb (Curzate) 400g/acre. 4) Mancozeb 500g/acre - protectant. 5) Copper oxychloride 400g/acre. Apply when conditions favor disease (cool humid). Repeat every 7-10 days.,
onion,Diseases,What fungicides are recommended for controlling basal rot (Fusarium) in onion?,Basal rot is difficult to control with fungicides. Prevention: 1) Seed treatment with Carbendazim 2g/kg + Thiram 2g/kg. 2) Soil drench with Carbendazim 500g/acre (early stages). 3) Trichoderma harzianum (bio-fungicide) 2kg/acre in furrow at transplanting. 4) Use resistant varieties. 5) Crop rotation (4-5 years with cereals). 6) Avoid water stress.,
onion,Diseases,What fungicides are recommended for controlling white rot in onion?,White rot (Sclerotium) has no effective fungicide. Prevention: 1) Crop rotation (10+ years). 2) Soil solarization (plastic cover for 4-6 weeks in summer). 3) Bio-fungicide: Sporidesmium sclerotivorum (not available in Pakistan). 4) Avoid moving infected soil. 5) Use disease-free sets/seedlings. Quarantine disease.,
onion,Diseases,What bactericides are used for bacterial diseases of onion in Pakistan?,For bacterial soft rot: 1) Copper oxychloride 400g/acre (preventive). 2) Streptomycin + Tetracycline (Agrimycin) 100g/acre. However bactericides are not very effective. Prevention (drainage careful harvest curing) is better.,
onion,Diseases,What is the spray schedule for disease management in onion in Pakistan?,Purple blotch: 1st spray at first sign (Jan-Feb). 2nd spray 7-10 days later. Downy mildew: Spray when conditions favor (cool humid). General schedule: Monitor weekly from December. Spray only when disease reaches threshold. Use protectant fungicides (Mancozeb) before disease arrives. In high disease pressure: alternate protectants and systemics.,
onion,Diseases,What is the correct dose and method of fungicide application on onion?,1) Calculate field area and required product dose. 2) Use 120-150 liters water per acre. 3) Add fungicide to water while agitating. 4) Use flat fan or hollow cone nozzles. 5) Spray to cover all leaves (both surfaces). 6) For downy mildew: coverage of lower leaf surface is critical. 7) Spray in morning (6-9 AM). 8) Avoid spraying during flowering (onion doesn't flower in bulb crop).,
onion,Diseases,What systemic vs. contact fungicides are recommended for onion?,Systemic (absorbed by plant): Metalaxyl Propiconazole Tebuconazole Azoxystrobin - curative (can be used after infection) longer protection (10-14 days). Contact (surface only): Mancozeb Chlorothalonil Copper oxychloride - preventive (must be applied before infection) shorter protection (5-7 days). Strategy: Use protectants early then systemics when disease appears. Alternate both to prevent resistance.,
onion,Pesticide,How often should fungicide be sprayed during the onion growing season?,Depends on disease pressure: Low pressure: 0-1 spray (only if disease appears). Moderate pressure: 2 sprays at 7-10 day interval. High pressure (purple blotch in humid areas): 3-4 sprays (Jan-Feb). Do not exceed 4 sprays to avoid resistance and cost. Stop spraying after bulb initiation (70 days) for green onion but for bulb onion continue until 90 days.,
onion,Diseases,What are the bio-fungicides or organic disease control methods for onion?,1) Trichoderma harzianum (2kg/acre) soil application for basal rot. 2) Pseudomonas fluorescens (bio-control) seed treatment. 3) Copper oxychloride (organic approved) for downy mildew and purple blotch. 4) Baking soda (1%) + vegetable oil (0.5%) for powdery mildew (not common in onion). 5) Cow urine (10% solution) as foliar spray (traditional). 6) Crop rotation (3-4 years). 7) Resistant varieties (limited).,
onion,HarvestTime,When is onion ready for harvest in Pakistan?,Onion is ready for harvest in March to May depending on variety and season. Rabi crop: March 15 to May 15. Punjab: April 15-May 15. Sindh: March 15-April 30. KPK: April-May. Harvest when 50-70% of tops have fallen over (neck softens). For storage varieties (Phulkara): harvest when 80% tops fallen.,
onion,HarvestTime,What are the visual signs that onion has reached maturity and is ready to harvest?,1) Tops (leaves): 50-80% have fallen over (neck softens). 2) Bulb: Outer scales dry and papery. 3) Color: Characteristic variety color developed (red yellow white). 4) Neck: Soft and dry. 5) Leaves: Yellow-brown drying. 6) Size: Bulbs have reached expected size. Do not delay - over-mature bulbs split and rot.,
onion,HarvestTime,What is the recommended moisture content of onion at time of harvest?,Harvest at 70-80% moisture content in bulbs (immature for green onion) or 80-85% for dry bulb (still high). For curing: dry to 85-90% moisture (outer scales dry). For storage: dry to 90-95% (only outer 2-3 scales dry). Use moisture meter or traditional method (press neck - should be dry and firm).,
onion,HarvestTime,How is onion harvested in Pakistan — manually or mechanically?,Manual harvesting (dominant): 1) Using khurpa or spade to loosen soil. 2) Pull plants by hand. 3) Leave in field for curing (7-14 days). Mechanical: Onion harvester (rare in Pakistan) - lifts bulbs cuts tops collects. Also use tractor-drawn lifter (shaker) - loosens bulbs for manual pickup. Manual harvesting labor: 30-40 laborers/acre.,
onion,HarvestTime,What machinery is used for harvesting onion in Pakistan?,1) Onion harvester (self-propelled) - very rare imported (expensive). 2) Onion lifter (tractor-drawn) - loosens bulbs from soil. 3) Manual tools: khurpa spade fork. Most farmers harvest manually due to high labor availability and low mechanization. Harvesting cost: Rs. 8000-12000/acre (manual).,
onion,HarvestTime,How should onion be harvested to minimize damage and losses?,1) Harvest when tops have fallen (mature). 2) Harvest in dry weather (no rain). 3) Loosen soil with spade/fork before pulling. 4) Pull gently - don't bruise bulbs. 5) Do not cut tops immediately (cure first). 6) Do not drop bulbs - bruising leads to rot. 7) Avoid harvesting when bulbs are wet (disease risk). 8) Handle with care. Losses can be 10-15% if mismanaged.,
onion,HarvestTime,What is the correct harvesting time for onion in Punjab?,Punjab: April 15 to May 15. Central Punjab (Lahore Faisalabad Sahiwal): April 20-May 10. South Punjab (Multan Bahawalpur Vehari): April 15-30. North Punjab (Rawalpindi Attock): May 5-20. For storage varieties (Phulkara): harvest later (May 1-20).,
onion,HarvestTime,What is the correct harvesting time for onion in Sindh?,Sindh: March 15 to April 30. Lower Sindh (Hyderabad Mirpurkhas Badin): March 15-31. Upper Sindh (Sukkur Jacobabad): April 1-30. Warmer climate leads to earlier harvest. Harvest promptly before hot weather causes bulb splitting.,
onion,HarvestTime,What is the correct harvesting time for onion in KPK?,KPK: April 15 to May 31. Peshawar valley: April 20-May 20. Dera Ismail Khan: April 10-30. Higher elevations (Swat Abbottabad): May-June (spring crop).,
onion,HarvestTime,What is the correct harvesting time for onion in Balochistan?,Balochistan: Spring crop (Quetta Pishin): June-July. Summer crop (high valleys): August-September. Plains (Sibi Naseerabad): April-May.,
onion,HarvestTime,What post-harvest activities are done immediately after onion harvest?,1) Curing: Leave harvested bulbs in field (windrowed) for 7-14 days to dry outer scales and neck. 2) Topping: Cut dried leaves 1-2 cm above bulb (after curing). 3) Cleaning: Remove soil and loose scales. 4) Grading: Sort by size (large medium small). 5) Bagging: Pack in mesh bags or bamboo baskets. 6) Storage: Cool dry well-ventilated place. 7) Transport to market.,
onion,HarvestTime,How long after transplanting is onion typically harvested in Pakistan?,80-120 days after transplanting depending on variety. Early varieties: 80-100 days. Medium: 100-120 days. Late (storage): 120-140 days. Total from nursery sowing: 120-160 days. In warm plains: shorter duration. In cool highlands: longer duration.,
onion,HarvestTime,What are the common mistakes farmers make during onion harvesting in Pakistan?,1) Harvesting too early (tops still green) - immature bulbs poor storage. 2) Harvesting too late (tops completely dry) - bulbs split rot sunburn. 3) Harvesting in wet weather - bulb rot. 4) Cutting tops immediately - no curing leads to neck rot. 5) Rough handling - bruising leads to storage rot. 6) Leaving bulbs in field too long after curing - sunburn. 7) Not grading - mixed quality lower price.,
onion,HarvestTime,How should onion be stored after harvest in Pakistan?,1) Proper curing: Dry bulbs for 7-14 days in field or under shade. 2) Topping: Cut leaves 1-2 cm above bulb. 3) Remove damaged bulbs. 4) Store in cool dry well-ventilated place (15-25°C 60-70% RH). 5) Use mesh bags bamboo baskets or wooden crates (not plastic bags). 6) Stack on pallets (not on floor). 7) For long-term storage (Phulkara): store at 0-5°C (cold storage). 8) Inspect monthly for rot and sprouting.,
onion,HarvestTime,What is the ideal moisture content of onion for safe long-term storage?,For storage: 85-90% bulb moisture content (outer 2-3 scales dry). More precisely: 8-10% dry matter (90-92% moisture) is too high for storage. After proper curing: neck and outer scales dry inner bulbs still moist. For long-term cold storage (0-5°C): harvest at full maturity cure well.,
onion,HarvestTime,What are the major post-harvest losses for onion in Pakistan and how to reduce them?,Major losses: 1) Bulb rot (10-30% in storage) - reduce: proper curing cool dry storage remove damaged bulbs. 2) Sprouting (5-15% after 3-4 months) - reduce: use maleic hydrazide (sprout inhibitor) or cold storage. 3) Mechanical damage (5-10%) - reduce: careful handling. 4) Weight loss (5-15% from drying) - unavoidable but acceptable. Total losses can exceed 40% without proper storage. Phulkara variety stores best.,
onion,HarvestTime,What storage structures or containers are recommended for onion in rural Pakistan?,1) Mesh bags (plastic or jute) - best allows air circulation. 2) Bamboo baskets. 3) Wooden crates (ventilated). 4) Raised wooden platforms (3-4 feet high) with wire mesh. 5) Well-ventilated rooms with fans. Avoid: plastic bags sealed containers damp rooms direct floor stacking. For large scale: cold storage (0-5°C 60-70% RH).,
onion,Pesticide,What pest control measures should be taken during onion storage?,For storage: 1) Store only cured undamaged bulbs. 2) Keep storage area clean and dry. 3) Use neem leaves (1kg/100kg bulbs) as repellent. 4) Fumigation: Aluminum phosphide (Phostoxin) 2-3 tablets per ton for stored product pests (weevils moths) - only by trained person. 5) Monitor monthly for sprouting rot and insects. 6) Remove rotting bulbs immediately. For bulb mites: apply sulfur dust.,
onion,Pesticide,What fumigants or storage pesticides are recommended for onion in Pakistan?,For storage pests: 1) Aluminum phosphide (Phostoxin) - 2-3 tablets per ton. CAUTION: Highly toxic - use trained fumigator only. Seal storage for 5-7 days. Aerate 48 hours before use. 2) Malathion dust (2% active) - 250g per ton. For sprouting control (onion only): Maleic hydrazide (MH) spray 2000-3000 ppm 2 weeks before harvest (not a fumigant).,
onion,HarvestTime,How long can onion be stored without significant quality loss?,At ambient (15-25°C 60-70% RH): 2-4 months depending on variety. Phulkara: 6-8 months. Nasarpuri: 4-5 months. Hybrids: 2-3 months. In cold storage (0-5°C 60-70% RH): 6-9 months. Sprouting and rot increase after 4 months at ambient. For export cold storage is essential.,
onion,Diseases,How should onion be dried before storage to prevent mold and fungal growth?,Curing process: 1) After harvest leave bulbs in windrows (rows) in field for 7-14 days. 2) Turn bulbs once if needed. 3) Alternatively cure in well-ventilated shed. 4) Tops should be completely dry and neck tight. 5) Outer scales should be papery and dry. 6) Do not cure in direct sun (sunburn). 7) After curing remove loose scales and cut tops. 8) For artificial drying: forced air at 30-35°C for 24-48 hours.,
onion,Pesticide,What are the signs of spoilage or pest damage in stored onion?,Signs of spoilage: 1) Soft mushy bulbs (bacterial rot). 2) Black powdery spores (black mold). 3) Gray fuzzy growth with black specks (neck rot). 4) Sprouted green shoots. 5) Foul odor. 6) Shriveled dried bulbs. Pest damage: 1) Holes in bulbs. 2) Fine dust/powder. 3) Live insects (weevils mites). 4) Webbing. Discard severely damaged bulbs.,
onion,HarvestTime,What food safety practices should be followed during onion storage and handling?,1) Never use pesticide-treated bulbs for consumption. 2) Do not store onions with other produce (absorbs odors). 3) Keep storage area clean and rodent-free. 4) Do not consume sprouted or rotted bulbs (may contain mycotoxins). 5) Wash hands after handling stored bulbs. 6) For processing (onion powder) use clean undamaged bulbs. 7) Follow PHI if field pesticides used. 8) Store onions away from potatoes (onions cause potatoes to sprout).,
onion,Weather,How does frost affect onion and how can farmers protect it in Pakistan?,Onion is moderately frost tolerant at seedling stage (down to -2°C). Frost at transplanting (Dec-Jan in north) causes: 1) Seedling damage (leaf burn). 2) Bolting (premature flowering). Protection: 1) Transplant after frost risk passes (Jan). 2) Irrigate before frost night (water releases heat). 3) Smoke: Burn moist crop residue upwind before dawn. 4) Use frost-tolerant varieties.,
onion,Yield,How does extreme heat (above 30°C) affect onion production in Pakistan?,Onion is cool-season crop. Heat above 28°C: 1) Reduces germination (if at sowing). 2) Accelerates maturity (shorter duration). 3) Stops bulb formation (above 30°C). 4) Small bulbs. 5) Increases thrips and mite damage. 6) Causes bulb splitting. Avoid late transplanting (Feb) that pushes bulb formation into March-April heat. In Sindh/South Punjab: transplant by Dec 31 maximum.,
onion,Varieties,What are the drought-tolerant onion varieties recommended for rainfed areas of Pakistan?,Rainfed onion is not common (onion needs irrigation). However some varieties: 1) Phulkara - moderate drought tolerance (deep roots). 2) Local Desi - adapted to low water. 3) Nasarpuri - for Sindh rainfed. Yield under rainfed: 60-100 maunds/acre vs 200-300 for irrigated. Drip irrigation is better than drought-tolerant varieties.,
onion,Weather,How should a farmer manage onion during unexpected heavy rainfall or flooding?,1) Immediately stop any irrigation. 2) Ensure drainage: Open channels to remove standing water. 3) If waterlogging <24 hours: plants may recover. 4) If >48 hours: bulb rot likely - assess survival. 5) After water recedes: apply fungicide (Mancozeb) to prevent purple blotch and downy mildew. 6) Apply light N (urea 15-20 kg/acre) for recovery. 7) For flooded young crop: may need replanting if early season.,
onion,Weather,What is the effect of fog or cloud cover on onion growth in winter in Pakistan?,Prolonged fog (Dec-Jan in Punjab): 1) Reduces photosynthesis (low light). 2) Increases humidity (promotes downy mildew purple blotch). 3) Delays maturity. Management: 1) Wider row spacing (15-20 cm) for air circulation. 2) Preventive fungicide spray before fog period (Mancozeb). 3) Avoid dense canopy (no excess N). 4) Use disease-resistant varieties (Phulkara has moderate tolerance).,
onion,Weather,How does hailstorm damage onion and what can be done after hail?,Hail damage: 1) Bruised leaves (entry point for disease). 2) Shredded leaves. 3) Damaged bulbs (if near maturity). 4) Lodging. After hail: 1) Do not harvest immediately - wait 5-7 days for recovery assessment. 2) Apply fungicide (Mancozeb) to prevent infection through wounds. 3) Light N spray (1% urea) for recovery. 4) If >70% damage: consider alternative crop (if early season). 5) Report to agriculture department for possible compensation.,
onion,Varieties,What heat-tolerant onion varieties are suitable for hot regions like Sindh and South Punjab?,1) Super Star (hybrid) - early maturing (100 days) escapes late heat. 2) F1 Galaxy - moderate heat tolerance. 3) Nasarpuri - Sindh variety heat adapted. 4) Phulkara - can be grown but yield lower in heat. Key management: early transplanting (Dec 1-15) to complete bulb formation before February-March heat.,
onion,Irrigation,How should irrigation be adjusted for onion during drought conditions in Pakistan?,During drought: 1) Prioritize critical stages (bulb initiation and filling) - irrigate these even if skip others. 2) Apply light irrigations (2-3 acre-inches) rather than heavy. 3) Use drip irrigation (most efficient). 4) Irrigate at night - less evaporation. 5) Mulch with crop residue (4-5 tons/acre) to conserve moisture. 6) If only 1 irrigation possible: apply at bulb initiation (maximum yield response).,
onion,Cultivation,What climate-smart practices are recommended for onion farmers in Pakistan?,1) Conservation agriculture: Minimum tillage + residue retention (mulch). 2) Laser land leveling: Saves water improves uniformity. 3) Drip irrigation with plastic mulch (60% subsidy). 4) Weather-based transplanting decisions (use advisory services). 5) Heat-tolerant hybrid varieties. 6) Agroforestry: Trees on field boundaries reduce wind speed and temperature. 7) Crop diversification: Onion in rotation with climate-resilient crops (sorghum millet).,
onion,Cultivation,What is the impact of late monsoon or early monsoon on onion cultivation in Pakistan?,Onion is grown in Rabi (winter) and Kharif (summer in Sindh). Late monsoon (rains extending into Oct) delays land preparation and transplanting for Rabi crop - causes late transplanting yield loss. Early monsoon (starting Mar) can damage mature Rabi crop (Mar-April harvest) causing bulb rot and splitting. Monitor forecasts and harvest promptly if early rains expected. For Kharif onion (summer) monsoon provides water but excess causes flooding.,
onion,AskingHelp,What government schemes or subsidies are available for onion farmers in Pakistan?,1) Kisan Card: Subsidized fertilizer (Rs. 1000-2000/acre) and seeds. 2) Green Tractor Scheme: 50-70% subsidy on tractors (limited quota). 3) Solar Tube well subsidy: 60% for installation. 4) Drip/Sprinkler irrigation: 60-80% subsidy (PMKSY). 5) Soil testing: Free or Rs. 100/sample at govt labs. 6) Crop insurance: Premium subsidy (30-50%) under Kisan Package. 7) Vegetable promotion programs (Ministry of Food Security) - subsidized hybrid seed and plastic mulch. Contact provincial agriculture department.,
onion,Varieties,Which research institutes in Pakistan have developed improved onion varieties?,1) Vegetable Research Institute Sahiwal (Punjab) - developed Phulkara. 2) Sindh Agriculture University Tandojam - developed Nasarpuri. 3) Agricultural Research Station Swat (KPK) - developed Swat-1. 4) National Agricultural Research Centre (NARC) Islamabad - evaluation of hybrids. 5) Pakistan Agricultural Research Council (PARC) - coordination. 6) Private seed companies (ICI Syngenta) - import and evaluate hybrids (F1 Galaxy Super Star).,
onion,Cultivation,Where can farmers in Pakistan get certified onion seed?,1) Punjab Seed Corporation (PSC) - regional offices in Sahiwal Multan Lahore. 2) Provincial Agriculture Department extension centers. 3) Vegetable Research Institute Sahiwal (direct sale). 4) Sindh Seed Corporation (for Nasarpuri). 5) KPK Seed Corporation (for Swat-1). 6) Progressive seed dealers (for hybrids - check certification tag). Hybrid seed price: Rs. 300-500/kg (F1 Galaxy). Open-pollinated: Rs. 80-150/kg. Demand certified seed early (Aug-Oct) as limited quantity.,
onion,AskingHelp,What extension services are available for onion farmers in Pakistan?,"1) Agriculture Department field staff (Agriculture Officers Field Assistants) - free advice. 2) Kisan Helpline 0800-15000 (Punjab) for queries. 3) SMS advisory services (CropMax Punjab) - weather pest alerts. 4) Farmer field schools (FFS) - hands-on training. 5) Agriculture extension WhatsApp groups (district level). 6) Mobile apps: ""Agriculture Punjab"" ""Kisan Dost"". 7) Radio/TV programs (Zaraat Nama on PBC). 8) Demonstration plots at union council level.",
onion,AskingHelp,What loans or credit facilities are available for onion cultivation in Pakistan?,1) ZTBL (Zarai Taraqiati Bank Limited) - Production loans up to Rs. 50000/acre at markup 10-12%. 2) Bank of Punjab - Kisan Dost scheme. 3) National Bank of Pakistan - Agri loans. 4) Telenor Microfinance Bank (Easypaisa) - small loans. 5) Kisan Card (Punjab) - cash credit for inputs. Requirements: land ownership/lease record CNIC. Loan covers seed fertilizer pesticides irrigation. Repay after harvest.,
onion,AskingHelp,What agricultural insurance is available for onion crops in Pakistan?,1) PM Crop Insurance Scheme (under Kisan Package) - covers onion (vegetables). 2) Premium: 3-5% of sum insured (farmer pays 50% govt subsidy 50%). 3) Coverage: Yield loss >30% due to drought flood hail pests diseases. 4) Claim: Rs. 20000-50000/acre depending on coverage. 5) Providers: State Life Insurance Takaful Pakistan. Enrollment before transplanting (Oct-Dec). Contact agriculture department for Kisan Card insurance component.,
onion,Pesticide,Where can a farmer in Pakistan report disease outbreaks or pest attacks on onion?,1) District Agriculture Office (Extension) - immediate reporting. 2) Plant Protection Department - for locusts/quarantine pests. 3) Kisan Helpline 0800-15000 (Punjab). 4) Agriculture Complaint Cell 0800-30000. 5) Local Agriculture Field Assistant (FA) - village level. 6) WhatsApp groups of agriculture department. 7) Crop Reporting Centre (for statistics). For purple blotch or white rot outbreak: report early so advisory can be issued.,
onion,AskingHelp,What role does the Provincial Agriculture Department play in supporting onion farmers?,1) Provide extension services (field visits training). 2) Distribute subsidized inputs (seed fertilizer). 3) Soil testing facilities (free/low cost). 4) Pest/disease forecasting and alerts. 5) Subsidy administration (Kisan Card drip irrigation). 6) Organize farmer field days and demonstrations. 7) Link farmers with credit and insurance. 8) Research linkage (recommend improved varieties). 9) Market information and price updates. Contact Provincial Director Agriculture (extension wing).,

potato,Cultivation,What is potato and what is its agricultural importance in Pakistan?,Potato (Solanum tuberosum) known as Aloo is the most important vegetable and cash crop in Pakistan. Its agricultural importance includes: 1) Staple vegetable in Pakistani cuisine (daily use). 2) High value cash crop (Rs. 800-1500/maund). 3) Food security (carbohydrate-rich affordable). 4) Processing industry (chips fries starch frozen products). 5) Export to Afghanistan Central Asia Middle East. 6) Employment during planting and harvesting (40-60 laborers/acre). 7) Short duration (90-120 days) fits in multiple cropping systems.,
potato,Cultivation,What are the main growing regions of potato in Pakistan?,Potato is grown throughout Pakistan. Major regions: Punjab: Okara Sahiwal Pakpattan Kasur Lahore Sialkot Gujranwala Sheikhupura Nankana Sahib and rainfed Pothwar (Rawalpindi Attock Chakwal). Sindh: Hyderabad Mirpurkhas Sanghar Nawabshah Sukkur Jacobabad. KPK: Peshawar Mardan Swabi Mansehra Abbottabad Swat. Balochistan: Quetta Pishin Mastung Kalat Khuzdar (spring/summer crop).,
potato,Cultivation,What are the climate and temperature requirements for successful cultivation of potato in Pakistan?,Potato requires cool temperate climate. Optimum temperature: 15-20°C for vegetative growth 15-18°C for tuber formation. Minimum for germination: 5-7°C. Maximum tolerance: 28°C (above this stops tuber formation). Frost damages foliage (-2°C kills plants). Requires 400-500mm rainfall or irrigation. Dry weather at harvest essential. Long days promote foliage short days promote tubers (but modern varieties day-neutral).,
potato,Cultivation,In which season(s) is potato cultivated in Pakistan (Rabi/Kharif)?,Potato is grown in three seasons in Pakistan: 1) Rabi (winter) - main crop: sown September-October harvested December-February. 2) Spring - sown January-February harvested April-May (warmer areas). 3) Summer/Kharif - sown March-April harvested June-August (Balochistan KPK hills Gilgit). Autumn crop (August-September) in highlands.,
potato,HarvestTime,What is the typical crop duration/life cycle of potato from sowing to harvest?,Typical crop duration is 90-120 days depending on variety and season. Early varieties: 70-85 days. Medium: 85-100 days. Late (processing): 100-120 days. In warm plains: shorter duration (70-90 days). In cool highlands: longer duration (100-120 days).,
potato,Cultivation,What are the growth stages of potato and what happens at each stage?,1) Sprout development (0-15 days): Seed tubers sprout roots emerge. 2) Vegetative growth (15-40 days): Stems and leaves develop photosynthesis begins. 3) Tuber initiation (40-60 days): Stolons swell small tubers form (critical stage). 4) Tuber bulking (60-90 days): Tubers increase in size and weight. 5) Maturity (90-120 days): Vines senesce skins set (periderm formation). 6) Harvest: When vines die back tubers mature.,
potato,Cultivation,How does potato contribute to food security and the farming economy in Pakistan?,Potato contributes: 1) Affordable carbohydrate source for 220 million people. 2) Generates high income for small farmers (Rs. 200000-500000/acre profit). 3) Export earnings (fresh potato to Afghanistan Central Asia UAE). 4) Processing industry (chips fries starch frozen products) employs thousands. 5) Cold storage infrastructure supports year-round supply. 6) Employment during planting harvesting grading (50-60 laborers/acre). 7) Buffer against wheat price volatility.,
potato,Cultivation,How should land be prepared before planting potato in Pakistan?,Land should be prepared to fine tilth with loose soil. Sequence: 1) Deep ploughing with disc plough (if hardpan). 2) 2-3 cultivations with cultivator. 3) Planking after each cultivation. 4) Laser leveling. 5) Raised bed formation (15-20 cm high 60-90 cm wide). 6) Final planking just before planting. For heavy soils: add 1-2 more cultivations.,
potato,Cultivation,How many ploughings are recommended for land preparation for potato?,5-7 ploughings/tillage passes: 1 deep ploughing (every 2-3 years) + 3-4 cultivator passes + 2 plankings. In heavy clay soils: 6-7 passes. In sandy soils: 4-5 passes. Fine loose seedbed is critical for tuber expansion.,
potato,Cultivation,What is the role of deep ploughing in potato cultivation?,Deep ploughing (25-30 cm) with disc plough: 1) Breaks hardpan and improves root and tuber penetration. 2) Enhances water infiltration and drainage (critical for potato). 3) Exposes soil pests (cutworms nematodes) to predators. 4) Incorporates organic matter. 5) Reduces weed seed bank. Do once every 2-3 years.,
potato,Cultivation,What is the recommended land leveling (Laser Leveling) method before planting potato?,Laser leveling is highly recommended. Benefits: 1) Uniform irrigation (prevents waterlogging in low spots - critical for potato). 2) Saves 20-30% irrigation water. 3) Improves plant uniformity. 4) Reduces weed patches. Field leveled to ±1 cm variation. Service cost: Rs. 2000-3000/acre. Subsidy available.,
potato,Cultivation,Should ridges and furrows be made for potato cultivation in Pakistan? How?,Raised beds (ridges and furrows) are essential for potato especially in heavy soils and rainy areas. Method: 1) Make raised beds 15-20 cm high 60-90 cm wide (2 rows per bed). 2) Furrow depth 15-20 cm. 3) Plant seed tubers on beds (10-15 cm deep). Benefits: prevents waterlogging improves drainage reduces tuber rot and makes hilling (earthing up) easier. Essential in clay soils.,
potato,HarvestTime,How should previously harvested crop residue be managed before planting potato?,1) If previous crop was cereal (wheat rice maize): incorporate stubble by shallow ploughing. 2) Avoid planting potato after other Solanaceous crops (tomato pepper eggplant) - minimum 3-4 year rotation. 3) Remove or deeply bury potato residues after harvest (disease carryover - late blight nematodes). 4) For rice stubble: manage with disc harrow + cultivator. 5) Do not burn residue - incorporate for organic matter.,
potato,Irrigation,What pre-planting irrigation (Raunni) is required for potato land preparation?,"Pre-planting irrigation (raunni) given 15-20 days before planting when soil moisture is low. Apply 3-4 acre-inches water. After irrigation: allow soil to reach field capacity then cultivate when moisture at ""good tilth"". Essential for seed tuber sprouting and soil workability.",
potato,Cultivation,What implements and machinery are used for land preparation for potato in Pakistan?,1) Disc plough (deep ploughing). 2) Cultivator (3-4 passes). 3) Disc harrow (clod breaking). 4) Rotavator (fine seedbed - use moderately). 5) Plank (leveling). 6) Laser land leveler. 7) Bed planter/ridger (for raised beds). 8) Potato planter (for mechanized planting).,
potato,Cultivation,How many days before planting should land preparation begin for potato?,Start land preparation 15-20 days before planting. Timeline: Day 1: deep ploughing (if needed). Day 2-5: first cultivation + planking. Day 7-10: second cultivation + planking. Day 12-14: pre-planting irrigation (if needed). Day 15-18: final cultivation + planking + bed making. Day 18-20: planting.,
potato,Cultivation,How does land preparation differ for irrigated vs. rainfed potato cultivation?,Rainfed potato is not common (potato needs frequent irrigation). For irrigated: finer seedbed laser leveling raised beds essential. Rainfed (limited areas in KPK hills): focus on moisture conservation - fewer cultivations (4-5 passes) deep ploughing no pre-planting irrigation rougher seedbed mulching. Use drought-tolerant varieties (FD-8-3).,
potato,Cultivation,What is the recommended seed rate (kg/acre) for potato in Pakistan?,Recommended seed rate: 400-500 kg per acre (8-10 maunds). For small seed tubers (30-40g): 350-400 kg/acre. For large seed tubers (>60g): 500-600 kg/acre. For processing varieties (high density): 500-600 kg/acre. Use certified disease-free seed tubers.,
potato,Cultivation,What is the optimum row spacing and plant spacing for potato in Pakistan?,Row spacing: 45-60 cm (18-24 inches). On raised beds: 2 rows per bed (60-90 cm bed). Plant to plant spacing: 20-25 cm (8-10 inches). Target plant population: 30000-40000 plants per acre. Closer spacing for processing (smaller tubers) wider for table potatoes.,
potato,Cultivation,What is the recommended planting depth for potato seed tubers in Pakistan?,Planting depth: 8-10 cm (3-4 inches) from top of tuber to soil surface. In sandy soils: 10-12 cm. In heavy soils: 6-8 cm. Deeper than 12 cm delays emergence. Shallower than 5 cm exposes tubers to light (greening) and temperature fluctuations. After hilling (earthing up) total soil cover becomes 15-20 cm.,
potato,Cultivation,What planting method is best for potato — manual or mechanical?,Manual planting (dominant): 1) Dibbling or placing seed tubers in furrows. 2) Cover with soil. 3) Labor: 30-40 laborers/acre. Mechanical planting: Potato planter (tractor-drawn) - plants fertilizes and hills in one pass. Saves labor (Rs. 5000-8000/acre) uniform depth and spacing. Recommended for large farms (>5 acres).,
potato,Weather,How should potato be planted after a previous crop (e.g. rice-wheat or cotton-wheat system)?,1) After rice: Allow field to dry (10-15 days). Prepare raised beds. Plant potato Oct-Nov. 2) After cotton/wheat: Conventional tillage with 3-4 cultivations. 3) Ensure no herbicide carryover (pendimethalin from rice can damage potato). 4) Best rotation: maize - potato - wheat. 5) Avoid potato after tomato or pepper (disease risk).,
potato,Cultivation,Can potato be planted using zero-till or minimum-till techniques in Pakistan?,Zero-till potato is possible but not common. Method: 1) Plant seed tubers directly into untilled soil (after rice). 2) Cover with crop residue (mulch). 3) Benefits: saves 15-20 days reduces labor moisture conservation. Suitable for rice-potato system. Requires specialized zero-till potato planter (rare in Pakistan).,
potato,Cultivation,What equipment or tools are used for planting potato in Pakistan?,1) Manual: dibber khurpa spade (most common). 2) Potato planter (tractor-drawn) - semi-automatic or automatic (cup-type). 3) Ridger + planter combination. 4) For small farms: string and markers for row spacing. Mechanization increasing for large farms.,
potato,HarvestTime,What are all the major crop management activities for potato from planting to harvest?,Timeline: 0-15 days: seed preparation planting first irrigation. 15-30 days: emergence first weeding pest monitoring. 30-40 days: hilling (earthing up) top dressing N second irrigation. 40-60 days: tuber initiation - irrigation disease control (late blight). 60-90 days: tuber bulking - irrigation pest control (aphids) third irrigation. 90-120 days: maturity - stop irrigation desiccate vines (if needed) harvest.,
potato,Cultivation,What is the complete activity calendar (timeline) for potato cultivation in Pakistan?,September-October: land preparation (15 Sep-15 Oct) seed treatment planting (15 Sep-31 Oct). November: emergence (1-15 Nov) first weeding (15-30 Nov) first top dressing (30 Nov). December: hilling (1-15 Dec) second top dressing (15-31 Dec) irrigation. January: tuber initiation (1-31 Jan) late blight control. February: tuber bulking (1-28 Feb) stop irrigation. March: harvest (1-31 Mar). April-May: spring crop cycle.,
potato,Cultivation,When should hilling (earthing up) be done for potato and why?,Hilling (adding soil around plant base) at 25-35 days after planting when plants are 15-20 cm tall. Method: pull soil from furrows onto plant rows (5-10 cm high). Benefits: 1) Prevents tubers from greening (exposure to light). 2) Supports plants (prevents lodging). 3) Controls weeds. 4) Improves drainage. 5) Increases tuber set (more stolons covered). Do hilling twice: first at 25 days second at 45 days (optional).,
potato,Cultivation,How should inter-cultivation be done in potato fields?,Inter-cultivation (weeding and soil loosening) at 20-25 days (before hilling). Method: 1) Use hand hoe (khurpa) or wheel hoe. 2) Cultivate between rows at 5-8 cm depth. 3) Avoid damaging roots and stolons. 4) Also breaks soil crust removes weeds aerates soil. For large areas: use power weeder (tractor-operated) with careful adjustment. After hilling no inter-cultivation.,
potato,Cultivation,What is the process of transplanting potato? (if applicable),Transplanting is NOT practiced for potato. Potato is always planted using seed tubers (vegetative propagation).,
potato,Cultivation,What is the optimal plant population per acre for potato in Pakistan?,Optimal plant population: 30000-40000 plants per acre (75-100 plants per square meter). For table potatoes: 30000-35000 plants/acre (larger tubers). For processing (chips/fries): 35000-40000 plants/acre (smaller uniform tubers). Achieve by: spacing 45-60 cm row × 20-25 cm plant.,
potato,Cultivation,How is gap filling done in potato cultivation if germination is poor?,Gap filling is not common for potato. If >20% missing hills: 1) Replant using pre-sprouted seed tubers within 15 days of planting. 2) Use small whole tubers for faster establishment. 3) Irrigate after replanting. For small gaps: no need to fill - adjacent plants compensate.,
potato,Cultivation,When and how should staking or support be provided to potato plants?,Staking is NOT required for potato. Potato is a low-growing herbaceous plant.,
potato,Cultivation,What is pinching or pruning in potato and when should it be done?,Pinching (removal of flowers or apical buds) is not practiced in potato. Some farmers remove flowers to direct energy to tubers but research shows minimal benefit. Not recommended for commercial production.,
potato,Yield,How should potato be managed during tuber initiation to maximize yield?,1) Maintain uniform soil moisture (no stress). 2) Apply potassium (K) and phosphorus (P) - critical for tuber set. 3) Control late blight (fungicide spray). 4) Avoid excess N after 50 days. 5) Hill (earthing up) to cover stolons. 6) Monitor for aphids (virus vectors).,
potato,Cultivation,What is the process of desiccation (vine killing) for potato? Is it recommended?,Desiccation (killing vines) is recommended for processing potatoes and for uniform harvest. Methods: 1) Chemical: Diquat (1-2 L/acre) or Paraquat (1.5 L/acre) applied 10-15 days before harvest. 2) Mechanical: flail mower to cut vines. 3) Natural: stop irrigation. Benefits: promotes skin set improves tuber maturity reduces late blight spread and makes harvest easier. Do not desiccate early (reduces yield).,
potato,Yield,How does crop canopy management improve yield of potato?,Canopy management: 1) Optimum plant population (30000-40000 plants/acre) prevents overcrowding. 2) Proper row spacing (45-60 cm) allows light penetration and air circulation - reduces late blight. 3) Avoid excess N which causes dense canopy and more disease. 4) Hilling improves soil contact. Good canopy = healthy foliage + high tuber yield.,
potato,Cultivation,What field monitoring activities should a farmer do weekly during potato season?,Weekly monitoring: 1) Emergence % (first 3 weeks). 2) Plant stand and uniformity. 3) Weed presence. 4) Pest scouting: aphids (under leaves) cutworms (seedling damage) potato tuber moth (leaf mines). 5) Disease signs: late blight (water-soaked spots with white fuzz) early blight (target spots) scab (rough tubers). 6) Nutrient deficiency symptoms. 7) Soil moisture. Record observations.,
potato,Varieties,What are the most commonly grown varieties of potato in Pakistan?,Commonly grown varieties include: 1) Desiree (pink skin yellow flesh) - processing and table. 2) Cardinal (red skin white flesh) - table. 3) Diamant (white skin white flesh) - high yield. 4) Kuroda (white processing) - chips and fries. 5) Sante (yellow skin) - export quality. 6) FD-8-3 (heat tolerant) - for Sindh and South Punjab. 7) Lady Rosetta (processing). 8) Asterix (red skin) - chips. 9) Multa (local). Traditional varieties yield 150-200 maunds/acre improved 200-300 maunds.,
potato,Varieties,What are the improved and recommended varieties of potato approved by Pakistani agricultural research institutes?,Improved varieties approved by PARC/NARC/Ayub Research: 1) FD-8-3 (Ayub Research Faisalabad) - heat tolerant yield 200-250 maunds/acre suitable for Punjab and Sindh. 2) FD-76-67 (Ayub Research) - processing. 3) Kuroda (imported) - chips high solids. 4) Lady Rosetta - for french fries. 5) Sante - export quality. 6) Desiree - pink skin multi-purpose. 7) Cardinal - red skin widely adapted. 8) Asterix - chips. 9) Multa (local selection) - heat tolerant. 10) SH-5 (high yield).,
potato,Varieties,What are the early-maturing medium-maturing and late-maturing varieties of potato available in Pakistan?,Early-maturing (70-85 days): FD-8-3 Multa SH-5. Medium-maturing (85-100 days): Desiree Cardinal Sante. Late-maturing (100-120 days): Kuroda Lady Rosetta Asterix (processing). Early varieties suitable for early market (higher price). Late varieties for processing (chips fries) and long storage.,
potato,Varieties,What high-yielding varieties of potato give the best production in Pakistan?,Highest yielding varieties: 1) Desiree - 250-350 maunds/acre pink skin multi-purpose. 2) Cardinal - 250-300 maunds red skin. 3) Diamant - 250-300 maunds white skin. 4) Kuroda (processing) - 200-250 maunds high dry matter. 5) FD-8-3 (heat tolerant) - 200-250 maunds. 6) Lady Rosetta - 200-250 maunds. 7) Sante - 220-280 maunds. Hybrid varieties give higher yield but require better management.,
potato,Varieties,What are the heat-tolerant potato varieties recommended for hot regions like Sindh and South Punjab?,1) FD-8-3 (Ayub Research) - developed for heat tolerance yields 200-250 maunds in warm areas. 2) Multa - local heat-tolerant selection. 3) Desiree - moderate heat tolerance. 4) Cardinal - performs better in warmer conditions. Key management: early planting (Oct 1-15) drip irrigation mulching.,
potato,Soil,What type of soil is best suited for growing potato in Pakistan?,Well-drained sandy loam or loamy soil rich in organic matter is best. Deep fertile soils (45-60 cm depth) with pH 5.5-6.5. Potato requires loose soil for tuber expansion. Avoid heavy clays (poor drainage misshapen tubers) and very sandy soils (low water holding).,loamy
potato,Soil,What is the ideal soil pH range for potato cultivation in Pakistan?,Ideal pH range is 5.5 to 6.5 (slightly acidic). Potato can tolerate pH 5.0-7.0 but yields decline below 5.0 (aluminum toxicity) and above 7.0 (scab disease increases). At high pH >7.0: common scab (Streptomyces scabies) becomes severe.,loamy
potato,Soil,What soil texture (loamy sandy clayey) is most suitable for potato?,Sandy loam and loam are most suitable - provide good drainage aeration and easy tuber expansion. Sandy soils: require frequent irrigation and high organic matter (tubers may be small). Clayey soils: problematic due to poor drainage (tuber rot) misshapen tubers and hard harvest.,clay
potato,Soil,Can potato be grown on saline or sodic soils (Kallar) in Pakistan? What are the precautions?,Potato is salt-sensitive (ECe <2 dS/m). Not recommended on saline or sodic soils. If unavoidable: 1) Apply gypsum at 100% GR. 2) Heavy leaching before planting. 3) Use raised beds. 4) Add FYM 15-20 tons/acre. 5) Use salt-tolerant varieties (FD-8-3 has moderate tolerance). 6) Better to avoid - choose salt-tolerant crops like barley or sugarbeet.,saline
potato,Soil,What soil drainage conditions are required for potato?,Excellent drainage is critical. Potato is highly sensitive to waterlogging - even 24-48 hours of standing water causes tuber rot (Fusarium Pythium Erwinia) and plant death. Raised beds (15-20 cm high) are essential in heavy soils or high rainfall areas.,clay
potato,Soil,How does soil organic matter content affect the yield of potato?,Higher organic matter (2-3%) improves: 1) Water holding capacity. 2) Nutrient availability (especially N P K). 3) Soil structure and tuber expansion. 4) Beneficial microbial activity. 5) Tuber quality (smooth skin). Every 0.5% increase in OM can boost yield by 10-15 maunds/acre.,loamy
potato,Soil,What soil testing should a farmer do before planting potato in Pakistan?,Essential soil tests: 1) pH and EC (salinity). 2) Organic matter. 3) Available N (NO3-N). 4) Available P (Olsen P) - critical for tuber initiation. 5) Available K. 6) Micronutrients: Zinc (Zn) and Boron (B). 7) Nematode test (if history of potato cyst nematode). Sample depth: 6-9 inches. Send to provincial soil testing lab (free or low cost).,loamy
potato,Soil,How should soil fertility be maintained or improved for repeated cultivation of potato?,1) Crop rotation: potato after cereals (wheat maize) - not after other Solanaceous crops (tomato pepper eggplant) to avoid disease buildup. 2) Apply FYM/compost 10-15 tons/acre every 2-3 years. 3) Green manuring before potato. 4) Balanced NPK fertilization. 5) Incorporate crop residues (not potato residues - disease risk). 6) Use biofertilizers (PSB Azotobacter).,loamy
potato,Soil,What are the signs of poor or unsuitable soil for potato cultivation?,Signs: 1) Water pooling after rain/irrigation (poor drainage). 2) White salt crust (saline). 3) Stunted yellow plants (N deficiency or waterlogging). 4) Purple leaf tips (P deficiency). 5) Cracked clay surface. 6) Rough scabby tubers (high pH >7.0). 7) Misshapen knobby tubers (compacted soil).,loamy
potato,Soil,What soil preparation practices improve the structure and health of soil for potato?,1) Deep ploughing (25-30 cm) every 2-3 years. 2) Add organic matter (FYM 10-15 tons/acre). 3) Green manuring 6-8 weeks before planting. 4) Gypsum application for sodic soils. 5) Laser leveling for uniform irrigation. 6) Raised bed preparation (essential for heavy soils). 7) Avoid excessive tillage (destroys structure).,loamy
potato,Cultivation,When is the best time to plant potato in Punjab Pakistan?,Optimum planting: Autumn (main crop): September 15 to October 31. Central Punjab: Oct 1-25. South Punjab: Oct 15-31. Spring crop: January 15 to February 15 (warmer areas). Early planting (Aug) risks high temperature and poor sprouting. Late planting (Nov) reduces yield due to early heat.,
potato,Cultivation,When is the best time to plant potato in Sindh Pakistan?,Sindh: Autumn crop: September 15 to October 31. Lower Sindh (Hyderabad Mirpurkhas): Oct 1-31. Upper Sindh (Sukkur): Sep 15-Oct 15. Spring crop: January 1-31. For processing varieties: plant in October for March harvest.,
potato,Cultivation,When is the best time to plant potato in KPK Pakistan?,KPK: Autumn crop: September 1 to October 15. Peshawar valley: Sep 15-Oct 15. Dera Ismail Khan: Oct 1-20. Spring crop (high elevations Swat Abbottabad Mansehra): March-April - plant when frost risk passes. Summer crop: May-June.,
potato,Cultivation,When is the best time to plant potato in Balochistan Pakistan?,Balochistan: Spring crop (main): February 15 to March 31. Quetta/Pishin: Mar 1-31. Summer crop (high valleys): April-May. Autumn crop (plains Sibi Naseerabad): September-October.,
potato,Cultivation,When is the best time to plant potato in South Punjab (Multan Bahawalpur DG Khan)?,South Punjab: Autumn crop: October 10 to November 10. Warmer climate allows later planting. For early market: plant Oct 1-15. Avoid planting after Nov 15 as heat during tuber bulking reduces yield. Spring crop: January 15-February 15.,
potato,Cultivation,What happens if potato is planted too early or too late in Pakistan?,Too early (August-early September): 1) High temperatures (>30°C) reduce sprouting. 2) Mother tubers rot. 3) More pest pressure (aphids). 4) Poor tuber set. Too late (November onward): 1) Shortened growing season. 2) Heat stress during tuber bulking - small tubers. 3) Lower yield (40-60% loss). 4) Poor processing quality.,
potato,Yield,How does planting time affect the yield and quality of potato?,Yield: Each week delay after Oct 15 reduces yield by 5-10%. Optimum Oct planting gives 200-300 maunds/acre. Nov planting gives 120-180 maunds. Quality: Late planting produces smaller tubers higher reducing sugars (poor for processing) and more greening.,
potato,Cultivation,What seed treatment should be done before planting potato?,Seed treatment is essential for potato: 1) Fungicide for seed-borne diseases (Fusarium Rhizoctonia). 2) Insecticide for cutworms and aphids. 3) Bio-priming (optional). Treat seed tubers 1-2 days before planting. Use 5-10 L water per 100 kg seed.,
potato,Soil,Which fungicide is recommended for seed treatment of potato to prevent soil-borne diseases?,Recommended fungicides: 1) Carbendazim (Bavistin) 100g per 100 kg seed. 2) Thiram 150g per 100 kg seed. 3) Mancozeb (Dithane M-45) 200g per 100 kg seed. 4) Metalaxyl (Apron) 100g per 100 kg - effective against late blight in seed. 5) Trichoderma harzianum (bio-fungicide) 1kg per 100 kg. Dip tubers for 5-10 minutes.,
potato,Pesticide,Which insecticide is recommended for seed treatment of potato to protect against early pests?,1) Imidacloprid (Confidor) 50ml per 100 kg seed - controls early aphids up to 30 days. 2) Chlorpyrifos 100ml per 100 kg - for cutworms and termites. 3) Thiamethoxam (Cruiser) 40ml per 100 kg - broad spectrum. For tuber moth: use Spinosad.,
potato,Cultivation,What is the process of seed treatment for potato — dose method and timing?,Process: 1) Calculate seed quantity (400-500 kg/acre). 2) Prepare solution: fungicide + insecticide in 5-10 L water per 100 kg seed. 3) Spread seed tubers on clean polythene sheet. 4) Spray or dip the solution (immersion for 5-10 minutes). 5) Ensure uniform coverage. 6) Dry in shade for 1-2 hours (not direct sun). 7) Plant within 24-48 hours.,
potato,Cultivation,Should potato seed tubers be cut before planting? For how long?,Seed tubers are often cut for large tubers (>80g). Cutting: 1) Cut tubers into 30-50g pieces with 1-2 eyes each. 2) Allow cut surface to suberize (dry) for 24-48 hours in cool humid conditions (15-20°C 85% RH). 3) Treat cut pieces with fungicide (Carbendazim + Thiram) immediately. 4) Do not plant wet cut pieces (rot risk). For small tubers (30-50g): plant whole.,
potato,Cultivation,How does seed treatment affect germination rate and early growth of potato?,Seed treatment increases sprouting from 70-80% (untreated) to 90-95% (treated). Fungicide protects from seed rot and Rhizoctonia canker. Insecticide protects from aphids (virus vectors). Result: uniform emergence healthier plants and 15-20% higher yield potential.,
potato,Cultivation,What is bio-priming or microbial seed treatment for potato in Pakistan?,Bio-priming involves treating seed tubers with beneficial microbes: 1) Pseudomonas fluorescens (bio-control) - 1kg per 100 kg seed. 2) Trichoderma harzianum (bio-fungicide) - 1kg per 100 kg. 3) Azotobacter or Azospirillum (N-fixers) - 1 packet for 100 kg. Mix with 10L water dip tubers. Reduces chemical fungicide need by 25-50%.,
potato,HarvestTime,How should treated potato seed be stored before planting?,Treated seed tubers should be planted within 24-48 hours maximum. Do not store treated seed for more than 7 days (fungicides degrade rot may develop). If storage unavoidable: keep in cool (4-10°C) humid (85-90% RH) well-ventilated place. Never store cut seed pieces for more than 48 hours.,
potato,Cultivation,What are the safety precautions when doing seed treatment for potato?,1) Wear gloves and mask. 2) Do not eat/drink during treatment. 3) Treat in well-ventilated area. 4) Wash hands thoroughly after treatment. 5) Keep treated seed away from children and livestock. 6) Dispose empty chemical containers properly. 7) Do not use treated seed for consumption (for seed only).,
potato,Pesticide,What are the major weeds found in potato fields in Pakistan?,Major weeds: Broadleaf: 1) Bathu (Chenopodium album). 2) Maina (Asphodelus tenuifolius). 3) Peeli Buti (Fumaria parviflora). 4) Lehli (Sonchus asper). 5) Kandiar (Convolvulus arvensis). Grasses: 1) Wild oat (Avena fatua). 2) Phalaris minor (Dumbi sitti). 3) Cyperus rotundus (Deela) - very problematic. 4) Cynodon dactylon (Khabbal grass).,
potato,Pesticide,What is the critical period of weed competition in potato cultivation?,Critical period: 20 to 60 days after planting (from emergence to tuber initiation). Weeds competing during this period cause 40-70% yield loss. First 40 days are most critical. Keep weed-free during this window. After 60 days potato canopy closes and suppresses late weeds.,
potato,Pesticide,How does weed competition affect the yield of potato in Pakistan?,Weed competition can reduce yield by 40-70%. Heavy infestation: yield drop from 250 maunds to 80-120 maunds/acre. Cyperus rotundus (Deela) is most damaging. Weeds compete for: water (critical) nutrients (especially N) light and space. Also harbor pests (aphids) and increase humidity (late blight).,
potato,Pesticide,What are the recommended herbicides for weed control in potato in Pakistan?,1) Pre-emergence: Pendimethalin (Stomp) 600-800ml/acre or Metribuzin (Sencor) 200-300g/acre. 2) Pre-plant incorporated: Trifluralin (Treflan) 500-600ml/acre. 3) Post-emergence (grasses): Quizalofop (Topik) 300ml/acre or Fenoxaprop (Puma) 400ml/acre. 4) Post-emergence (broadleaf): Metribuzin 150g/acre (apply before hilling). DO NOT use 24-D on potato - severe damage.,
potato,Pesticide,What pre-emergence herbicides are used for potato weed control?,Pre-emergence (apply within 3 days of planting before weed emergence): 1) Pendimethalin (Stomp) 600-800 ml/acre - effective on grasses and small-seeded broadleaf weeds. 2) Metribuzin (Sencor) 200-300 g/acre - for broadleaf weeds (use lower rate on sandy soils). 3) Trifluralin (Treflan) 500-600 ml/acre - incorporate before planting. Apply on moist soil.,
potato,Pesticide,What post-emergence herbicides are used for potato weed control?,Post-emergence (apply at 20-30 days after planting before hilling): For grassy weeds: Quizalofop ethyl (Topik) 300ml/acre or Fenoxaprop (Puma) 400ml/acre. For broadleaf weeds: Metribuzin 150g/acre (use carefully - can cause leaf burn). DO NOT use 24-D or MCPA on potato (causes severe leaf distortion and tuber malformation). Manual weeding is safer.,
potato,Pesticide,What is the correct dose and timing of herbicide application in potato?,Pendimethalin: 600-800 ml/acre within 3 days of planting. Metribuzin (pre): 200-300 g/acre. Metribuzin (post): 150 g/acre at 20-25 days (apply before hilling). Quizalofop: 300ml/acre at 20-30 days for grass weeds. Use 120-150 liters water/acre. Flat fan nozzle. Apply in morning when no wind/rain. Do not spray after tuber initiation (50 days).,
potato,Pesticide,How should manual weeding be done in potato fields?,Manual weeding: 1st weeding at 20-25 days (before hilling). 2nd weeding at 40-45 days (if needed). Method: 1) Use khurpa (hand hoe) carefully - potato roots and stolons are shallow. 2) Cut weeds just below soil surface. 3) Remove weeds from field. 4) Be careful not to damage tubers. 5) After weeding hill (earthing up) immediately. Labor: 30-40 person-days/acre for two weedings.,
potato,Pesticide,How many manual weedings are recommended for potato cultivation in Pakistan?,Two manual weedings are recommended: 1st at 20-25 days (before hilling). 2nd at 40-45 days (optional - if weeds persist). In low weed pressure: one weeding at 20-25 days + hilling may suffice. In heavy weed infestation: two weedings + pre-emergence herbicide. Hilling itself controls many weeds.,
potato,Pesticide,What mechanical methods can be used for weed control in potato?,1) Wheel hoe (hand-operated) - for row spacing 45-60 cm. 2) Power weeder (tractor-operated) - for large fields (set to shallow depth 5-8 cm). 3) Hilling (earthing up) - covers small weeds. Mechanical weeding at 20-25 days. Shallow depth critical to avoid root and stolon damage. Followed by manual removal of intra-row weeds.,
potato,Pesticide,How can mulching help control weeds in potato cultivation?,Mulching is effective for potato: 1) Straw mulch (wheat/rice) at 4-5 tons/acre applied after planting suppresses weeds. 2) Reduces weed germination by blocking light. 3) Also conserves soil moisture (reduces irrigation). 4) Plastic mulch (black) - very effective for early crop increases soil temperature but costly (Rs. 20000-25000/acre). 5) Biodegradable mulch available. Plastic mulch with drip irrigation is excellent for high-value potato.,
potato,Pesticide,What safety precautions should be taken when applying herbicides to potato?,1) Wear PPE (gloves mask goggles). 2) Read label instructions. 3) Calibrate sprayer correctly. 4) Do not spray on windy days (drift damages nearby crops). 5) Avoid application before rain. 6) Clean equipment thoroughly after use. 7) Dispose containers properly. 8) Observe pre-harvest interval (PHI - usually 30-40 days). 9) Do not enter field for 24 hours after spraying. 10) Specifically: NEVER use 24-D on potato.,
potato,Pesticide,What are the major insect pests of potato in Pakistan?,Major pests: 1) Potato aphid (Macrosiphum euphorbiae) - virus vector. 2) Green peach aphid (Myzus persicae) - most damaging (transmits viruses). 3) Potato tuber moth (Phthorimaea operculella) - in field and storage. 4) Cutworm (Agrotis spp.) - seedling stage. 5) Armyworm (Spodoptera exigua). 6) Leaf miner (Liriomyza spp.). 7) Whitefly (Bemisia tabaci). 8) Red spider mite (Tetranychus spp.). 9) Potato leafhopper.,
potato,Pesticide,What is the economic threshold level (ETL) for major pests of potato in Pakistan?,Aphids: 10-20 per plant or 20% plants infested (virus vectors). Cutworm: 2-3 cut seedlings per square meter. Potato tuber moth: 5-10% leaf mines or 1-2 moths per trap per night. Armyworm: 3-4 larvae per square meter. Whitefly: 5-10 per leaf. Spray only when ETL reached.,
potato,Pesticide,How can I identify sucking pests (aphids whitefly) attacking potato?,Aphids: Small (2-3mm) pear-shaped green/pink/black insects in colonies on young leaves and stems. Sticky honeydew + sooty mold. Winged aphids indicate migration. Whitefly: Tiny white winged insects fly when plant disturbed. Yellow leaves. Sooty mold. Both transmit viruses (potato leafroll virus potato virus Y).,
potato,Cultivation,What damage does the leaf miner cause to potato and how to identify it?,Leaf miner (Liriomyza spp.) - occasional. Damage: Larvae tunnel between leaf surfaces creating winding white mines. Identification: Blistered appearance white serpentine trails on leaves. Severely mined leaves turn yellow and drop. Control: Cyromazine or Abamectin if severe.,
potato,Pesticide,What damage do armyworms / cutworms cause to potato seedlings in Pakistan?,Cutworms: Larvae cut seedlings at ground level at night. Damage: Plants fall over as if cut by knife. Patchy missing plants. Armyworms: Defoliation - skeletonized leaves. Large larvae eat entire leaves. Identification: Larvae curled (C-shape) when disturbed in soil near damaged plants. Control: Chlorpyrifos drench around base.,
potato,Pesticide,What damage does the whitefly cause to potato and how to identify infestation?,Whitefly damage: 1) Suck sap causing yellowing and stunting. 2) Honeydew leads to sooty mold. 3) Vector of viruses (not as important as aphids). Identification: Tiny white moths fly up when plant disturbed. Yellow sticky traps. Lower leaf yellowing.,
potato,Pesticide,What damage does the red spider mite cause to potato and when does it appear?,Red spider mite (Tetranychus spp.) - appears in dry hot conditions (March-April late season). Damage: Stippling (tiny yellow/white spots) on leaves. Severe: leaves turn bronze/brown and dry. Fine webbing on leaves. Identification: Tiny red dots visible with hand lens. Control: Abamectin or Fenpyroximate.,
potato,Pesticide,How do locusts and grasshoppers damage potato in Pakistan?,Locusts and grasshoppers: 1) Defoliation - eat leaves. 2) Can completely destroy crop in hours during swarms. Identification: Presence of insects. Droppings on leaves. Control: Chlorpyrifos or Deltamethrin. District agriculture department issues alerts.,
potato,Pesticide,What are the signs of termite infestation in potato fields?,Signs: 1) Dried dead plants that pull out easily with no roots. 2) Mud tubes on plant stems near base. 3) Hollowed stems. 4) White/cream insects inside roots/stem. More common in rainfed areas. Control: Chlorpyrifos seed treatment or soil drench.,
potato,Pesticide,What are the signs of nematode infestation in potato roots in Pakistan?,Potato cyst nematode (Globodera rostochiensis) - quarantine pest. Signs: 1) Stunted yellow plants. 2) Poor root development. 3) Small white/yellow cysts (pinhead size) on roots. 4) Patches of poor growth. More common in cool areas (KPK Balochistan). Control: crop rotation (6-8 years) resistant varieties soil solarization.,
potato,Pesticide,How does the pest population in potato vary across different regions of Pakistan?,Aphids: Severe in all potato areas - peak Feb-April. Potato tuber moth: More in warm areas (Sindh South Punjab) and storage. Cutworms: Problem in all rainfed areas. Mites: Late season in Sindh and South Punjab. Nematodes: More in KPK and Balochistan (cool sandy soils).,
potato,Pesticide,What pests are more severe for potato during the Kharif season?,Summer potato (Balochistan KPK hills): 1) Aphids (severe - virus vectors). 2) Potato tuber moth (field). 3) Whitefly. 4) Mites (dry periods). 5) Armyworm.,
potato,Pesticide,What pests are more severe for potato during the Rabi season?,Rabi (winter) pests: Aphids (moderate to severe Dec-Mar). Cutworms (Nov-Dec on seedlings). Potato tuber moth (less in field more in storage). Whitefly (Nov-Jan in warmer areas). Mites (late season Feb-Mar).,
potato,Pesticide,What pesticides are recommended for controlling aphids in potato in Pakistan?,1) Imidacloprid (Confidor) 250ml/acre. 2) Thiamethoxam (Actara) 80g/acre. 3) Acetamiprid 200g/acre. 4) Dimethoate (Rogor) 400ml/acre. 5) Spirotetramat (Movento) 150ml/acre - systemic. 6) Natural: Neem oil (2-3 L/acre). Alternate products to avoid resistance. Spray when ETL reached (10-20 aphids/plant). Important to control virus vectors.,
potato,Pesticide,What pesticides are recommended for controlling whitefly in potato in Pakistan?,1) Imidacloprid 250ml/acre. 2) Pyriproxyfen (Planter) 200ml/acre. 3) Buprofezin (Applaud) 300g/acre. 4) Diafenthiuron (Polo) 300ml/acre. Add mineral oil (300ml/acre) as adjuvant. Use yellow sticky traps for monitoring.,
potato,Pesticide,What pesticides are recommended for controlling potato tuber moth in field?,1) Spinosad (Tracer) 80ml/acre - most effective. 2) Emamectin benzoate 200ml/acre. 3) Chlorantraniliprole (Coragen) 60ml/acre. 4) Lambda-cyhalothrin 250ml/acre. 5) Bt kurstaki (bio-pesticide). Spray at tuber initiation and hilling. Use pheromone traps for monitoring. In storage: treat with Spinosad or Bt.,
potato,Pesticide,What pesticides are recommended for controlling cutworm/armyworm in potato seedlings?,1) Chlorpyrifos (Lorsban) 800ml/acre - soil drench around base. 2) Lambda-cyhalothrin 250ml/acre - evening spray. 3) Carbaryl (Sevin) 400g/acre. 4) Bait: Mix 1kg bran + 10g Carbaryl + 1L water - spread in evening. Apply when cutting damage first seen.,
potato,Pesticide,What pesticides are recommended for controlling leaf miner in potato in Pakistan?,1) Cyromazine (Trigard) 150g/acre. 2) Abamectin 200ml/acre. 3) Spinosad 80ml/acre. Spray when first mines appear. Not usually economic in potato.,
potato,Pesticide,What pesticides are recommended for controlling red spider mite in potato in Pakistan?,1) Abamectin (Kingmit) 200ml/acre. 2) Fenpyroximate (Ortus) 250ml/acre. 3) Spiromesifen (Oberon) 300ml/acre. 4) Sulfur 80% WP 500g/acre. DO NOT use pyrethroids (they flare mites). Repeat after 7 days.,
potato,Pesticide,What is the recommended dose and spray schedule for pesticide application on potato?,Aphids: Spray when 10-20/plant. Schedule: Dec-Mar. Potato tuber moth: Spray at tuber initiation and 2 weeks later. Use 120-150 L water/acre. Rotate pesticides every 10-14 days (max 3 sprays). Stop spraying 14 days before harvest (PHI).,
potato,Pesticide,How should pesticides be mixed and applied correctly for potato pest control?,1) Fill spray tank 1/3 with clean water. 2) Add required pesticide dose (measure accurately). 3) Add adjuvant/wetter if recommended. 4) Fill to full volume while agitating. 5) Calibrate sprayer for 120-150 L/acre. 6) Use flat fan or hollow cone nozzles. 7) Spray in morning (6-9 AM) or evening (4-7 PM). 8) Avoid windy/rainy conditions. 9) Clean sprayer after use.,
potato,Pesticide,What is the pre-harvest interval (PHI) for pesticides used on potato in Pakistan?,Common PHI: Imidacloprid: 14 days. Spinosad: 7 days. Emamectin: 14 days. Chlorpyrifos: 15 days. Lambda-cyhalothrin: 14 days. Abamectin: 14 days. For potato (table or processing) follow minimum PHI strictly. Do not harvest before PHI.,
potato,Pesticide,What are the bio-pesticides or organic alternatives for pest control in potato?,1) Neem oil (Azadirachtin) 1% - 2-3 L/acre for aphids. 2) Spinosad (bio-origin) for tuber moth. 3) Bt kurstaki for caterpillars. 4) Entomopathogenic fungi: Beauveria bassiana for aphids. 5) Release ladybird beetles for aphid control. 6) Yellow/blue sticky traps. 7) Pheromone traps for tuber moth.,
potato,Pesticide,How can pheromone traps be used for pest monitoring in potato fields?,For potato tuber moth: Use specific pheromone lures in delta traps (1 trap per 2 acres). For cutworm: Use lures. Place traps at canopy height (30-40 cm). Check daily for moth catch. Spray when catch exceeds threshold (e.g. 5-8 moths/trap/night for tuber moth). Replace lures every 4-6 weeks.,
potato,Pesticide,What safety equipment should a farmer wear while spraying pesticide on potato?,1) Chemical-resistant gloves (nitrile rubber). 2) Face shield or goggles. 3) Respirator (N95 or charcoal mask). 4) Long-sleeved shirt and full pants. 5) Apron or coverall. 6) Rubber boots. 7) Hat. Wash PPE after use. Never reuse empty pesticide containers. Shower after spraying.,
potato,Pesticide,What should a farmer do if accidental pesticide poisoning occurs during potato spraying?,1) Remove person from contaminated area immediately. 2) Remove contaminated clothing. 3) Wash skin with soap and water for 15 minutes. 4) If swallowed: Do not induce vomiting (unless label says) - give water. 5) If inhaled: Move to fresh air. 6) Take pesticide container to hospital. 7) Seek immediate medical attention. 8) Call Poison Control (115 or local emergency).,
potato,Pesticide,How should pesticide resistance be managed in potato pests in Pakistan?,1) Rotate pesticides with different modes of action (IRAC groups). 2) Do not use same pesticide group repeatedly. 3) Spray only when ETL reached (not calendar-based). 4) Use recommended doses (not sub-lethal). 5) Integrate biological and cultural controls (IPM). 6) Leave untreated refuges. 7) Use pheromone traps for monitoring.,
potato,Pesticide,When is the best time of day (morning/evening) to spray pesticide on potato?,Best time: Early morning (6-9 AM) or late evening (4-7 PM). Reasons: 1) Bees and pollinators less active. 2) Temperature moderate (15-25°C) - better efficacy. 3) Less evaporation. 4) Lower wind speeds. Avoid: mid-day heat strong wind rain expected leaves wet.,
potato,Pesticide,What integrated pest management (IPM) practices are recommended for potato in Pakistan?,IPM components: 1) Use certified virus-free seed. 2) Resistant varieties (where available). 3) Crop rotation (3-4 years with non-Solanaceous crops). 4) Balanced fertilizer (no excess N). 5) Proper irrigation (avoid waterlogging). 6) Monitoring (weekly scouting). 7) Economic thresholds (spray only when needed). 8) Biological control (conserve ladybirds lacewings). 9) Selective pesticides. 10) Sanitation (remove crop debris).,
potato,Pesticide,How can crop rotation help reduce pests and diseases in potato cultivation?,Crop rotation breaks pest/disease cycles: 1) Potato after cereals (wheat maize) - not after other Solanaceous crops (tomato pepper eggplant) to avoid late blight bacterial wilt and nematodes. 2) Minimum 3-4 years between potato crops. 3) Rotate with non-host crops to reduce nematodes and soil-borne pathogens. 4) Improves soil health. Sample rotation: Wheat - potato - maize - wheat.,
potato,Varieties,How does selection of disease-resistant potato varieties reduce losses in Pakistan?,Resistant varieties are limited for late blight. Some tolerance: FD-8-3 has moderate late blight tolerance. For common scab: use scab-resistant varieties. For viruses: use certified virus-free seed (not variety resistance). Resistant varieties reduce need for fungicide sprays (saves Rs. 5000-10000/acre) and give higher yield.,
potato,Pesticide,What cultural practices help prevent pest attacks on potato?,1) Timely planting (Oct 1-15) - avoids peak late blight and aphid seasons. 2) Avoid excess nitrogen (lush growth attracts aphids and late blight). 3) Proper spacing (45-60 cm) - air circulation reduces late blight. 4) Weed control (weeds host aphids). 5) Remove crop debris after harvest. 6) Deep ploughing in summer (exposes pupae). 7) Balanced irrigation (no waterlogging). 8) Use certified seed.,
potato,Diseases,How does field sanitation (removing crop debris) prevent disease in potato?,1) Removes late blight-infected plant material (overwintering inoculum). 2) Reduces early blight and Fusarium survival structures. 3) Removes volunteer potato plants (alternative hosts for viruses and late blight). 4) Destroys pest hiding places. 5) Practice: After harvest collect and burn or deep plough (>30cm) potato stubble. Do not compost infected debris.,
potato,Pesticide,How can border cropping or trap cropping reduce pests in potato fields?,Border crop: Surround potato field with 2-3 rows of wheat or barley. Wheat acts as physical barrier for aphid migration. Trap cropping: Sow radish or mustard on borders - these attract cutworms and aphids away from potato. When border crop infested spray only the border (not main crop). Reduces pesticide use by 50-70%.,
potato,Pesticide,What beneficial insects should be protected to help control pests in potato?,Beneficial insects: 1) Ladybird beetles - eat aphids. 2) Lacewings - eat aphids and eggs. 3) Syrphid flies (hoverflies) - larvae eat aphids. 4) Parasitic wasps (Aphidius) - parasitize aphids. 5) Ground beetles - eat cutworms. 6) Spiders - generalist predators. Avoid broad-spectrum insecticides (pyrethroids organophosphates) to conserve them.,
potato,Irrigation,How does proper irrigation management reduce disease risk in potato?,1) Avoid over-irrigation - reduces humidity and late blight. 2) Drip/furrow irrigation (not overhead) - keeps foliage dry. 3) Irrigate in morning - leaves dry by evening. 4) Avoid waterlogging - reduces bacterial wilt and blackleg. 5) Stop irrigation 10-15 days before harvest - prevents tuber rot. Wet foliage + cool nights = late blight explosion. Proper drainage is key.,
potato,Fertilizer,How does proper fertilizer management help prevent disease in potato?,1) Balanced NPK (not excess N) - excess N causes lush growth dense canopy high humidity more late blight and aphids. 2) Adequate P and K - strengthen cell walls improve disease resistance. 3) Apply K (potassium) - reduces late blight severity. 4) Avoid chloride fertilizers (use SOP not MOP) - chloride increases scab. 5) Micronutrients (Zn B) - prevent stress-induced susceptibility. Soil test before fertilization.,
potato,Pesticide,What is the role of light traps and pheromone traps in potato pest management?,Light traps: 1) Attract night-flying pests (cutworm moths armyworm). 2) Place 1 trap per 2 acres. 3) Operate from dusk to dawn. 4) Helps monitor pest emergence. Pheromone traps: 1) Species-specific (potato tuber moth cutworm). 2) 1 trap per 2 acres. 3) Count moths daily. 4) Spray when catch exceeds threshold. Both are monitoring tools not direct control.,
potato,Pesticide,How should potato fields be monitored regularly to catch pest/disease problems early?,Weekly monitoring schedule: 1) Walk in W pattern across field. 2) Check 10-20 random plants per acre. 3) Aphids: Count on young leaves and shoots. 4) Late blight: Check lower leaves for water-soaked spots (after fog/rain). 5) Early blight: Check lower leaves for target spots. 6) Record observations. 7) Use hand lens for small pests. 8) Check field borders first. 9) Monitor weather forecasts (late blight risk alerts - Smith period). 10) Act when thresholds reached.,
potato,Cultivation,What are the early warning signs that a potato field needs immediate intervention?,1) Late blight: Water-soaked spots on lower leaves (act within 24 hours). 2) Aphids: >10 per plant or winged aphids seen. 3) Early blight: Target spots on >10% leaves. 4) Cutworms: >5% seedlings cut. 5) Tuber moth: Leaf mines or moths in traps. 6) Bacterial wilt: Wilting plants with ooze from cut stem. Don't wait - intervene immediately for late blight.,
potato,Pesticide,How does intercropping reduce pest and disease pressure in potato?,Intercropping potato with marigold (Tagetes) reduces nematodes (root knot). Intercropping with garlic or onion reduces late blight (repellent effect). Intercropping pattern: 4 rows potato + 1 row marigold. Benefits: 20-30% reduction in disease + additional income. Also intercropping with wheat reduces aphid colonization.,
potato,Cultivation,What quarantine or phytosanitary measures apply to potato planting material in Pakistan?,1) Certified seed from Punjab Seed Corporation or provincial seed corporations is disease-tested (virus-free bacterial wilt-free). 2) Imported potato seed requires phytosanitary certificate from country of origin. 3) Prohibited: Seed from fields with bacterial wilt potato cyst nematode or wart disease. 4) Local movement: No restrictions but recommended to use certified seed. 5) Report disease outbreaks (late blight bacterial wilt) to Department of Plant Protection.,
potato,Fertilizer,What are the recommended fertilizers for potato cultivation in Pakistan?,Recommended fertilizers: 1) Nitrogen: Urea (46% N) or CAN (26% N). 2) Phosphorus: DAP (18-46-0) or SSP (18% P2O5 + 12% S) - critical for tuber initiation. 3) Potassium: SOP (50% K2O + 18% S) - potato prefers SOP over MOP (chloride sensitive). 4) Sulfur: SSP or Gypsum. 5) Micronutrients: Zinc (ZnSO4) and Boron (Borax). 6) Organic: FYM 10-15 tons/acre.,
potato,Fertilizer,What is the recommended NPK dose per acre for potato in Pakistan?,Recommended NPK: 100-120 kg N + 80-100 kg P2O5 + 100-120 kg K2O per acre. In kg/acre: N=100-120 P=80-100 K=100-120. For low fertility soils: N=120 P=100 K=120. For high fertility soils: N=100 P=80 K=100. Sulfur: 20-25 kg S/acre. Adjust based on soil test.,
potato,Fertilizer,What is the recommended dose of nitrogen (N) fertilizer for potato in Pakistan?,100-120 kg N per acre. This equals: Urea 220-260 kg (4.4-5.2 bags) per acre OR CAN 385-460 kg per acre. Apply N in 3 splits: 1/3 at planting 1/3 at hilling (30 days) 1/3 at tuber initiation (50 days). On sandy soils: split into 4 applications.,
potato,Fertilizer,What is the recommended dose of phosphorus (P) fertilizer for potato in Pakistan?,80-100 kg P2O5 per acre. This equals: DAP 175-220 kg (3.5-4.4 bags) OR SSP 445-555 kg per acre. Apply full dose at planting (basal). Phosphorus is critical for: 1) Root and stolon development. 2) Tuber initiation. 3) Early maturity. On P-deficient soils increase to 110-120 kg.,
potato,Fertilizer,What is the recommended dose of potassium (K) fertilizer for potato in Pakistan?,100-120 kg K2O per acre. Use SOP (Sulfate of Potash) - potato is chloride-sensitive (MOP reduces quality). SOP: 200-240 kg per acre (4-4.8 bags). Apply full dose at planting (basal) or 1/2 at planting + 1/2 at hilling. Potassium improves: tuber size dry matter disease resistance and storage quality.,
potato,Fertilizer,When and how should the first dose of fertilizer (Basal Dose) be applied to potato?,Basal dose applied at planting time: 1) Full P and K + 1/3 of N. 2) Apply in furrow 5-8 cm below and 2-3 cm to side of seed tuber. 3) Do not place fertilizer in direct contact with tuber (can cause burn). 4) If broadcasting: mix into top 10-15 cm soil during final bed preparation. Use DAP (contains N+P) for basal.,
potato,Cultivation,When and how should the second and subsequent doses (Top Dressing) be applied to potato?,Top dressing: Apply remaining N in two splits: 1) At hilling (25-30 days after planting) - 1/3 N. 2) At tuber initiation (50-55 days) - 1/3 N. Method: Broadcast urea between rows (not on foliage). Apply just before irrigation or light rain. Avoid application when leaves are wet (causes leaf burn). Do not apply N after 60 days.,
potato,Fertilizer,What is the role of zinc (Zn) fertilizer in potato cultivation in Pakistan?,Zinc is essential for: 1) Auxin synthesis (IAA) for growth. 2) Tuber development. 3) Enzyme activation. Deficiency symptoms: stunted growth small leaves poor tuber formation. Apply ZnSO4 8-10 kg/acre at planting (mix with basal fertilizer). Foliar spray 0.3% ZnSO4 at 30-40 days for quick correction. Common in alkaline calcareous soils.,
potato,Fertilizer,What is the role of boron (B) fertilizer in potato cultivation in Pakistan?,Boron is critical for: 1) Cell wall formation. 2) Tuber quality (prevents hollow heart). 3) Calcium uptake. Deficiency: cracked tubers hollow heart brown spots. Apply borax (11% B) 2-3 kg/acre at planting (mix with fertilizer). Do not exceed 4 kg - boron toxicity. Foliar spray 0.1% boric acid at 30 days. Important in sandy and alkaline soils.,
potato,Soil,What micronutrient deficiencies are commonly observed in potato in Pakistani soils?,Common deficiencies: 1) Zinc (Zn) - in calcareous soils of Punjab (stunted growth). 2) Boron (B) - in sandy and alkaline soils (hollow heart cracked tubers). 3) Iron (Fe) - in high pH soils (interveinal chlorosis). 4) Manganese (Mn) - in organic matter deficient soils. 5) Magnesium (Mg) - in sandy soils (interveinal chlorosis).,
potato,Fertilizer,How can organic fertilizers (FYM compost Green Manure) be used for potato cultivation?,1) FYM/compost: Apply 10-15 tons/acre 15-20 days before planting. Mix thoroughly into soil. 2) Green manuring: Sow guar or dhaincha in July-August incorporate at 50% flowering (45-50 days) - adds 40-50 kg N/acre. 3) Vermicompost: 3-5 tons/acre at planting. Organic sources improve soil health reduce chemical fertilizer need by 25-30% and improve tuber quality.,
potato,Fertilizer,What is the recommended dose of farmyard manure (FYM) for potato in Pakistan?,10-15 tons (200-300 maunds) per acre. Apply well-rotted FYM (6-8 months old) 15-20 days before planting. Spread uniformly and incorporate by cultivation. Fresh FYM should not be used (may contain weed seeds pathogens and cause scab). FYM provides micronutrients improves soil structure and water holding capacity.,
potato,Fertilizer,How does fertilizer application differ for irrigated vs. rainfed potato cultivation?,Rainfed potato is not common (potato needs irrigation). For irrigated: Split N (3 splits) full P and K at planting. Higher N (120 kg/acre) for high yield. For rainfed (limited areas in KPK hills): All fertilizer applied at planting (no top dressing). Lower N (60-80 kg/acre) to avoid vegetative growth exceeding moisture. Band placement for efficiency. Use extra FYM (15-20 tons) for moisture conservation.,
potato,Fertilizer,What are the signs of nitrogen deficiency in potato?,Signs: 1) Pale green to yellow leaves (starting from older leaves). 2) Stunted growth. 3) Thin stems. 4) Small tubers. 5) Premature senescence. 6) Low yield. Remedy: apply urea 15-20 kg/acre as top dressing with irrigation.,
potato,Fertilizer,What are the signs of phosphorus deficiency in potato?,Signs: 1) Dark green or purplish tint on leaves (especially underside). 2) Delayed maturity. 3) Poor root and stolon development. 4) Few small tubers. 5) Reduced tuber set. Remedy: apply DAP or SSP at planting in future crops. Cannot correct after planting.,
potato,Fertilizer,What are the signs of potassium deficiency in potato?,Signs: 1) Yellowing and browning of leaf margins (scorching) starting from older leaves. 2) Leaf curling. 3) Small tubers with poor skin finish. 4) Low specific gravity (watery tubers). 5) Increased disease susceptibility. Remedy: apply SOP at planting. For severe: potassium sulphate foliar spray 0.5%.,
potato,Fertilizer,What are the signs of zinc deficiency in potato?,Signs: 1) Interveinal chlorosis (yellow between green veins) on young leaves. 2) Stunted growth with short internodes. 3) Small distorted leaves (rosette appearance). 4) Poor tuber formation. Remedy: ZnSO4 8-10 kg/acre soil application or foliar spray 0.3% ZnSO4 at 25-30 days.,
potato,Fertilizer,What happens if too much fertilizer (over-dose) is applied to potato?,1) Excess N: Excessive vine growth delayed tuber initiation small tubers more disease (late blight) poor storage. 2) Excess P: Induces Zn deficiency. 3) Excess K: Can cause Mg deficiency. 4) Excess fertilizer (any): Salt injury to roots leaf burn groundwater pollution wasted money. For potato: excess N is the most common problem - leads to hollow heart and poor processing quality.,
potato,Fertilizer,What are the recommended fertilizer products (brand names) available in Pakistan for potato?,1) Urea: Sona Urea Engro Urea Fauji Urea. 2) DAP: Engro DAP Fauji DAP ICI DAP. 3) SOP: Fauji SOP Engro SOP (preferred for potato). 4) MOP: not recommended (chloride damages potato). 5) SSP: Pakarab SSP (good source of P and S). 6) ZnSO4: Fauji Zinc Engro Zinc. 7) Borax: Madak Borax. 8) NPK blends: 12-24-24 15-15-15 (SOP-based).,
potato,Fertilizer,How should urea be applied to potato to avoid losses from volatilization (gas loss)?,1) Apply urea just before irrigation (within 1-2 days) or light rain. 2) Incorporate into soil by light cultivation (2-3 cm depth) if no irrigation. 3) Do not broadcast urea on dry soil without incorporation - ammonia loss up to 30%. 4) Use neem-coated urea (slower release lower loss). 5) Split application (3 splits) reduces loss per application. 6) For potato apply urea between rows (not on foliage).,
potato,Irrigation,How many irrigations does potato require in total during its growing season in Pakistan?,Potato requires 8-12 irrigations depending on soil type and season. Schedule: 1st immediately after planting. 2nd at 5-7 days. Then every 7-10 days in winter every 5-7 days in spring. Critical stages: tuber initiation and bulking. Stop irrigation 10-15 days before harvest. Total water requirement: 500-700 acre-inches.,
potato,Irrigation,When should the first irrigation (Pehl-pani) be given to potato after planting?,First irrigation immediately after planting (same day). This settles soil around tubers and ensures good soil contact. Second irrigation at 5-7 days. Then regular intervals. In hot weather: light irrigation daily for first 3 days after planting.,
potato,Irrigation,What are the critical growth stages of potato that require mandatory irrigation?,Three critical stages: 1) Tuber initiation (40-60 days) - water stress reduces tuber number (30-50% loss). 2) Tuber bulking (60-90 days) - stress reduces tuber size and yield. 3) Sprout emergence (0-20 days) - stress causes poor stand. Avoid stress at these stages. Over-irrigation at maturity causes tuber rot.,
potato,Irrigation,How many days apart should irrigations be given to potato in summer (Kharif) in Pakistan?,Summer potato (Balochistan KPK hills): interval 5-7 days. High temperatures increase evapotranspiration. Light frequent irrigations (2-3 acre-inches) are better than heavy. Use furrow or drip irrigation. Avoid overhead irrigation during foliage growth (promotes late blight).,
potato,Irrigation,How many days apart should irrigations be given to potato in winter (Rabi) in Pakistan?,Winter potato (main crop): interval 10-15 days depending on soil type. Sandy soils: 7-10 days. Loamy soils: 10-12 days. Clay soils: 12-15 days. Cool temperatures (10-20°C) reduce evapotranspiration. Do not over-irrigate - causes tuber rot.,
potato,Irrigation,What is the total water requirement (acre-inches) of potato per crop season?,Total water requirement: 500-700 acre-inches (12-17 million liters per acre). This is equivalent to 8-12 irrigations of 3-4 acre-inches each plus effective rainfall (50-100mm). Potato is sensitive to both drought and waterlogging.,
potato,Irrigation,What irrigation method is suitable for potato in Pakistan — flood furrow drip or sprinkler?,1) Furrow irrigation: Best conventional method - saves water prevents waterlogging reduces tuber rot. 2) Drip irrigation: Excellent for potato - saves 40-50% water increases yield 20-30% reduces disease and allows fertigation. 3) Sprinkler: Good for frost protection and sandy soils but can promote late blight if used excessively. 4) Flood/border strip: Not recommended (causes waterlogging tuber rot).,
potato,Irrigation,How does drip irrigation improve the water use efficiency of potato in Pakistan?,Drip irrigation saves 40-50% water compared to furrow. Benefits for potato: 1) Precise water delivery to root zone. 2) Keeps foliage dry - reduces late blight and early blight. 3) Allows fertigation (water-soluble NPK). 4) Maintains uniform soil moisture - critical for tuber bulking. 5) Reduces weed growth. 6) Increases yield 20-30%. Setup cost: Rs. 120000-150000/acre with 60-80% government subsidy. Highly profitable for potato.,
potato,Irrigation,How should irrigation be managed during the tuber bulking stage of potato?,Tuber bulking (60-90 days) is critical. Management: 1) Maintain uniform soil moisture - do not let soil dry completely. 2) Light irrigations (2-3 acre-inches) rather than heavy. 3) Avoid water stress - causes small tubers and knobby shapes. 4) Avoid over-irrigation - causes tuber rot and hollow heart. 5) Stop irrigation 10-15 days before harvest to allow skins to set.,
potato,Irrigation,What are the signs of water stress (drought) in potato and what is the immediate remedy?,Signs: 1) Wilting during day (leaves droop). 2) Leaf tips turn brown. 3) Stunted growth. 4) Small tubers. 5) Knobby or misshapen tubers. 6) Premature maturity. Immediate remedy: Apply light irrigation (2-3 acre-inches) immediately. Do not apply heavy irrigation after drought (causes tuber cracking). For severe stress: harvest early to salvage.,
potato,Irrigation,What are the signs of waterlogging in potato and how to drain excess water?,Signs: 1) Yellowing of lower leaves. 2) Wilting despite wet soil. 3) Tuber rot (soft foul-smelling). 4) Plant death in patches. 5) Fungal growth on soil surface. Drainage: 1) Immediately stop irrigation. 2) Open drains/furrows to remove standing water. 3) On flat fields: make temporary channels. 4) For future: plant on raised beds (15-20 cm high).,
potato,Fertilizer,How should irrigation be managed after fertilizer application to potato?,After basal fertilizer (at planting): Irrigate immediately. After top dressing urea (30 and 50 days): Irrigate within 2-3 days to incorporate N and prevent ammonia loss. Apply irrigation when leaves are dry (morning). Light irrigation (2-3 inches) is sufficient - heavy irrigation leaches nutrients and causes waterlogging.,
potato,Irrigation,Should potato irrigation be stopped before harvest? How many days before?,Yes stop irrigation 10-15 days before harvest. This allows: 1) Skins to set (periderm formation). 2) Tubers to mature. 3) Prevention of tuber rot during storage. 4) Easier harvesting (soil dries). Late irrigation delays maturity and causes skin peeling (poor storage). For processing varieties: stop 15-20 days before harvest to increase dry matter.,
potato,Irrigation,How does canal water vs. tube well (brackish/salty) water affect potato cultivation in Pakistan?,Canal water: Best for potato - low EC (<1 dS/m) good for all stages. Fresh tube well water (EC <1.2): Acceptable. Brackish/saline tube well water (EC >1.5): Damages potato - causes leaf burn reduced yield tuber rot. Potato is salt-sensitive. If only saline water available: 1) Mix with canal water (1:1). 2) Apply gypsum. 3) Use raised beds. 4) Better to avoid - choose salt-tolerant crops.,
potato,Yield,What is the average yield of potato per acre in Pakistan?,Average yield: 150-200 maunds per acre (6000-8000 kg). Punjab (irrigated): 180-250 maunds. Sindh: 150-200 maunds. KPK: 120-180 maunds. Balochistan: 100-150 maunds. Progressive farmers: 300-400 maunds. National average is below potential due to traditional practices disease and poor seed quality.,
potato,Yield,What is the maximum achievable yield (Potential Yield) of potato per acre under best management in Pakistan?,Potential yield: 450-600 maunds per acre (18000-24000 kg) under optimal conditions (improved variety drip irrigation balanced fertilizer pest/disease control). Research station yields: 500-550 maunds/acre. Progressive farmer yields (processing varieties): 350-450 maunds/acre. Yield gap between average (150 maunds) and potential (500 maunds) is 230% - huge opportunity.,
potato,Yield,What are the main reasons for low potato yield in Pakistan?,1) Low-quality seed (virus-infected degenerated). 2) Late blight disease (30-50% loss). 3) Poor soil fertility (low P K OM). 4) Inadequate irrigation (water stress). 5) Late planting (after Oct 31). 6) Weed competition (30-50% loss). 7) Non-certified seed (poor sprouting). 8) Poor storage leading to seed degeneration.,
potato,Yield,How can a farmer increase the yield of potato from 150 maunds to 400+ maunds per acre?,To increase from 150 to 400+ maunds: 1) Use certified virus-free seed (FD-8-3 Desiree Cardinal). 2) Drip irrigation with plastic mulch (+30% yield). 3) Balanced fertilizer: 120-100-120 NPK + S + Zn + B (+50% yield). 4) Late blight control (7-8 fungicide sprays) (+50% yield protection). 5) Timely planting (Oct 1-15). 6) Raised beds (good drainage). 7) Proper curing and storage. Combined effect: can increase from 150 to 400-500 maunds.,
potato,Yield,How does timely planting affect the final yield of potato in Pakistan?,Each week delay after Oct 15 reduces yield by 5-10%. Oct 1-15 planting: 250-400 maunds/acre. Oct 15-31: 200-300 maunds. Nov 1-15: 120-200 maunds. Nov 15+: 80-120 maunds. Timely planting allows: optimum temperature for tuber initiation (15-20°C) and bulking avoiding late blight peak. Early planting (Aug-Sep) risks heat stress.,
potato,Fertilizer,How does proper fertilizer management (Balanced use) increase the yield of potato?,Balanced NPK (120-100-120 kg/acre) + S + Zn + B increases yield by 50-100% over no fertilizer. Specific gains: N (120 kg) = +40% yield (vine growth). P (100 kg) = +30% yield (tuber initiation). K (120 kg) = +40% yield (tuber size dry matter). S = +20% yield. Zn + B = +15%. Combined effect: can increase from 100 to 300 maunds/acre.,
potato,Irrigation,How does proper irrigation management increase the yield of potato?,Drip irrigation increases yield 20-30% compared to furrow and 40-50% compared to flood. Proper scheduling (no stress at tuber initiation and bulking) can increase yield from 150 to 300 maunds. Critical irrigations: planting establishment tuber initiation and bulking. Over-irrigation causes rot under-irrigation causes small tubers.,
potato,Pesticide,What role does pest and disease control play in increasing potato yield?,Late blight (uncontrolled): 30-50% yield loss (can destroy entire field in 2 weeks). Early blight: 20-30% loss. Aphids: 10-20% loss (plus virus transmission). Combined pest/disease: can cause 80%+ loss. Effective control: 7-8 fungicide sprays + aphicide at ETL = 60-80% yield protection. IPM practices save yield without excessive cost.,
potato,Yield,What are the best agronomic practices recommended by PARC/NARC for high-yield potato production?,PARC/NARC recommendations: 1) Variety: FD-8-3 (heat tolerant) or Desiree. 2) Planting: Oct 1-15 at 45-60 cm × 20-25 cm spacing. 3) Seed: certified virus-free treated with Carbendazim + Imidacloprid. 4) Fertilizer: 120-100-120 NPK + S 25 kg + Zn 8 kg + B 3 kg per acre. 5) Irrigation: drip or furrow 10-12 irrigations. 6) Weed control: Pendimethalin pre + hilling. 7) Late blight control: Mancozeb + Metalaxyl alternating (7-8 sprays). 8) Harvest: at vine senescence.,
potato,Yield,How can improved seed quality (Certified Seed) increase the production of potato in Pakistan?,Certified seed (virus-free) provides: 1) Higher germination (95%+ vs 70-80% farm-saved). 2) Disease-free (no late blight bacterial wilt viruses). 3) Uniform sprouting and maturity. 4) Yield increase: 30-50% over farm-saved seed. Cost: certified seed Rs. 1500-2000/maund vs farm-saved Rs. 800-1000/maund. Available at Punjab Seed Corporation private companies (ICI Syngenta). Using certified seed every 3-4 years is recommended.,
potato,Soil,What role does soil health improvement play in boosting potato yield in Pakistan?,Improved soil health (2-3% organic matter) boosts yield 30-50% through: 1) Better water holding capacity. 2) Higher nutrient availability (especially P K). 3) Improved soil structure (tuber expansion). 4) Beneficial microbes (disease suppression). 5) Reduced scab (low pH). Practices: FYM 10-15 tons/acre green manuring crop rotation minimum tillage.,
potato,Yield,How does the use of growth regulators (Plant Hormones) affect potato yield?,Not commonly used. Research shows: 1) Gibberellic acid (GA3) - breaks dormancy in seed tubers (not for yield). 2) Maleic hydrazide (MH) - sprout inhibitor in storage (not for field yield). 3) Mepiquat chloride - reduces vine growth (not needed). Not recommended for yield increase. Focus on basic agronomy.,
potato,Cultivation,What intercropping or relay cropping strategies can increase income from potato farming?,1) Potato + Onion (4:2 rows) - onion repels pests additional income (Rs. 200000-300000/acre). 2) Potato + Marigold - nematode suppression. 3) Relay cropping: Potato after maize - good rotation. 4) Potato as catch crop after rice. Intercropping land equivalent ratio (LER) >1.4 - more productive than sole cropping.,
potato,Yield,What are the top 5 things a farmer can do to double the yield of potato in Pakistan?,1) Switch to certified virus-free seed (+50% yield). 2) Install drip irrigation (+30-40% yield 50% water saving). 3) Apply balanced fertilizer: 120-100-120 NPK + S + Zn + B (+60% yield). 4) Control late blight with 7-8 fungicide sprays (+50% yield protection). 5) Plant at optimal time (Oct 1-15) (+40% yield). Combined effect: 100-150 maunds to 300-500 maunds (2-3x increase).,
potato,Yield,How can precision agriculture or modern technology improve potato production in Pakistan?,1) Laser land leveling: uniform irrigation saves water 20-30%. 2) Soil testing: precise fertilizer recommendation. 3) Drip irrigation with fertigation: 40-50% water saving 20-30% yield increase. 4) Plastic mulch: weed control moisture conservation earliness. 5) Drone monitoring: detect late blight hotspots early. 6) Mobile apps: pest scouting weather alerts (late blight risk forecasting). Adoption increasing for processing potato.,
potato,Fertilizer,How does climate change affect potato yield in Pakistan and how can farmers adapt?,Climate change impacts: 1) Warmer winters - reduced tuber bulking lower yield. 2) Unpredictable rains - flood/drought. 3) Higher temperatures during tuber formation - small tubers. 4) Increased late blight pressure (humidity). Adaptations: 1) Heat-tolerant varieties (FD-8-3). 2) Shift planting dates (earlier in warm areas). 3) Drip irrigation for water efficiency. 4) Mulching for moisture conservation. 5) Climate-smart practices (raised beds zero-till).,
potato,Diseases,What are the major fungal diseases of potato in Pakistan?,Major fungal diseases: 1) Late blight (Phytophthora infestans) - most destructive. 2) Early blight (Alternaria solani). 3) Fusarium dry rot (Fusarium spp.). 4) Black scurf (Rhizoctonia solani). 5) Powdery scab (Spongospora subterranea). 6) Wart disease (Synchytrium endobioticum) - quarantine. 7) Pink rot (Phytophthora erythroseptica).,
potato,Diseases,What are the major bacterial diseases of potato in Pakistan?,Bacterial diseases: 1) Bacterial wilt (Ralstonia solanacearum) - most destructive. 2) Blackleg and soft rot (Pectobacterium carotovorum Dickeya spp.). 3) Common scab (Streptomyces scabies). Bacterial wilt is quarantine disease in some areas.,
potato,Diseases,What are the major viral diseases of potato in Pakistan?,Major viral diseases: 1) Potato leafroll virus (PLRV) - transmitted by aphids. 2) Potato virus Y (PVY) - most common. 3) Potato virus X (PVX). 4) Potato virus S (PVS). Viruses cause degeneration (reduced yield over generations). Use certified virus-free seed.,
potato,Diseases,How can I identify late blight disease in potato fields?,Late blight (Phytophthora infestans) - most destructive potato disease. Symptoms: 1) Water-soaked spots on leaves that turn brown-black. 2) White fuzzy growth (sporangiophores) on leaf undersides in humid conditions. 3) Dark brown lesions on stems. 4) Tubers develop dark sunken lesions with reddish-brown dry rot. 5) Whole field can be destroyed in 7-10 days. Favored by cool (15-20°C) humid (>90% RH) conditions.,
potato,Diseases,How can I identify early blight in potato and what causes it?,Early blight (Alternaria solani). Causes: Warm (20-30°C) humid conditions stress (N deficiency poor nutrition). Symptoms: 1) Small dark brown to black spots on lower leaves (target-like concentric rings). 2) Yellow halo around spots. 3) Spots enlarge coalesce causing leaf blighting. 4) Tubers develop dark sunken lesions (dry rot). Appears earlier than late blight.,
potato,Diseases,How can I identify bacterial wilt in potato?,Bacterial wilt (Ralstonia solanacearum). Symptoms: 1) Sudden wilting of plants (despite moisture). 2) Leaves remain green but droop. 3) Cut stem oozes white bacterial slime (when placed in water). 4) Vascular tissue turns brown. 5) Tubers rot with foul smell. Favored by warm (25-35°C) wet conditions. Quarantine disease.,
potato,Cultivation,How can I identify common scab in potato?,Common scab (Streptomyces scabies). Causes: High soil pH (>6.5) dry conditions low organic matter. Symptoms: 1) Rough corky raised or pitted lesions on tuber surface. 2) Lesions are brown and scabby. 3) Does not affect yield significantly but reduces market value. 4) More severe on light soils. Control: lower soil pH (5.0-5.5) maintain soil moisture use resistant varieties.,
potato,Cultivation,How can I identify black scurf (Rhizoctonia) in potato?,Black scurf (Rhizoctonia solani). Symptoms: 1) Black hard irregular sclerotia on tuber surface (look like soil stuck). 2) Stem canker at soil line (brown lesions). 3) Stunted plants with purple leaves. 4) Misshapen tubers. Favored by cool wet conditions. Control: seed treatment crop rotation.,
potato,Cultivation,How can I identify Fusarium dry rot in potato?,Fusarium dry rot (Fusarium spp.). Symptoms: 1) Dry sunken wrinkled lesions on tubers (often at wound sites). 2) Internal rot with white/pink mycelium. 3) Tubers shrivel and mummify. 4) In storage spreads from infected to healthy tubers. Favored by mechanical damage during harvest. Control: careful handling seed treatment.,
potato,Cultivation,How can I identify blackleg and soft rot in potato?,Blackleg (Pectobacterium/Dickeya). Symptoms: 1) Black wet rot at stem base extending upward. 2) Plant wilts and dies. 3) Tubers become soft mushy foul-smelling. 4) Rot spreads in storage. Favored by wet conditions and warm temperatures. Control: certified seed good drainage avoid over-irrigation.,
potato,Diseases,What virus diseases affect potato in Pakistan and what are their symptoms?,1) Potato leafroll virus (PLRV): Leaves roll upward become stiff pale yellow. Plants stunted. Tubers small. 2) Potato virus Y (PVY): Leaf mosaic (light and dark green patches) leaf drop stunting. 3) Potato virus X (PVX): Mild mosaic symptomless in some varieties. Viruses are transmitted by aphids and through infected seed tubers. Use certified virus-free seed.,
potato,Diseases,How do diseases spread from one potato plant or field to another?,1) Late blight: Wind-borne sporangia rain splash infected seed tubers. 2) Early blight: Wind and rain splash infected crop debris. 3) Bacterial wilt: Soil-borne infected seed contaminated tools irrigation water. 4) Viruses: Aphids (non-persistent and persistent). 5) Common scab: Soil-borne persists years. Prevention: certified seed crop rotation disease-free debris management aphid control.,
potato,Diseases,What weather conditions (humidity/rain) favor disease development in potato?,Late blight: Cool (15-20°C) high humidity (>90% RH) with free water on leaves (rain dew fog). Early blight: Warm (20-30°C) humid (60-80% RH). Bacterial wilt: Warm (25-35°C) wet soils. Common scab: Dry conditions high pH. Blackleg: Wet warm. Jan-Feb foggy conditions in Punjab favor late blight.,
potato,Diseases,Which regions of Pakistan are most affected by potato diseases and why?,Late blight: Most severe in Punjab (Okara Sahiwal Kasur) and KPK due to cool humid foggy winters. Early blight: Widespread in all areas. Bacterial wilt: More in Sindh and South Punjab (warm wet). Common scab: More in sandy high pH soils. Viruses: All areas - depends on aphid populations. Late blight is the #1 disease.,
potato,Fertilizer,What is the difference between nutrient deficiency symptoms and disease symptoms in potato?,Nutrient deficiency: Symmetrical pattern uniform across field often on older leaves first (N P K) or young leaves (Fe Zn). No pathogen signs. Corrected by fertilizer. Disease: Irregular patches water-soaked spots (late blight) target spots (early blight) white fuzz rot often with pathogen structures. Spreads over time. Fungicides may help.,
potato,Diseases,What fungicides are recommended for controlling late blight in potato in Pakistan?,1) Mancozeb (Dithane M-45) 500g/acre - protectant (preventive). 2) Chlorothalonil (Bravo) 500ml/acre - protectant. 3) Metalaxyl + Mancozeb (Ridomil Gold) 400g/acre - systemic curative. 4) Cymoxanil + Mancozeb (Curzate) 400g/acre. 5) Dimethomorph + Mancozeb (Acrobat) 400g/acre. 6) Fluopicolide + Propamocarb (Infinito) 400ml/acre. 7) Propineb (Antracol) 500g/acre. Apply protectants before disease systemics after appearance.,
potato,Diseases,What fungicides are recommended for controlling early blight in potato?,1) Mancozeb (Dithane M-45) 500g/acre - protectant. 2) Chlorothalonil (Bravo) 500ml/acre. 3) Propiconazole (Tilt) 250ml/acre. 4) Tebuconazole (Folicur) 250ml/acre. 5) Azoxystrobin (Amistar) 200ml/acre. 6) Difenoconazole (Score) 200ml/acre. Apply at first sign of target spots. Repeat every 7-10 days.,
potato,Diseases,What fungicides are recommended for controlling black scurf (Rhizoctonia) in potato?,1) Seed treatment: Carbendazim 100g/100 kg + Thiram 150g/100 kg. 2) Soil application: Trichoderma harzianum 2kg/acre. 3) In-furrow: Azoxystrobin 200ml/acre. 4) Foliar: Penthiopyrad (not common in Pakistan). Prevention is best: use certified disease-free seed.,
potato,Diseases,What bactericides are used for bacterial diseases of potato in Pakistan?,For bacterial wilt and soft rot: 1) Copper oxychloride 400g/acre (preventive). 2) Streptomycin + Tetracycline (Agrimycin) 100g/acre - limited effectiveness. Bactericides are not very effective. Prevention (clean seed drainage rotation) is better. For common scab: no chemical control - manage pH and moisture.,
potato,Diseases,What is the spray schedule for disease management in potato in Pakistan?,Late blight: Start protectant sprays (Mancozeb) at 30 days after planting (before canopy closure). Repeat every 7-10 days. If disease appears switch to systemic (Metalaxyl) for 1-2 sprays then back to protectants. Total 5-7 sprays per season in high-risk areas (Okara Sahiwal). Early blight: Spray when first target spots appear (usually after late blight sprays).,
potato,Diseases,What is the correct dose and method of fungicide application on potato?,1) Calculate field area and required product dose. 2) Use 120-150 liters water per acre. 3) Add fungicide to water while agitating. 4) Use flat fan or hollow cone nozzles. 5) Spray to cover all leaves (both surfaces). 6) For late blight: coverage of lower leaf surface is critical. 7) Spray in morning (6-9 AM). 8) Do not spray when rain expected within 6 hours. 9) Rotate fungicide groups to prevent resistance.,
potato,Diseases,What systemic vs. contact fungicides are recommended for potato?,Systemic (absorbed by plant): Metalaxyl Cymoxanil Dimethomorph Propiconazole Tebuconazole Azoxystrobin - curative (can be used after infection) longer protection (7-10 days). Contact (surface only): Mancozeb Chlorothalonil Copper oxychloride - preventive (must be applied before infection) shorter protection (5-7 days). Strategy: Use protectants early then systemics when disease appears. Alternate both to prevent resistance.,
potato,Pesticide,How often should fungicide be sprayed during the potato growing season?,Depends on disease pressure: Low pressure: 3-4 sprays at 10-14 day interval. Moderate pressure: 5-6 sprays at 7-10 day interval. High pressure (late blight in Punjab): 7-8 sprays at 5-7 day interval. Do not exceed 8 sprays to avoid resistance and cost. Stop spraying 14 days before harvest.,
potato,Diseases,What are the bio-fungicides or organic disease control methods for potato?,1) Trichoderma harzianum (2kg/acre) soil application for Rhizoctonia and Fusarium. 2) Pseudomonas fluorescens (bio-control) for bacterial diseases. 3) Copper oxychloride (organic approved) for late and early blight. 4) Baking soda (1%) + vegetable oil (0.5%) for early blight. 5) Cow urine (10% solution) as foliar spray (traditional). 6) Crop rotation (3-4 years). 7) Resistant varieties (limited for late blight).,
potato,HarvestTime,When is potato ready for harvest in Pakistan?,Potato is ready for harvest in December to March for Rabi crop. Punjab: December 15 to March 15 (early varieties Dec-Jan main Jan-Feb processing Feb-Mar). Sindh: December-January. KPK: March-April. Balochistan: June-August (spring crop). Harvest when vines have senesced (yellow/brown) and skins are set (not peeling when rubbed).,
potato,HarvestTime,What are the visual signs that potato has reached maturity and is ready to harvest?,1) Vines: 70-80% yellow/brown senesced. 2) Skins: Set (not peeling off when rubbed with thumb). 3) Tubers: Firm with variety-specific color. 4) Specific gravity: High (processing). 5) Days after planting: 90-120 days depending on variety. Do not harvest early (skins peel poor storage). Do not delay (over-mature tubers sprout in storage).,
potato,HarvestTime,What is the recommended moisture content of potato at time of harvest?,Harvest when tuber moisture content is 80-85% (for table). For processing (chips/fries): harvest when dry matter is 20-22% (moisture 78-80%). Higher dry matter = better processing. Use specific gravity meter (1.080-1.090 for processing).,
potato,HarvestTime,How is potato harvested in Pakistan — manually or mechanically?,Manual harvesting (dominant): 1) Using khurpa spade or fork to loosen soil. 2) Lift tubers by hand. 3) Labor: 30-40 laborers/acre. Mechanical: Potato harvester (tractor-drawn or self-propelled) - lifts shakes soil and collects. Also use potato digger (elevator) - lifts and windrows for manual pickup. Mechanical reduces labor cost (Rs. 8000-12000/acre).,
potato,HarvestTime,What machinery is used for harvesting potato in Pakistan?,1) Potato harvester (self-propelled) - rare expensive. 2) Potato digger (tractor-drawn) - lifts tubers and windrows. 3) Potato elevator digger - with chain conveyor. 4) Manual tools: khurpa spade garden fork. Most farmers use manual harvesting due to small land holdings. Large farms (Okara Sahiwal) use mechanical harvesters.,
potato,HarvestTime,How should potato be harvested to minimize damage and losses?,1) Harvest when soil is dry (not wet). 2) Use appropriate tools (spade/fork) - insert at angle away from plants. 3) Lift gently - don't throw tubers. 4) Do not drop tubers - bruising leads to rot. 5) Sort in field - separate damaged diseased tubers. 6) Cure in shade (not direct sun). 7) Handle with care. Losses can be 10-15% if mismanaged.,
potato,HarvestTime,What is the correct harvesting time for potato in Punjab?,Punjab: Early varieties (FD-8-3 Multa): December 15-January 15. Main crop (Desiree Cardinal Diamant): January 15-February 15. Processing varieties (Kuroda Lady Rosetta): February 15-March 15. South Punjab: earlier (Dec-Jan). North Punjab: later (Feb-Mar).,
potato,HarvestTime,What is the correct harvesting time for potato in Sindh?,Sindh: December 1 to January 31. Lower Sindh (Hyderabad Mirpurkhas): Dec 1-31. Upper Sindh (Sukkur): Jan 1-31. Warmer climate leads to earlier harvest.,
potato,HarvestTime,What is the correct harvesting time for potato in KPK?,KPK: March 1 to April 30. Peshawar valley: March 15-April 15. Dera Ismail Khan: Feb 15-Mar 31. Higher elevations (Swat Abbottabad): May-June (spring crop).,
potato,HarvestTime,What is the correct harvesting time for potato in Balochistan?,Balochistan: Spring crop (Quetta Pishin): June-July. Summer crop (high valleys): August-September. Plains (Sibi Naseerabad): March-April.,
potato,HarvestTime,What post-harvest activities are done immediately after potato harvest?,1) Curing: Store at 15-20°C 85-90% RH for 10-14 days (heals wounds sets skin). 2) Grading: Sort by size (large >75mm medium 45-75mm small <45mm). 3) Remove damaged diseased green tubers. 4) Washing (for processing). 5) Drying (if washed). 6) Packing: mesh bags crates or jute bags. 7) Storage at 2-4°C (table) or 7-10°C (processing).,
potato,HarvestTime,How long after planting is potato typically harvested in Pakistan?,90-120 days after planting depending on variety and season. Early varieties: 70-85 days. Medium: 85-100 days. Late (processing): 100-120 days. In warm plains: shorter duration (70-90 days). In cool highlands: longer duration (100-120 days).,
potato,HarvestTime,What are the common mistakes farmers make during potato harvesting in Pakistan?,1) Harvesting too early (vines green) - skins peel poor storage. 2) Harvesting too late - over-mature sprouting rot. 3) Harvesting in wet soil - tubers rot. 4) Rough handling - bruising leads to storage rot. 5) Leaving harvested tubers in sun - greening sunburn. 6) Not curing before storage. 7) Mixing damaged with healthy tubers. 8) Not grading - lower market price.,
potato,HarvestTime,How should potato be stored after harvest in Pakistan?,1) Cure: 10-14 days at 15-20°C 85-90% RH (heals wounds). 2) Cool to storage temperature gradually. 3) Store at 2-4°C (table potatoes) or 7-10°C (processing - prevents sweetening). 4) Humidity: 90-95% RH. 5) Ventilation: 0.5-1 air changes per hour. 6) Darkness (prevents greening). 7) Store in mesh bags wooden crates or bulk bins. 8) For long-term: cold storage (commercial).,
potato,HarvestTime,What is the ideal moisture content of potato for safe long-term storage?,Potato is stored fresh (not dried). For storage: tubers should have 78-82% moisture (dry matter 18-22%). For processing: higher dry matter (20-22%) preferred. Do not store wet tubers (rot). Do not store dehydrated tubers (shriveling).,
potato,HarvestTime,What are the major post-harvest losses for potato in Pakistan and how to reduce them?,Major losses: 1) Tuber rot (10-20% in storage) - reduce: proper curing cool storage remove damaged tubers. 2) Sprouting (5-15% after 2-3 months) - reduce: cool storage (2-4°C) sprout inhibitors (CIPC). 3) Mechanical damage (5-10%) - reduce: careful harvesting. 4) Greening (5-10%) - reduce: store in darkness. 5) Weight loss (5-10% from respiration) - reduce: high humidity (90-95%). Total losses can exceed 40% without proper storage.,
potato,HarvestTime,What storage structures or containers are recommended for potato in rural Pakistan?,1) Dark cool well-ventilated room (15-20°C for curing 2-4°C for storage). 2) Mesh bags (plastic or jute) - allows air circulation. 3) Wooden crates (stackable). 4) Bulk storage in pits (traditional - risk of rot). 5) For large scale: cold storage (commercial) - essential for long-term storage (4-6 months). Cold storage facilities available in Okara Sahiwal Kasur Lahore.,
potato,Pesticide,What pest control measures should be taken during potato storage?,For storage: 1) Store only cured undamaged tubers. 2) Keep storage area clean and dark. 3) Maintain 2-4°C (suppresses tuber moth and sprouting). 4) Use pheromone traps for potato tuber moth. 5) Fumigation: Aluminum phosphide (Phostoxin) 2-3 tablets per ton for tuber moth - only by trained person. 6) Apply sprout inhibitor: CIPC (Chlorpropham) as fog or dust. 7) Remove rotting tubers immediately.,
potato,Pesticide,What fumigants or storage pesticides are recommended for potato in Pakistan?,For potato tuber moth in storage: Aluminum phosphide (Phostoxin) - 2-3 tablets per ton. CAUTION: Highly toxic - use trained fumigator only. Seal storage for 5-7 days. Aerate 48 hours before use. For sprout control: CIPC (isopropyl N-(3-chlorophenyl) carbamate) - applied as fog or dust. Not a fumigant. Do not use on seed potatoes.,
potato,HarvestTime,How long can potato be stored without significant quality loss?,At ambient (15-25°C): 1-2 months (sprouting and rot). In cold storage (2-4°C 90-95% RH): 4-6 months for table potatoes. Processing potatoes: store at 7-10°C to prevent sweetening (max 3-4 months). With CIPC sprout inhibitor: up to 8-10 months. For seed potatoes: store at 2-4°C for 4-6 months.,
potato,Diseases,How should potato be cured before storage to prevent mold and fungal growth?,Curing process: 1) After harvest keep tubers in well-ventilated dark place at 15-20°C 85-90% RH. 2) Duration: 10-14 days. 3) Wounds heal (suberization) skins set. 4) Do not wash before curing. 5) After curing remove damaged tubers. 6) Cool to storage temperature gradually (1-2°C per day). 7) For processing: shorter curing (5-7 days).,
potato,Pesticide,What are the signs of spoilage or pest damage in stored potato?,Signs of spoilage: 1) Soft mushy tubers (bacterial rot). 2) Dry shriveled tubers (Fusarium). 3) Black sclerotia (black scurf). 4) Sprouted green shoots. 5) Foul odor. Pest damage: 1) Holes and tunnels (tuber moth larvae). 2) Fine frass (sawdust-like) around tubers. 3) Live larvae or moths. 4) Webbing. Discard severely damaged tubers.,
potato,HarvestTime,What food safety practices should be followed during potato storage and handling?,1) Do not store potatoes with other produce (absorbs odors). 2) Keep storage area clean and rodent-free. 3) Do not consume green potatoes (solanine toxin). 4) Remove sprouted tubers (sprouts contain solanine). 5) Do not use pesticide-treated potatoes for consumption (seed potatoes). 6) Wash hands after handling stored potatoes. 7) For processing use clean undamaged tubers. 8) Follow PHI if field pesticides used.,
potato,Weather,How does frost affect potato and how can farmers protect it in Pakistan?,Potato is frost-sensitive. Frost at -2°C kills foliage. Frost at tuber level (soil temperature <0°C) damages tubers. Protection: 1) Plant after frost risk passes (for spring crop). 2) Irrigate before frost night (water releases heat). 3) Smoke: Burn moist crop residue upwind before dawn. 4) Use frost-tolerant varieties (limited). 5) In Pothwar avoid planting Rabi crop in low-lying frost-prone areas.,
potato,Yield,How does extreme heat (above 30°C) affect potato production in Pakistan?,Potato is cool-season crop. Heat above 28°C: 1) Reduces sprouting (seed tubers rot). 2) Stops tuber initiation (above 28°C). 3) Small misshapen tubers. 4) Increases late blight (warmer nights). 5) Increases aphid and mite damage. Avoid late planting (Nov) that pushes tuber bulking into March-April heat. In Sindh/South Punjab: plant early (Oct 1-15). Use heat-tolerant variety (FD-8-3).,
potato,Weather,How should a farmer manage potato during unexpected heavy rainfall or flooding?,1) Immediately stop irrigation. 2) Ensure drainage: open channels to remove standing water. 3) If waterlogging <24 hours: plants may recover. 4) If >48 hours: tuber rot likely - assess survival. 5) After water recedes: apply fungicide (Mancozeb + Metalaxyl) to prevent late blight. 6) Apply light N (urea 15-20 kg/acre) for recovery. 7) For flooded young crop: may need replanting.,
potato,Weather,What is the effect of fog or cloud cover on potato growth in winter in Pakistan?,Prolonged fog (Dec-Jan in Punjab): 1) Reduces photosynthesis (low light). 2) Increases humidity (promotes late blight). 3) Delays maturity. Management: 1) Wider row spacing (60 cm) for air circulation. 2) Preventive fungicide spray before fog period (Mancozeb). 3) Avoid dense canopy (no excess N). 4) Use disease-resistant varieties (FD-8-3 has moderate tolerance).,
potato,Weather,How does hailstorm damage potato and what can be done after hail?,Hail damage: 1) Bruised stems and leaves (entry point for late blight). 2) Shredded foliage (reduces photosynthesis). 3) Damaged tubers (if near surface). 4) Lodging. After hail: 1) Apply fungicide (Mancozeb + Metalaxyl) immediately to prevent late blight. 2) Light N spray (1% urea) for recovery. 3) If >70% foliage loss: harvest early (tubers may still be usable). 4) Report to agriculture department.,
potato,Irrigation,How should irrigation be adjusted for potato during drought conditions in Pakistan?,During drought: 1) Prioritize critical stages (tuber initiation and bulking) - irrigate these even if skip others. 2) Apply light irrigations (2-3 acre-inches) rather than heavy. 3) Use drip irrigation (most efficient). 4) Irrigate at night - less evaporation. 5) Mulch with crop residue (4-5 tons/acre) to conserve moisture. 6) If only 1 irrigation possible: apply at tuber initiation (maximum yield response).,
potato,Cultivation,What climate-smart practices are recommended for potato farmers in Pakistan?,1) Conservation agriculture: Minimum tillage + residue retention (mulch). 2) Laser land leveling: Saves water. 3) Drip irrigation with plastic mulch (60% subsidy). 4) Weather-based planting decisions (use advisory services). 5) Heat-tolerant varieties (FD-8-3). 6) Agroforestry: Trees on field boundaries reduce wind speed and temperature. 7) Crop diversification: Potato in rotation with climate-resilient crops.,
potato,Cultivation,What is the impact of late monsoon or early monsoon on potato cultivation in Pakistan?,Potato is grown in Rabi (winter) - monsoon (Jul-Sep) does not directly affect growing crop. However: Late monsoon (rains extending into Oct) delays land preparation and planting - causes late planting yield loss. Early monsoon (starting Mar) can damage mature crop (Feb-Mar harvest) causing tuber rot in field. Monitor forecasts and harvest promptly if early rains expected.,
potato,AskingHelp,What government schemes or subsidies are available for potato farmers in Pakistan?,1) Kisan Card: Subsidized fertilizer (Rs. 1000-2000/acre) and seeds. 2) Green Tractor Scheme: 50-70% subsidy. 3) Solar Tube well subsidy: 60%. 4) Drip/Sprinkler irrigation: 60-80% subsidy (PMKSY). 5) Soil testing: Free or Rs. 100/sample. 6) Crop insurance: Premium subsidy (30-50%) under Kisan Package. 7) Cold storage subsidy: 25-30% for construction (under Agriculture Promotion Programme). Contact provincial agriculture department.,
potato,Varieties,Which research institutes in Pakistan have developed improved potato varieties?,1) Ayub Agricultural Research Institute (AARI) Faisalabad - developed FD-8-3 FD-76-67. 2) National Agricultural Research Centre (NARC) Islamabad - evaluation of varieties. 3) Potato Research Station (Okara) - under AARI. 4) Pakistan Agricultural Research Council (PARC) - coordination. 5) Private seed companies (ICI Syngenta Seminis) - import and evaluate processing varieties (Kuroda Lady Rosetta).,
potato,Cultivation,Where can farmers in Pakistan get certified potato seed?,1) Punjab Seed Corporation (PSC) - regional offices in Okara Sahiwal Lahore. 2) Provincial Agriculture Department extension centers. 3) Potato Research Station Okara (direct sale). 4) NARC Islamabad. 5) Private seed companies: ICI Pakistan (Kuroda) Syngenta (Lady Rosetta) Engro. Price: certified seed Rs. 1500-2500/maund. Demand certified seed early (June-Aug) as limited quantity. Use certified seed every 3-4 years.,
potato,AskingHelp,What extension services are available for potato farmers in Pakistan?,"1) Agriculture Department field staff - free advice. 2) Kisan Helpline 0800-15000 (Punjab). 3) SMS advisory services (CropMax Punjab) - late blight alerts. 4) Farmer field schools (FFS). 5) Agriculture extension WhatsApp groups. 6) Mobile apps: ""Agriculture Punjab"" ""Kisan Dost"". 7) Radio/TV programs (Zaraat Nama). 8) Demonstration plots. 9) Potato-specific: Late blight forecasting service (in Okara Sahiwal).",
potato,AskingHelp,What loans or credit facilities are available for potato cultivation in Pakistan?,1) ZTBL - Production loans up to Rs. 60000/acre at markup 10-12%. 2) Bank of Punjab - Kisan Dost scheme. 3) National Bank of Pakistan - Agri loans. 4) Telenor Microfinance Bank - small loans. 5) Kisan Card (Punjab) - cash credit for inputs. Requirements: land ownership/lease record CNIC. Loan covers seed fertilizer pesticides irrigation. Repay after harvest.,
potato,AskingHelp,What agricultural insurance is available for potato crops in Pakistan?,1) PM Crop Insurance Scheme (under Kisan Package) - covers potato (vegetables). 2) Premium: 3-5% of sum insured (farmer pays 50% govt subsidy 50%). 3) Coverage: Yield loss >30% due to drought flood hail late blight pests. 4) Claim: Rs. 30000-60000/acre depending on coverage. 5) Providers: State Life Insurance Takaful Pakistan. Enrollment before planting (Aug-Oct).,
potato,Pesticide,Where can a farmer in Pakistan report disease outbreaks or pest attacks on potato?,1) District Agriculture Office (Extension) - immediate reporting. 2) Plant Protection Department - for locusts/quarantine pests. 3) Kisan Helpline 0800-15000 (Punjab). 4) Agriculture Complaint Cell 0800-30000. 5) Local Agriculture Field Assistant. 6) WhatsApp groups. 7) Potato-specific: Late blight reporting to research station Okara. For late blight outbreak: report early so advisory can be issued.,
potato,AskingHelp,What role does the Provincial Agriculture Department play in supporting potato farmers?,1) Provide extension services (field visits training). 2) Distribute subsidized inputs (certified seed fertilizer). 3) Soil testing facilities. 4) Late blight forecasting and alerts (Punjab). 5) Subsidy administration (Kisan Card drip irrigation cold storage). 6) Organize farmer field days. 7) Link farmers with credit and insurance. 8) Research linkage (recommend improved varieties). 9) Market information. Contact Provincial Director Agriculture (extension wing).,

radish,Cultivation,What is radish and what is its agricultural importance in Pakistan?,Radish (Raphanus sativus) known as Mooli is an important rabi vegetable crop in Pakistan. Its agricultural importance includes: 1) Edible root used fresh in salads (commonly with salt and pepper). 2) Leaves (saag) also consumed. 3) Short duration (40-60 days) fits in multiple cropping systems. 4) High value cash crop (Rs. 40-80/kg in peak season). 5) Medicinal properties (digestive liver health). 6) Export potential to Middle East. 7) Can be grown as catch crop after rice or wheat.,
radish,Cultivation,What are the main growing regions of radish in Pakistan?,Radish is grown throughout Pakistan. Major regions: Punjab: Lahore Kasur Okara Sahiwal Multan Faisalabad Gujranwala Sialkot Rawalpindi Attock. Sindh: Hyderabad Mirpurkhas Sukkur Larkana. KPK: Peshawar Mardan Swat Abbottabad Mansehra. Balochistan: Quetta Pishin Mastung (spring/summer crop). It is grown in both plains and hills.,
radish,Cultivation,What are the climate and temperature requirements for successful cultivation of radish in Pakistan?,Radish prefers cool season. Optimum temperature: 10-20°C for root development. Minimum germination: 5-7°C. High temperature (>25°C) causes pithiness (hollow roots) pungency and bolting (early flowering). Frost tolerance: moderate (down to -2°C). Requires 300-400mm rainfall or irrigation. Long days promote bolting short days favor root growth.,
radish,Cultivation,In which season(s) is radish cultivated in Pakistan (Rabi/Kharif)?,Radish is grown in multiple seasons: 1) Rabi (winter) - main crop: sown September-November harvested October-February. 2) Spring - sown January-February harvested March-April (warmer areas). 3) Summer/Kharif - sown March-April (cool highlands only: Balochistan KPK hills). 4) Autumn - sown August-September.,
radish,HarvestTime,What is the typical crop duration/life cycle of radish from sowing to harvest?,Typical crop duration is 40-60 days depending on variety and season. Early varieties: 30-45 days. Medium: 45-60 days. Late: 60-75 days. In warm conditions: shorter duration (30-40 days). In cool conditions: longer duration (50-60 days).,
radish,Cultivation,What are the growth stages of radish and what happens at each stage?,1) Germination (0-7 days): Seed absorbs water radicle emerges. 2) Seedling (7-15 days): First true leaves taproot begins to swell. 3) Root enlargement (15-35 days): Taproot thickens rapidly (edible root forms). 4) Maturity (35-60 days): Root reaches marketable size leaves senesce. 5) Bolting (if delayed): Flower stalk emerges root becomes pithy (not marketable).,
radish,Cultivation,How does radish contribute to food security and the farming economy in Pakistan?,Radish contributes: 1) Affordable vegetable (Rs. 40-80/kg) for daily consumption. 2) Quick returns (40-60 days) - ideal for small farmers and catch cropping. 3) Generates income (Rs. 150000-300000/acre profit). 4) Leaves as fodder for livestock. 5) Fits in rice-wheat system as a short-duration crop. 6) Export to Middle East. 7) Seed production (radish seed is high value).,
radish,Cultivation,How should land be prepared before sowing radish in Pakistan?,Land should be prepared to fine tilth (seedbed). Sequence: 1) Deep ploughing with disc plough (for long-root varieties). 2) 2-3 cultivations with cultivator. 3) Planking after each cultivation. 4) Laser leveling for uniform irrigation. 5) Raised bed formation (10-15 cm high 60-120 cm wide). 6) Final planking just before sowing. For heavy soils: add 1-2 more cultivations.,
radish,Cultivation,How many ploughings are recommended for land preparation for radish?,4-6 ploughings/tillage passes: 1 deep ploughing + 2-3 cultivator passes + 2 plankings. In heavy clay soils: 5-6 passes. In sandy soils: 3-4 passes. Fine seedbed is critical for uniform germination and root shape.,
radish,Cultivation,What is the role of deep ploughing in radish cultivation?,Deep ploughing (20-25 cm) with disc plough: 1) Breaks hardpan and allows long roots to penetrate. 2) Enhances water infiltration and drainage. 3) Exposes soil pests to predators. 4) Incorporates organic matter. 5) Reduces weed seed bank. Essential for Japanese Long White varieties.,
radish,Cultivation,What is the recommended land leveling (Laser Leveling) method before planting radish?,Laser leveling is recommended. Benefits: 1) Uniform irrigation (prevents waterlogging in low spots). 2) Saves 20-30% irrigation water. 3) Improves germination uniformity. 4) Reduces weed patches. Field leveled to ±1 cm variation. Service cost: Rs. 2000-3000/acre. Subsidy available.,
radish,Cultivation,Should ridges and furrows be made for radish cultivation in Pakistan? How?,Raised beds (ridges and furrows) are recommended for heavy soils and rainy areas. Method: 1) Make raised beds 10-15 cm high 60-120 cm wide (2-4 rows per bed). 2) Furrow depth 10-15 cm. 3) Sow radish on beds. Benefits: prevents waterlogging improves drainage reduces root rot and makes harvesting easier. Essential in clay soils.,
radish,HarvestTime,How should previously harvested crop residue be managed before planting radish?,1) If previous crop was cereal (wheat rice maize): incorporate stubble by shallow ploughing. 2) Avoid planting radish after other brassicas (cabbage cauliflower turnip mustard) - minimum 3-year rotation. 3) Remove or deeply bury radish residues after harvest (disease carryover). 4) For rice stubble: manage with disc harrow + cultivator. 5) Do not burn residue - incorporate for organic matter.,
radish,Irrigation,What pre-sowing irrigation (Raunni) is required for radish land preparation?,"Pre-sowing irrigation (raunni) given 10-15 days before sowing when soil moisture is low. Apply 2-3 acre-inches water. After irrigation: allow soil to reach field capacity then cultivate when moisture at ""good tilth"". Saves 1-2 irrigations during crop growth. Essential for summer sowing.",
radish,Cultivation,What implements and machinery are used for land preparation for radish in Pakistan?,1) Disc plough (deep ploughing). 2) Cultivator (2-3 passes). 3) Disc harrow (clod breaking). 4) Rotavator (fine seedbed - use moderately). 5) Plank (leveling). 6) Laser land leveler. 7) Bed planter/ridger (for raised beds).,
radish,Cultivation,How many days before sowing should land preparation begin for radish?,Start land preparation 10-15 days before sowing. Timeline: Day 1: deep ploughing (if needed). Day 2-5: first cultivation + planking. Day 5-8: second cultivation + planking. Day 8-10: pre-sowing irrigation (if needed). Day 10-12: final cultivation + planking + bed making. Day 12-14: sowing.,
radish,Cultivation,How does land preparation differ for irrigated vs. rainfed radish cultivation?,Rainfed radish is not common (radish needs frequent irrigation). For irrigated: finer seedbed laser leveling raised beds. For rainfed (limited areas): focus on moisture conservation - fewer cultivations (3-4 passes) deep ploughing no pre-sowing irrigation rougher seedbed mulching. Use drought-tolerant varieties (All Season).,
radish,Cultivation,What is the recommended seed rate (kg/acre) for radish in Pakistan?,Recommended seed rate: 4-6 kg per acre for direct sowing. For small-seeded varieties: 3-4 kg/acre. For bold-seeded: 5-6 kg/acre. For round varieties (Red Radish): 4-5 kg/acre. For long varieties (Japanese): 5-6 kg/acre. Use fresh high-germination seed (>80%).,
radish,Cultivation,What is the optimum row spacing and plant spacing for radish in Pakistan?,Row spacing: 30-45 cm (12-18 inches). For long varieties (Japanese): 45 cm. For round varieties (Red): 30 cm. Plant to plant spacing: 5-10 cm (2-4 inches) after thinning. On raised beds: 2-4 rows per bed (60-120 cm bed width). Target plant population: 200000-300000 plants per acre.,
radish,Cultivation,What is the recommended sowing depth for radish seeds in Pakistan?,Sowing depth: 1.5-2.5 cm (0.5-1 inch). In sandy soils: 2.5-3 cm. In heavy soils: 1-1.5 cm. Deeper than 3 cm reduces emergence. Shallower than 1 cm risks drying out. Seed should be placed in moist soil. Cover with fine soil or compost.,
radish,Cultivation,What sowing method is best for radish — broadcast (Chatha) drill dibbling or transplanting?,Drill sowing is best: 1) Uniform depth and spacing. 2) Seed saving (20-30% less seed). 3) Better germination. 4) Easier weed control. 5) Uniform roots (less misshapen). Broadcasting is traditional but inefficient. Transplanting is NOT practiced for radish (taproot sensitive).,
radish,Weather,How should radish be sown after a previous crop (e.g. rice-wheat or cotton-wheat system)?,1) After rice: Allow field to dry (7-10 days). Prepare raised beds. Sow radish Sep-Oct. 2) After cotton/wheat: Conventional tillage with 2-3 cultivations. 3) Ensure no herbicide carryover (pendimethalin can damage radish). 4) Radish as catch crop after wheat harvest (spring crop). 5) Best rotation: maize - radish - wheat.,
radish,Cultivation,Can radish be sown using zero-till or minimum-till techniques in Pakistan?,Zero-till radish is possible but not common. Method: 1) Sow directly into standing stubble (after rice). 2) Use zero-till drill. 3) Benefits: saves 10-15 days moisture conservation. Suitable for rice-radish system. Requires good drainage. Seed rate: increase by 10-15%.,
radish,Cultivation,What equipment or tools are used for sowing radish in Pakistan?,1) Conventional seed drill (most common) - 9-11 row. 2) Vegetable planter (precision). 3) Zero-till drill (for after rice). 4) Manual dibbler (small farms). 5) String and markers for row spacing. Calibrate drill for 4-6 kg/acre seed rate. Row spacing 30-45 cm.,
radish,HarvestTime,What are all the major crop management activities for radish from sowing to harvest?,Timeline: 0-10 days: sowing seed treatment first irrigation. 10-20 days: germination thinning first weeding. 20-30 days: top dressing N second irrigation second weeding root enlargement. 30-45 days: root bulking - irrigation pest monitoring. 45-60 days: maturity - stop irrigation harvest.,
radish,Cultivation,What is the complete activity calendar (timeline) for radish cultivation in Pakistan?,September-October: land preparation (1-15 Sep) sowing (15 Sep-15 Oct). October: germination (1-20 Oct) thinning (15-30 Oct) first weeding (15-30 Oct). November: top dressing N (1-15 Nov) second irrigation (1-15 Nov) second weeding (15-30 Nov). December: root enlargement (1-31 Dec) pest monitoring. January: harvest (1-15 Jan). Spring crop: Feb-Mar.,
radish,Cultivation,When should thinning (Gidai) be done in radish cultivation and how?,Thinning at 10-15 days after sowing when plants are 5-8 cm tall. Method: 1) Remove excess plants to achieve spacing 5-10 cm between plants. 2) Keep healthier vigorous plants. 3) Remove weak diseased and damaged seedlings. 4) Do not disturb roots of retained plants. 5) Irrigate lightly after thinning. Target spacing: 5-10 cm for round varieties 10-15 cm for long varieties.,
radish,Cultivation,When should earthing up be done for radish and why?,Earthing up (adding soil around plants) is generally not required for radish. For long-root varieties: light earthing up at 20-25 days if roots emerge from soil (to prevent greening). Method: pull soil slightly toward plant base (2-3 cm). Not practiced for most radish.,
radish,Cultivation,How should inter-cultivation (Godi) be done in radish fields?,Inter-cultivation (weeding and soil loosening) at 15-20 days and 30-35 days after sowing. Method: 1) Use hand hoe (khurpa) or wheel hoe. 2) Cultivate between rows at 2-3 cm depth (shallow - radish roots are near surface). 3) Avoid damaging roots. 4) Also breaks soil crust removes weeds aerates soil. For large areas: use power weeder.,
radish,Cultivation,What is the process of transplanting radish seedlings (if applicable) and when should it be done?,Transplanting is NOT practiced for radish. Radish is always direct seeded due to taproot sensitivity - transplanting causes forked misshapen roots.,
radish,Cultivation,What is the optimal plant population per acre for radish in Pakistan?,Optimal plant population: 200000-300000 plants per acre (50-75 plants per square meter). For round varieties (Red Radish): 250000-300000 plants/acre. For long varieties (Japanese): 200000-250000 plants/acre (more space). Achieve by: spacing 30-45 cm row × 5-10 cm plant.,
radish,Cultivation,How is gap filling done in radish cultivation if germination is poor?,Gap filling at 7-10 days after sowing. Method: 1) Pre-soak seeds for 2-3 hours (for gap filling only). 2) Dibble 2-3 seeds per gap. 3) After emergence thin to 1 plant per gap. 4) Irrigate lightly after gap filling. 5) If gaps >30%: consider replanting (if early enough).,
radish,Cultivation,When and how should staking or support be provided to radish plants?,Staking is NOT required for radish. Radish is a low-growing root vegetable.,
radish,Cultivation,What is pinching or pruning in radish and when should it be done?,Pinching is NOT practiced for radish. Not applicable.,
radish,Cultivation,How should radish be managed during root enlargement to maximize root quality?,1) Maintain uniform soil moisture (no stress). 2) Apply potassium (K) and boron (B) - improves root firmness and prevents hollowness. 3) Avoid excess N after 25 days (causes forking). 4) Control pests (flea beetles aphids). 5) Ensure good drainage (no waterlogging). 6) Stop irrigation 5-7 days before harvest.,
radish,Cultivation,What is the process of ratooning for radish in Pakistan? Is it recommended?,Ratooning is NOT recommended for radish. Radish does not regrow after harvest. Always sow fresh seed each season.,
radish,Yield,How does crop canopy management improve yield of radish?,Canopy management: 1) Optimum plant population (200000-300000 plants/acre) prevents overcrowding. 2) Proper row spacing (30-45 cm) allows light penetration and air circulation - reduces leaf diseases. 3) Avoid excess N which causes dense canopy. Good canopy = healthy leaves + large roots.,
radish,Cultivation,What field monitoring activities should a farmer do weekly during radish season?,Weekly monitoring: 1) Germination % (first 2 weeks). 2) Plant stand and gaps. 3) Weed presence. 4) Pest scouting: flea beetles (shot holes on leaves) aphids (under leaves) cutworms (seedling damage). 5) Disease signs: downy mildew (yellow patches with fuzz) Alternaria leaf spot (dark spots). 6) Nutrient deficiency symptoms. 7) Soil moisture. Record observations.,
radish,Varieties,What are the most commonly grown varieties of radish in Pakistan?,Commonly grown varieties include: 1) Mooli Desi (local white pungent). 2) Japanese Long White (long root mild). 3) Red Radish (small round red skin). 4) Black Radish (pungent medicinal). 5) Early Mooli (short duration). 6) 40-Day variety (very early). 7) Peshawar Local. 8) All Season (heat tolerant). Traditional varieties yield 150-250 maunds/acre.,
radish,Varieties,What are the improved and recommended varieties of radish approved by Pakistani agricultural research institutes?,Improved varieties approved by PARC/NARC/Ayub Research: 1) Japanese Long White (NARC) - long (30-40 cm) white mild yield 250-300 maunds/acre. 2) Red Radish (Vegetable Research Institute Sahiwal) - round red salad type. 3) Early Mooli (Ayub Research) - 40-45 days small roots. 4) All Season (Ayub Research) - heat tolerant can be grown in summer. 5) Pusa Himani (imported) - white long. 6) Mino Early (hybrid) - very early. 7) White Icicle (imported).,
radish,Varieties,What are the early-maturing medium-maturing and late-maturing varieties of radish available in Pakistan?,Early-maturing (30-45 days): 40-Day variety Early Mooli Mino Early (hybrid). Medium-maturing (45-60 days): Japanese Long White All Season White Icicle. Late-maturing (60-75 days): Black Radish Pusa Himani (winter) Local Desi (winter). Early varieties for summer/autumn late for winter storage.,
radish,Varieties,What high-yielding varieties of radish give the best production in Pakistan?,Highest yielding varieties: 1) Japanese Long White - 250-350 maunds/acre. 2) All Season (heat tolerant) - 200-300 maunds. 3) Early Mooli - 180-250 maunds. 4) Red Radish - 150-200 maunds. 5) White Icicle - 200-250 maunds. Japanese Long White is most popular for high yield.,
radish,Varieties,What are the heat-tolerant radish varieties recommended for hot regions like Sindh and South Punjab?,1) All Season (Ayub Research) - heat tolerant can be grown in summer. 2) Early Mooli - short duration escapes heat. 3) Japanese Long White - moderate heat tolerance if sown early. Key: sow early (Sep 15-Oct 15) to avoid late heat.,
radish,Soil,What type of soil is best suited for growing radish in Pakistan?,Well-drained sandy loam or loamy soil rich in organic matter is best. Deep loose soil (30-45 cm) allows long root development (for Japanese varieties). Avoid heavy clays (roots become misshapen forked) and very sandy soils (poor water holding). pH 6.0-7.0.,loamy
radish,Soil,What is the ideal soil pH range for radish cultivation in Pakistan?,Ideal pH range is 6.0 to 7.0 (slightly acidic to neutral). Radish can tolerate pH 5.5-7.5 but roots become pungent and misshapen below 5.5. At high pH >7.5: increased scab (not common in radish). For best quality roots maintain pH 6.0-6.8.,loamy
radish,Soil,What soil texture (loamy sandy clayey) is most suitable for radish?,Sandy loam and loam are most suitable - provide good drainage aeration and easy root penetration. Sandy soils: produce smaller roots but good for early crop. Clayey soils: problematic - roots become forked hairy misshapen and difficult to harvest.,clay
radish,Soil,Can radish be grown on saline or sodic soils (Kallar) in Pakistan? What are the precautions?,Radish is salt-sensitive (ECe <2 dS/m). Not recommended on saline or sodic soils. If unavoidable: 1) Apply gypsum at 100% GR. 2) Heavy leaching before sowing. 3) Use raised beds. 4) Add FYM 15-20 tons/acre. 5) Use salt-tolerant varieties (none specifically for radish). 6) Better to avoid - choose salt-tolerant crops.,saline
radish,Soil,What soil drainage conditions are required for radish?,Good drainage is essential. Radish is sensitive to waterlogging - standing water causes root rot splitting and poor quality. Raised beds (10-15 cm high) recommended in heavy soils or high rainfall areas. Good drainage also prevents fungal diseases.,clay
radish,Soil,How does soil organic matter content affect the yield of radish?,Higher organic matter (2-3%) improves: 1) Root size and uniformity (no forking). 2) Water holding capacity. 3) Nutrient availability (especially N P). 4) Soil structure (easy root penetration). 5) Flavor (mild not pungent). Every 0.5% increase in OM can boost yield by 10-15 maunds/acre.,loamy
radish,Soil,What soil testing should a farmer do before planting radish in Pakistan?,Essential soil tests: 1) pH and EC (salinity). 2) Organic matter. 3) Available N (NO3-N). 4) Available P (Olsen P). 5) Available K. 6) Boron (B) for sandy soils (prevents hollow roots). Sample depth: 6-9 inches. Send to provincial soil testing lab (free or low cost).,loamy
radish,Soil,How should soil fertility be maintained or improved for repeated cultivation of radish?,1) Crop rotation: radish after cereals (wheat maize) - not after other brassicas (cabbage cauliflower turnip) to avoid disease buildup. 2) Apply FYM/compost 8-10 tons/acre every 2-3 years. 3) Green manuring before radish. 4) Balanced NPK fertilization. 5) Incorporate crop residues (not radish residues - disease risk).,loamy
radish,Soil,What are the signs of poor or unsuitable soil for radish cultivation?,Signs: 1) Water pooling after rain (poor drainage). 2) White salt crust (saline). 3) Forked hairy misshapen roots (compacted or clay soil). 4) Hollow pithy roots (boron deficiency or heat). 5) Stunted plants (N deficiency). 6) Poor germination (crusting).,loamy
radish,Soil,What soil preparation practices improve the structure and health of soil for radish?,1) Deep ploughing (20-25 cm) to loosen soil (for long-root varieties). 2) Add organic matter (FYM 8-10 tons/acre). 3) Green manuring 6-8 weeks before sowing. 4) Gypsum application for sodic soils. 5) Laser leveling for uniform irrigation. 6) Raised bed preparation (10-15 cm high). 7) Avoid excessive tillage (destroys structure).,loamy
radish,SowingTime,When is the best time to sow radish in Punjab Pakistan?,Optimum sowing: Rabi (main crop): September 15 to November 15. Central Punjab: Oct 1-Nov 15. South Punjab: Sep 15-Oct 31. Spring crop: January 15-February 28. Summer crop (highlands only): March-April. Early sowing (Aug) causes pithiness and bolting. Late sowing (Dec) reduces yield.,
radish,SowingTime,When is the best time to sow radish in Sindh Pakistan?,Sindh: Rabi crop: September 15 to November 30. Lower Sindh (Hyderabad Mirpurkhas): Oct 1-Nov 30. Upper Sindh (Sukkur): Sep 15-Oct 31. Spring crop: January 1-February 15. Summer crop not recommended (too hot).,
radish,SowingTime,When is the best time to sow radish in KPK Pakistan?,KPK: Rabi crop: September 1 to October 31. Peshawar valley: Sep 15-Oct 31. Dera Ismail Khan: Sep 15-Oct 15. Spring crop: February-March. Summer crop (high elevations Swat Abbottabad): March-April.,
radish,SowingTime,When is the best time to sow radish in Balochistan Pakistan?,Balochistan: Spring crop (main): February 15 to April 15. Quetta/Pishin: Mar 1-Apr 15. Summer crop (high valleys): April-May. Autumn crop (plains Sibi Naseerabad): September-October.,
radish,SowingTime,When is the best time to sow radish in South Punjab (Multan Bahawalpur DG Khan)?,South Punjab: Autumn crop: September 15 to October 31. For early market: sow Sep 1-15. Avoid sowing after Nov 15 as heat causes pithiness. Spring crop: January 15-February 15.,
radish,SowingTime,What happens if radish is sown too early or too late in Pakistan?,Too early (August-early September): 1) High temperatures (>30°C) cause pithiness (hollow roots). 2) Bolting (early flowering). 3) Pungent bitter roots. 4) Poor quality. Too late (December onward): 1) Slow growth (cold). 2) Small roots. 3) Increased frost damage. 4) Lower yield (30-50% loss).,
radish,SowingTime,How does sowing time affect the yield and quality of radish?,Yield: Each week delay after Oct 15 reduces yield by 5-10%. Optimum Oct sowing gives 200-300 maunds/acre. Late Dec sowing gives 100-150 maunds. Quality: Late sowing produces small roots early sowing causes pithiness and bolting. Temperature >25°C during root development = poor quality.,
radish,Cultivation,What seed treatment (Zahar-alood) should be done before sowing radish in Pakistan?,Seed treatment is recommended: 1) Fungicide for seed-borne diseases (Alternaria Fusarium). 2) Insecticide for early pests (flea beetles cutworms). 3) Bio-priming (optional). Treat seeds 24 hours before sowing. Use 5-10 ml water per kg seed.,
radish,Soil,Which fungicide is recommended for seed treatment of radish to prevent soil-borne diseases?,Recommended fungicides: 1) Carbendazim (Bavistin) 2g per kg seed. 2) Thiram 2.5g per kg seed. 3) Captan 2g per kg. 4) Metalaxyl (Apron) 2g per kg - effective against downy mildew. These control seed-borne Alternaria and damping off.,
radish,Pesticide,Which insecticide is recommended for seed treatment of radish to protect against early pests?,1) Imidacloprid (Confidor) 5ml per kg seed - controls early aphids and flea beetles. 2) Chlorpyrifos 2-3ml per kg - for cutworms and termites. 3) Thiamethoxam (Cruiser) 4ml per kg - broad spectrum.,
radish,Cultivation,What is the process of seed treatment for radish — dose method and timing?,Process: 1) Calculate seed quantity (4-6 kg/acre). 2) Mix required fungicide + insecticide in 30-50ml water per kg seed. 3) Spread seeds on clean polythene sheet. 4) Pour solution gradually while mixing manually (wear gloves). 5) Ensure uniform coating. 6) Dry in shade for 1-2 hours (not direct sun). 7) Sow within 24-48 hours.,
radish,Cultivation,Should radish seeds be soaked in water before sowing? For how long?,Soaking is NOT recommended for radish. Radish seeds are small - soaking causes clumping and difficulty in drilling. Soaked seeds also rot in wet soil. Dry seed treatment followed by direct sowing is best.,
radish,Cultivation,How does seed treatment affect germination rate and early growth of radish?,Seed treatment increases germination from 70-80% (untreated) to 90-95% (treated). Fungicide protects from damping off and seed rot. Insecticide protects from flea beetles and cutworms. Result: uniform stand healthier roots and 15-20% higher yield potential.,
radish,Cultivation,What is bio-priming or microbial seed treatment for radish in Pakistan?,Bio-priming involves treating seeds with beneficial microbes: 1) Azotobacter or Azospirillum (N-fixers) - 1 packet (500g) for 10-15 kg seed. 2) PSB (Phosphorus Solubilizing Bacteria) - 1 packet for 10 kg seed. 3) Trichoderma harzianum (bio-fungicide) - 5g per kg seed. Mix with jaggery solution (50g jaggery in 1L water) as adhesive. Dry in shade. Reduces chemical fertilizer need by 15-25%.,
radish,HarvestTime,How should treated radish seed be stored before sowing?,Treated seeds should be sown within 24-48 hours maximum. Do not store treated seeds for more than 7 days as fungicides degrade. If storage unavoidable: keep in cool dry place (10-15°C) in breathable (not plastic) bags. Never mix treated seeds with untreated seeds.,
radish,Cultivation,What are the safety precautions when doing seed treatment for radish?,1) Wear gloves and mask. 2) Do not eat/drink during treatment. 3) Treat in well-ventilated area. 4) Wash hands thoroughly after treatment. 5) Keep treated seed away from children and livestock. 6) Dispose empty chemical containers properly. 7) Do not use treated seed for consumption.,
radish,Pesticide,What are the major weeds found in radish fields in Pakistan?,Major weeds: Broadleaf: 1) Bathu (Chenopodium album). 2) Maina (Asphodelus tenuifolius). 3) Peeli Buti (Fumaria parviflora). 4) Kandiar (Convolvulus arvensis). Grasses: 1) Wild oat (Avena fatua). 2) Phalaris minor (Dumbi sitti). 3) Cyperus rotundus (Deela). 4) Cynodon dactylon (Khabbal grass).,
radish,Pesticide,What is the critical period of weed competition in radish cultivation?,Critical period: 10 to 35 days after sowing (from emergence to root enlargement). Weeds competing during this period cause 50-80% yield loss. First 25 days are most critical. Keep weed-free during this window. After 35 days radish roots are large and compete better.,
radish,Pesticide,How does weed competition affect the yield of radish in Pakistan?,Weed competition can reduce yield by 50-80%. Heavy infestation: yield drop from 250 maunds to 60-80 maunds/acre. Grassy weeds are most damaging. Weeds compete for: water nutrients (especially N) light and space. Also harbor pests.,
radish,Pesticide,What are the recommended herbicides for weed control in radish in Pakistan?,1) Pre-emergence: Pendimethalin (Stomp) 500-600ml/acre or Trifluralin (Treflan) 400-500ml/acre. 2) Post-emergence (grasses): Quizalofop (Topik) 300ml/acre or Fenoxaprop (Puma) 400ml/acre. 3) Post-emergence (broadleaf): Limited options - manual weeding recommended. DO NOT use 24-D on radish - severe damage.,
radish,Pesticide,What pre-emergence herbicides are used for radish weed control?,Pre-emergence (apply within 3 days of sowing before weed emergence): 1) Pendimethalin (Stomp) 500-600 ml/acre - effective on grasses and small-seeded broadleaf weeds. 2) Trifluralin (Treflan) 400-500 ml/acre - incorporate into top 5-8 cm soil before sowing. Apply on moist soil. Do not use on sandy soils (leaching risk).,
radish,Pesticide,What post-emergence herbicides are used for radish weed control?,Post-emergence (apply at 15-20 days after sowing): For grassy weeds: Quizalofop ethyl (Topik) 300ml/acre or Fenoxaprop (Puma) 400ml/acre. For broadleaf weeds: no selective herbicide - manual weeding required. DO NOT use 24-D or MCPA on radish (causes severe leaf distortion and root malformation).,
radish,Pesticide,What is the correct dose and timing of herbicide application in radish?,Pendimethalin: 500-600 ml/acre within 3 days of sowing. Quizalofop: 300ml/acre at 15-20 days for grass weeds. Use 100-120 liters water/acre. Flat fan nozzle. Apply in morning when no wind/rain. Do not spray after root enlargement (30 days).,
radish,Pesticide,How should manual weeding be done in radish fields?,Manual weeding: 1st weeding at 10-15 days (after thinning). 2nd weeding at 25-30 days (before root enlargement). Method: 1) Use khurpa (hand hoe) carefully - radish roots are shallow. 2) Cut weeds just below soil surface. 3) Remove weeds from field. 4) Be careful not to damage roots. 5) Weeding also aerates soil. Labor: 20-30 person-days/acre for two weedings.,
radish,Pesticide,How many manual weedings are recommended for radish cultivation in Pakistan?,Two manual weedings are recommended: 1st at 10-15 days after sowing. 2nd at 25-30 days after sowing. In low weed pressure: one weeding at 15-20 days may suffice. In heavy weed infestation: two weedings + pre-emergence herbicide.,
radish,Pesticide,What mechanical methods can be used for weed control in radish?,1) Wheel hoe (hand-operated) - for row spacing 30-45 cm. 2) Power weeder (tractor-operated) - for large fields (set to shallow depth 2-3 cm). Mechanical weeding at 15-20 days. Shallow depth critical to avoid root damage. Followed by manual removal of intra-row weeds.,
radish,Pesticide,How can mulching help control weeds in radish cultivation?,Mulching is effective for radish: 1) Straw mulch (wheat/rice) at 3-4 tons/acre applied after sowing suppresses weeds. 2) Reduces weed germination by blocking light. 3) Also conserves soil moisture. 4) Plastic mulch (black) - effective but costly (Rs. 20000-25000/acre). For early radish plastic mulch increases soil temperature and earliness.,
radish,Pesticide,What safety precautions should be taken when applying herbicides to radish?,1) Wear PPE (gloves mask goggles). 2) Read label instructions. 3) Calibrate sprayer correctly. 4) Do not spray on windy days. 5) Avoid application before rain. 6) Clean equipment thoroughly. 7) Dispose containers properly. 8) Observe pre-harvest interval (PHI - usually 30 days). 9) Do not enter field for 24 hours after spraying. 10) NEVER use 24-D on radish.,
radish,Pesticide,What are the major insect pests of radish in Pakistan?,Major pests: 1) Flea beetle (Phyllotreta spp.) - most damaging on seedlings. 2) Aphids (Lipaphis erysimi Myzus persicae). 3) Cutworm (Agrotis spp.) - seedling stage. 4) Armyworm (Spodoptera exigua). 5) Leaf miner (Liriomyza spp.). 6) Cabbage white butterfly (Pieris brassicae) - caterpillar. 7) Whitefly (Bemisia tabaci).,
radish,Pesticide,What is the economic threshold level (ETL) for major pests of radish in Pakistan?,Flea beetle: 5-10% leaf area damaged or 2-3 beetles per plant. Aphids: 20-30 per plant. Cutworm: 2-3 cut seedlings per square meter. Armyworm: 3-4 larvae per square meter. Cabbage caterpillar: 5-10% leaves eaten. Spray only when ETL reached.,
radish,Cultivation,How can I identify flea beetle damage on radish?,Flea beetle (small jumping beetles). Damage: 1) Small round holes (shot holes) on leaves. 2) Severe: leaves become skeletonized. 3) Seedlings can be killed. Identification: Tiny (2-3mm) black or striped beetles that jump when disturbed. Most active in hot dry weather.,
radish,Pesticide,What damage does the stem borer cause to radish and how to identify it?,Stem borer is NOT a major pest of radish. Cutworms and flea beetles are more important.,
radish,Pesticide,What damage does the fruit borer cause to radish and how to identify it?,Fruit borer is NOT a pest of radish (radish has no fruit - root is eaten). Not applicable.,
radish,Cultivation,What damage does the leaf miner cause to radish and how to identify it?,Leaf miner (Liriomyza spp.) - occasional. Damage: Larvae tunnel between leaf surfaces creating winding white mines. Identification: Blistered appearance white serpentine trails on leaves. Severely mined leaves turn yellow and drop. Control: Remove affected leaves. Cyromazine or Abamectin if severe.,
radish,Pesticide,What damage do armyworms / cutworms cause to radish seedlings in Pakistan?,Cutworms: Larvae cut seedlings at ground level at night. Damage: Plants fall over as if cut by knife. Patchy missing plants. Armyworms: Defoliation - skeletonized leaves. Identification: Larvae curled (C-shape) when disturbed in soil near damaged plants. Control: Chlorpyrifos drench around base.,
radish,Pesticide,What damage does the whitefly cause to radish and how to identify infestation?,Whitefly damage: 1) Suck sap causing yellowing and stunting. 2) Honeydew leads to sooty mold. 3) Vector of viruses (not common). Identification: Tiny white moths fly up when plant disturbed. Yellow sticky traps. Lower leaf yellowing.,
radish,Pesticide,What damage does the red spider mite cause to radish and when does it appear?,Red spider mite (Tetranychus spp.) - appears in dry hot conditions. Damage: Stippling (tiny yellow/white spots) on leaves. Severe: leaves turn bronze/brown and dry. Fine webbing on leaves. Identification: Tiny red dots visible with hand lens. Control: Abamectin or Fenpyroximate.,
radish,Pesticide,How do locusts and grasshoppers damage radish in Pakistan?,Locusts and grasshoppers: 1) Defoliation - eat leaves. 2) Can completely destroy crop. Identification: Presence of insects. Droppings on leaves. Control: Chlorpyrifos or Deltamethrin.,
radish,Pesticide,What are the signs of termite infestation in radish fields?,Signs: 1) Dried dead plants that pull out easily with no roots. 2) Mud tubes on stems. 3) Hollowed roots. 4) White/cream insects inside roots. More common in rainfed areas. Control: Chlorpyrifos seed treatment or soil drench.,
radish,Pesticide,What are the signs of nematode infestation in radish roots in Pakistan?,Root knot nematode (Meloidogyne spp.): Signs: 1) Galls (swellings) on roots. 2) Stunted yellow plants. 3) Wilting during day. 4) Poor root quality (forked knobby). More common in sandy soils. Control: Crop rotation (with marigold) soil solarization.,
radish,Pesticide,How does the pest population in radish vary across different regions of Pakistan?,Flea beetles: Severe in all areas especially in hot dry conditions. Aphids: More in Pothwar and KPK (cooler). Cutworms: Problem in rainfed areas. Whitefly: More in Sindh and South Punjab. Nematodes: More in sandy soils.,
radish,Pesticide,What pests are more severe for radish during the Kharif season?,Summer radish (high altitude only): 1) Flea beetles (very severe). 2) Aphids. 3) Whitefly. 4) Red spider mite (dry periods).,
radish,Pesticide,What pests are more severe for radish during the Rabi season?,Rabi (winter) pests: Aphids (moderate to severe Nov-Mar). Flea beetles (less active in cool weather). Cutworms (Nov-Dec on seedlings). Cabbage white butterfly (caterpillars in spring).,
radish,Pesticide,What pesticides are recommended for controlling flea beetles in radish in Pakistan?,1) Imidacloprid (Confidor) 250ml/acre. 2) Thiamethoxam (Actara) 80g/acre. 3) Carbaryl (Sevin) 400g/acre. 4) Lambda-cyhalothrin 250ml/acre. 5) Spinosad 80ml/acre. Spray when shot holes appear. Repeat after 7-10 days if needed. For organic: neem oil 2-3 L/acre.,
radish,Pesticide,What pesticides are recommended for controlling aphids in radish in Pakistan?,1) Imidacloprid (Confidor) 250ml/acre. 2) Thiamethoxam (Actara) 80g/acre. 3) Acetamiprid 200g/acre. 4) Dimethoate (Rogor) 400ml/acre. 5) Malathion 500ml/acre. Natural: Neem oil.,
radish,Pesticide,What pesticides are recommended for controlling whitefly in radish in Pakistan?,1) Imidacloprid 250ml/acre. 2) Pyriproxyfen (Planter) 200ml/acre. 3) Buprofezin (Applaud) 300g/acre. 4) Diafenthiuron (Polo) 300ml/acre. Add mineral oil (300ml/acre) as adjuvant.,
radish,Pesticide,What pesticides are recommended for controlling cabbage caterpillar (Pieris) in radish?,1) Spinosad (Tracer) 80ml/acre - most effective. 2) Emamectin benzoate 200ml/acre. 3) Chlorantraniliprole (Coragen) 60ml/acre. 4) Lambda-cyhalothrin 250ml/acre. 5) Bt kurstaki (bio-pesticide).,
radish,Pesticide,What pesticides are recommended for controlling cutworm/armyworm in radish seedlings?,1) Chlorpyrifos (Lorsban) 800ml/acre - soil drench. 2) Lambda-cyhalothrin 250ml/acre - evening spray. 3) Carbaryl (Sevin) 400g/acre. 4) Bait: bran + Carbaryl.,
radish,Pesticide,What pesticides are recommended for controlling leaf miner in radish in Pakistan?,1) Cyromazine (Trigard) 150g/acre. 2) Abamectin 200ml/acre. 3) Spinosad 80ml/acre. Spray when first mines appear.,
radish,Pesticide,What pesticides are recommended for controlling red spider mite in radish in Pakistan?,1) Abamectin (Kingmit) 200ml/acre. 2) Fenpyroximate (Ortus) 250ml/acre. 3) Spiromesifen (Oberon) 300ml/acre. 4) Sulfur 80% WP 500g/acre. DO NOT use pyrethroids.,
radish,Pesticide,What is the recommended dose and spray schedule for pesticide application on radish?,Flea beetles: Spray when shot holes appear (10-15 days after sowing). Repeat after 7-10 days. Aphids: Spray when 20-30/plant. Use 100-120 L water/acre. Rotate pesticides every 10-14 days. Stop spraying 14 days before harvest (PHI).,
radish,Pesticide,How should pesticides be mixed and applied correctly for radish pest control?,1) Fill spray tank 1/3 with clean water. 2) Add required pesticide dose (measure accurately). 3) Add adjuvant/wetter if recommended. 4) Fill to full volume while agitating. 5) Calibrate sprayer for 100-120 L/acre. 6) Use flat fan or hollow cone nozzles. 7) Spray in morning (6-9 AM) or evening (4-7 PM). 8) Avoid windy/rainy conditions. 9) Clean sprayer after use.,
radish,Pesticide,What is the pre-harvest interval (PHI) for pesticides used on radish in Pakistan?,Common PHI: Imidacloprid: 14 days. Spinosad: 7 days. Emamectin: 14 days. Chlorpyrifos: 15 days. Lambda-cyhalothrin: 14 days. For radish (root vegetable) follow minimum PHI strictly. Do not harvest before PHI.,
radish,Pesticide,What are the bio-pesticides or organic alternatives for pest control in radish?,1) Neem oil (Azadirachtin) 1% - 2-3 L/acre for flea beetles and aphids. 2) Spinosad (bio-origin) for caterpillars. 3) Bt kurstaki for cabbage butterfly. 4) Garlic-chili extract. 5) Yellow/blue sticky traps. 6) Diatomaceous earth (for flea beetles).,
radish,Pesticide,How can pheromone traps be used for pest monitoring in radish fields?,For cutworm: Use pheromone lures in delta traps (1 trap per 2 acres). Place traps at canopy height (20-30 cm). Check daily for moth catch. Spray when catch exceeds threshold. Not available for flea beetles or aphids.,
radish,Pesticide,What safety equipment should a farmer wear while spraying pesticide on radish?,1) Chemical-resistant gloves. 2) Face shield or goggles. 3) Respirator (N95). 4) Long-sleeved shirt and pants. 5) Apron or coverall. 6) Rubber boots. 7) Hat. Wash PPE after use. Shower after spraying.,
radish,Pesticide,What should a farmer do if accidental pesticide poisoning occurs during radish spraying?,1) Remove person from contaminated area. 2) Remove contaminated clothing. 3) Wash skin with soap and water for 15 minutes. 4) If swallowed: Do not induce vomiting (unless label says) - give water. 5) If inhaled: Move to fresh air. 6) Take pesticide container to hospital. 7) Seek immediate medical attention.,
radish,Pesticide,How should pesticide resistance be managed in radish pests in Pakistan?,1) Rotate pesticides with different modes of action (IRAC groups). 2) Do not use same pesticide group repeatedly. 3) Spray only when ETL reached. 4) Use recommended doses. 5) Integrate biological controls. 6) Use pheromone traps for monitoring.,
radish,Pesticide,When is the best time of day (morning/evening) to spray pesticide on radish?,Best time: Early morning (6-9 AM) or late evening (4-7 PM). Reasons: 1) Bees less active. 2) Temperature moderate. 3) Less evaporation. 4) Lower wind speeds. Avoid mid-day heat strong wind rain expected.,
radish,Pesticide,What integrated pest management (IPM) practices are recommended for radish in Pakistan?,IPM components: 1) Crop rotation (3-4 years with non-brassicas). 2) Clean seed (certified disease-free). 3) Balanced fertilizer (no excess N). 4) Proper spacing for air circulation. 5) Monitoring (weekly scouting). 6) Economic thresholds. 7) Biological control (conserve predators). 8) Selective pesticides. 9) Sanitation (remove crop debris).,
radish,Pesticide,How can crop rotation help reduce pests and diseases in radish cultivation?,Crop rotation breaks pest/disease cycles: 1) Radish after cereals (wheat maize) - not after other brassicas (cabbage cauliflower turnip mustard) to avoid Alternaria black rot and flea beetles. 2) Minimum 3-4 years between brassica crops. 3) Improves soil health. Sample rotation: Wheat - radish - maize - wheat.,
radish,Varieties,How does selection of disease-resistant radish varieties reduce losses in Pakistan?,Resistant varieties are limited. Japanese Long White has moderate tolerance to Alternaria. All Season has heat tolerance. Using tolerant varieties reduces need for fungicide sprays and gives better yield.,
radish,Pesticide,What cultural practices help prevent pest attacks on radish?,1) Timely sowing (Oct 1-15) - avoids peak flea beetle season. 2) Avoid excess nitrogen (lush growth attracts aphids). 3) Proper spacing (30-45 cm) - air circulation reduces downy mildew. 4) Weed control (weeds host pests). 5) Remove crop debris after harvest. 6) Deep ploughing in summer. 7) Balanced irrigation.,
radish,Diseases,How does field sanitation (removing crop debris) prevent disease in radish?,1) Removes Alternaria-infected plant material. 2) Reduces black rot survival structures. 3) Removes volunteer plants (alternative hosts). 4) Destroys pest hiding places. Practice: After harvest collect and burn or deep plough radish stubble.,
radish,Pesticide,How can border cropping or trap cropping reduce pests in radish fields?,Border crop: Surround radish field with 2-3 rows of wheat or mustard. Wheat acts as barrier for flea beetles. Trap cropping: Sow mustard or turnip on borders - these attract flea beetles away from radish. When border crop infested spray only the border.,
radish,Pesticide,What beneficial insects should be protected to help control pests in radish?,Beneficial insects: 1) Ladybird beetles - eat aphids. 2) Lacewings - eat aphids and eggs. 3) Syrphid flies - larvae eat aphids. 4) Parasitic wasps - parasitize aphids and caterpillars. 5) Ground beetles - eat cutworms. Avoid broad-spectrum insecticides.,
radish,Irrigation,How does proper irrigation management reduce disease risk in radish?,1) Avoid over-irrigation - reduces humidity and downy mildew. 2) Drip/furrow irrigation - keeps foliage dry. 3) Irrigate in morning - leaves dry by evening. 4) Avoid waterlogging - reduces root rot. 5) Stop irrigation before harvest. Wet foliage + cool nights = disease.,
radish,Fertilizer,How does proper fertilizer management help prevent disease in radish?,1) Balanced NPK (not excess N) - excess N causes lush growth dense canopy more disease. 2) Adequate P and K - strengthen cell walls. 3) Apply K - reduces disease severity. 4) Boron - prevents hollow roots. Soil test before fertilization.,
radish,Pesticide,What is the role of light traps and pheromone traps in radish pest management?,Light traps: Attract night-flying pests (cutworm moths). Place 1 trap per 2 acres. Operate dusk to dawn. Pheromone traps: Species-specific (cutworm). Check daily. Spray when catch exceeds threshold. Monitoring tools.,
radish,Pesticide,How should radish fields be monitored regularly to catch pest/disease problems early?,Weekly monitoring: 1) Walk in W pattern. 2) Check 10-20 random plants. 3) Flea beetles: look for shot holes. 4) Aphids: check young leaves. 5) Diseases: look for spots fuzz V-shaped lesions. 6) Record observations. 7) Check field borders first. 8) Act when thresholds reached.,
radish,Cultivation,What are the early warning signs that a radish field needs immediate intervention?,1) Flea beetles: Shot holes on >20% leaves. 2) Aphids: >20 per plant. 3) Alternaria: Spots on >10% leaves. 4) Downy mildew: Yellow patches with fuzz. 5) Cutworms: >5% seedlings cut. 6) Black rot: V-shaped yellow lesions. Don't wait.,
radish,Pesticide,How does intercropping reduce pest and disease pressure in radish?,Intercropping radish with carrot or onion reduces flea beetle and aphid colonization. Intercropping pattern: 4 rows radish + 2 rows carrot. Benefits: 20-30% reduction in pests + additional income.,
radish,Cultivation,What quarantine or phytosanitary measures apply to radish planting material in Pakistan?,1) Certified seed from Punjab Seed Corporation is disease-tested. 2) Imported radish seed requires phytosanitary certificate. 3) Prohibited: Seed from fields with black rot. 4) Local movement: No restrictions but recommended to use certified seed.,
radish,Fertilizer,What are the recommended fertilizers for radish cultivation in Pakistan?,Recommended fertilizers: 1) Nitrogen: Urea (46% N) or CAN (26% N). 2) Phosphorus: DAP (18-46-0) or SSP (18% P2O5 + 12% S). 3) Potassium: SOP (50% K2O + 18% S) or MOP (60% K2O). 4) Micronutrients: Boron (Borax) - critical for preventing hollow roots. 5) Organic: FYM 8-10 tons/acre.,
radish,Fertilizer,What is the recommended NPK dose per acre for radish in Pakistan?,Recommended NPK: 40-50 kg N + 40-50 kg P2O5 + 40-50 kg K2O per acre. In kg/acre: N=40-50 P=40-50 K=40-50. For low fertility soils: N=50 P=50 K=50. For high fertility soils: N=40 P=40 K=40. Boron: 1-2 kg/acre (borax). Adjust based on soil test.,
radish,Fertilizer,What is the recommended dose of nitrogen (N) fertilizer for radish in Pakistan?,40-50 kg N per acre. This equals: Urea 85-110 kg (1.7-2.2 bags) per acre OR CAN 150-195 kg per acre. Apply N in 2 splits: 1/2 at sowing 1/2 at 20-25 days (root enlargement). On sandy soils: split into 3 applications.,
radish,Fertilizer,What is the recommended dose of phosphorus (P) fertilizer for radish in Pakistan?,40-50 kg P2O5 per acre. This equals: DAP 85-110 kg (1.7-2.2 bags) OR SSP 220-280 kg per acre. Apply full dose at sowing (basal). Phosphorus is critical for root development and quality. On P-deficient soils increase to 55-60 kg.,
radish,Fertilizer,What is the recommended dose of potassium (K) fertilizer for radish in Pakistan?,40-50 kg K2O per acre. This equals: MOP 65-85 kg (1.3-1.7 bags) OR SOP 80-100 kg per acre. Apply full dose at sowing (basal). Potassium improves: root size crispness flavor and storage quality.,
radish,Fertilizer,When and how should the first dose of fertilizer (Basal Dose) be applied to radish?,Basal dose applied at sowing time: 1) Full P and K + 1/2 of N. 2) Apply in furrow 3-5 cm below and 2-3 cm to side of seed row. 3) If broadcasting: mix into top 5-10 cm soil during final cultivation. 4) Do not place fertilizer in direct contact with seeds (can damage germination).,
radish,Cultivation,When and how should the second and subsequent doses (Top Dressing) be applied to radish?,Top dressing: Apply remaining 1/2 N at 20-25 days after sowing (root enlargement stage). Method: Broadcast urea evenly between rows. Apply just before irrigation or light rain. Avoid application when leaves are wet (causes leaf burn). Do not apply N after 30 days (causes forking).,
radish,Fertilizer,What is the role of boron (B) fertilizer in radish cultivation in Pakistan?,Boron is critical for radish. Role: 1) Prevents hollow root (pithiness). 2) Improves root firmness and quality. 3) Enhances sugar content (sweetness). Deficiency: hollow roots cracking brown spots. Apply borax (11% B) 1-2 kg/acre at sowing (mix with fertilizer). Do not exceed 3 kg - boron toxicity. Foliar spray 0.1% boric acid at 20 days. Important in sandy and alkaline soils.,
radish,Fertilizer,What is the role of zinc (Zn) fertilizer in radish cultivation in Pakistan?,Zinc is essential for: 1) Auxin synthesis (IAA) for growth. 2) Root development. Deficiency symptoms: stunted growth small leaves poor root formation. Apply ZnSO4 5-8 kg/acre at sowing (mix with basal fertilizer). Foliar spray 0.3% ZnSO4 at 15-20 days for quick correction. Common in alkaline calcareous soils.,
radish,Soil,What micronutrient deficiencies are commonly observed in radish in Pakistani soils?,Common deficiencies: 1) Boron (B) - most common (hollow roots cracking). 2) Zinc (Zn) - in calcareous soils (stunted growth). 3) Iron (Fe) - in high pH soils (interveinal chlorosis). 4) Manganese (Mn) - in organic matter deficient soils.,
radish,Fertilizer,How can organic fertilizers (FYM compost Green Manure) be used for radish cultivation?,1) FYM/compost: Apply 8-10 tons/acre 15-20 days before sowing. Mix thoroughly into soil. 2) Green manuring: Sow guar or dhaincha in July-August incorporate at 50% flowering (45-50 days) - adds 40-50 kg N/acre. 3) Vermicompost: 2-3 tons/acre at sowing. Organic sources improve soil health reduce chemical fertilizer need by 25-30% and improve root quality.,
radish,Fertilizer,What is the recommended dose of farmyard manure (FYM) for radish in Pakistan?,8-10 tons (160-200 maunds) per acre. Apply well-rotted FYM (6-8 months old) 15-20 days before sowing. Spread uniformly and incorporate by cultivation. Fresh FYM should not be used (may cause forked roots). FYM provides micronutrients improves soil structure and water holding capacity.,
radish,Fertilizer,How does fertilizer application differ for irrigated vs. rainfed radish cultivation?,Rainfed radish is not common. For irrigated: Split N (2 splits) full P and K at sowing. For rainfed (limited areas): All fertilizer applied at sowing (no top dressing). Lower N (30-35 kg/acre) to avoid vegetative growth exceeding moisture. Band placement for efficiency. Use extra FYM (10-12 tons) for moisture conservation.,
radish,Fertilizer,What are the signs of nitrogen deficiency in radish?,Signs: 1) Pale green to yellow leaves (starting from older leaves). 2) Stunted growth. 3) Small thin roots. 4) Poor quality. Remedy: apply urea 10-15 kg/acre as top dressing with irrigation.,
radish,Fertilizer,What are the signs of phosphorus deficiency in radish?,Signs: 1) Dark green or purplish tint on leaves. 2) Delayed maturity. 3) Poor root development (thin small roots). 4) Reduced yield. Remedy: apply DAP or SSP at sowing in future crops.,
radish,Fertilizer,What are the signs of potassium deficiency in radish?,Signs: 1) Yellowing and browning of leaf margins (scorching). 2) Small roots with poor flavor. 3) Increased disease susceptibility. Remedy: apply MOP or SOP at sowing.,
radish,Fertilizer,What are the signs of boron deficiency in radish?,Signs: 1) Hollow pithy roots (internal browning). 2) Root cracking. 3) Poor root shape. 4) Bitter taste. Remedy: apply borax 1-2 kg/acre at sowing or foliar spray 0.1% boric acid at 20 days.,
radish,Fertilizer,What are the signs of zinc deficiency in radish?,Signs: 1) Interveinal chlorosis (yellow between green veins) on young leaves. 2) Stunted growth. 3) Small distorted leaves. 4) Poor root formation. Remedy: ZnSO4 5-8 kg/acre soil application or foliar spray 0.3% ZnSO4 at 15-20 days.,
radish,Fertilizer,What happens if too much fertilizer (over-dose) is applied to radish?,1) Excess N: Excessive leaf growth small roots delayed maturity hollow roots more disease. 2) Excess P: Induces Zn deficiency. 3) Excess K: Can cause Mg deficiency. 4) Excess boron (>3 kg/acre): toxicity (leaf burn). For radish: excess N is the most common problem - leads to forked hairy roots. Always follow recommended doses.,
radish,Fertilizer,What are the recommended fertilizer products (brand names) available in Pakistan for radish?,1) Urea: Sona Urea Engro Urea Fauji Urea. 2) DAP: Engro DAP Fauji DAP ICI DAP. 3) SSP: Pakarab SSP (good source of P and S). 4) SOP: Fauji SOP Engro SOP. 5) MOP: Engro MOP FFC MOP. 6) ZnSO4: Fauji Zinc Engro Zinc. 7) Borax: Madak Borax.,
radish,Fertilizer,How should urea be applied to radish to avoid losses from volatilization (gas loss)?,1) Apply urea just before irrigation (within 1-2 days) or light rain. 2) Incorporate into soil by light cultivation (2-3 cm depth) if no irrigation. 3) Do not broadcast urea on dry soil without incorporation - ammonia loss up to 30%. 4) Use neem-coated urea. 5) Split application (2 splits) reduces loss per application.,
radish,Irrigation,How many irrigations does radish require in total during its growing season in Pakistan?,Radish requires 6-10 irrigations depending on soil type and season. Schedule: 1st immediately after sowing. 2nd at 5-7 days. Then every 5-7 days in summer every 7-10 days in winter. Critical: root enlargement stage (20-35 days). Stop irrigation 5-7 days before harvest. Total water requirement: 300-500 acre-inches.,
radish,Irrigation,When should the first irrigation (Pehl-pani) be given to radish after sowing?,First irrigation immediately after sowing (same day). This ensures good seed-soil contact and uniform germination. Second irrigation at 5-7 days. In hot weather: light irrigation daily for first 3 days.,
radish,Irrigation,What are the critical growth stages of radish that require mandatory irrigation?,Two critical stages: 1) Germination (0-10 days) - water stress causes poor stand. 2) Root enlargement (20-35 days) - stress causes small pithy pungent roots (40-60% yield loss). Avoid stress at these stages. Over-irrigation causes root splitting and rot.,
radish,Irrigation,How many days apart should irrigations be given to radish in summer (Kharif) in Pakistan?,Summer radish (high altitude only): interval 5-7 days. High temperatures increase evapotranspiration. Light frequent irrigations (2-3 acre-inches) are better than heavy. Use furrow or drip irrigation. Avoid overhead irrigation (promotes foliar diseases).,
radish,Irrigation,How many days apart should irrigations be given to radish in winter (Rabi) in Pakistan?,Winter radish: interval 7-12 days depending on soil type. Sandy soils: 5-7 days. Loamy soils: 7-10 days. Clay soils: 10-12 days. Cool temperatures (10-20°C) reduce evapotranspiration. Do not over-irrigate - causes root splitting.,
radish,Irrigation,What is the total water requirement (acre-inches) of radish per crop season?,Total water requirement: 300-500 acre-inches (7-12 million liters per acre). This is equivalent to 6-10 irrigations of 2-3 acre-inches each plus effective rainfall (50-100mm). Radish is sensitive to both drought and over-irrigation.,
radish,Irrigation,What irrigation method is suitable for radish in Pakistan — flood furrow drip or sprinkler?,1) Furrow irrigation: Best conventional method - saves water prevents waterlogging reduces root rot. 2) Drip irrigation: Excellent for radish - saves 40-50% water increases yield 20-30% prevents foliar diseases. 3) Sprinkler: Good for sandy soils and germination but can promote leaf diseases. 4) Flood/border strip: Not recommended (causes waterlogging root splitting).,
radish,Irrigation,How does drip irrigation improve the water use efficiency of radish in Pakistan?,Drip irrigation saves 40-50% water compared to furrow. Benefits for radish: 1) Precise water delivery to root zone. 2) Keeps foliage dry - reduces leaf diseases. 3) Allows fertigation. 4) Maintains uniform soil moisture - critical for root quality. 5) Reduces weed growth. 6) Increases yield 20-30%. Setup cost: Rs. 120000-150000/acre with 60-80% government subsidy. Profitable for high-value radish.,
radish,Irrigation,How should irrigation be managed during the root enlargement stage of radish?,Root enlargement (20-35 days) is critical. Management: 1) Maintain uniform soil moisture - do not let soil dry completely. 2) Light irrigations (2-3 acre-inches) rather than heavy. 3) Avoid water stress - causes pithy pungent roots. 4) Avoid over-irrigation - causes root splitting and rot. 5) Stop irrigation 5-7 days before harvest to improve root firmness.,
radish,Irrigation,What are the signs of water stress (drought) in radish and what is the immediate remedy?,Signs: 1) Wilting during day (leaves droop). 2) Leaves turn dull green. 3) Stunted growth. 4) Roots become pithy (hollow) and pungent. 5) Premature bolting. Immediate remedy: Apply light irrigation (2-3 acre-inches) immediately. Do not apply heavy irrigation after drought (causes root splitting).,
radish,Irrigation,What are the signs of waterlogging in radish and how to drain excess water?,Signs: 1) Yellowing of lower leaves. 2) Wilting despite wet soil. 3) Root rot (soft foul-smelling). 4) Root splitting. 5) Plant death. Drainage: 1) Immediately stop irrigation. 2) Open drains/furrows to remove standing water. 3) On flat fields: make temporary channels. 4) For future: plant on raised beds (10-15 cm high).,
radish,Fertilizer,How should irrigation be managed after fertilizer application to radish?,After basal fertilizer (at sowing): Irrigate immediately. After top dressing urea (20-25 days): Irrigate within 2-3 days to incorporate N and prevent ammonia loss. Apply irrigation when leaves are dry (morning). Light irrigation (2-3 inches) is sufficient - heavy irrigation leaches nutrients.,
radish,Irrigation,Should radish irrigation be stopped before harvest? How many days before?,Yes stop irrigation 5-7 days before harvest. This allows: 1) Roots to mature (improves firmness). 2) Reduces splitting. 3) Improves flavor (concentrates sugars). 4) Easier harvesting (soil dries). Late irrigation causes watery bland roots and splitting.,
radish,Irrigation,How does canal water vs. tube well (brackish/salty) water affect radish cultivation in Pakistan?,Canal water: Best for radish - low EC (<1 dS/m). Fresh tube well water (EC <1.2): Acceptable. Brackish/saline tube well water (EC >1.5): Damages radish - causes leaf burn reduced germination root rot yield loss up to 60%. Radish is salt-sensitive. If only saline water: 1) Mix with canal water (1:1). 2) Apply gypsum. 3) Use raised beds. 4) Better to avoid.,
radish,Yield,What is the average yield of radish per acre in Pakistan?,Average yield: 150-200 maunds per acre (6000-8000 kg). Punjab (irrigated): 180-250 maunds. Sindh: 150-200 maunds. KPK: 120-180 maunds. Progressive farmers: 250-350 maunds. National average is below potential.,
radish,Yield,What is the maximum achievable yield (Potential Yield) of radish per acre under best management in Pakistan?,Potential yield: 350-450 maunds per acre (14000-18000 kg) under optimal conditions (improved variety drip irrigation balanced fertilizer pest control). Research station yields: 300-400 maunds/acre. Yield gap between average (150 maunds) and potential (400 maunds) is 160%.,
radish,Yield,What are the main reasons for low radish yield in Pakistan?,1) Low-yielding traditional varieties. 2) Pithiness (hollow roots) from heat stress. 3) Flea beetle damage (20-40% loss). 4) Alternaria leaf spot (20-30% loss). 5) Poor soil fertility (low P K OM). 6) Late sowing (heat stress). 7) Weed competition (30-50% loss). 8) Poor seed quality.,
radish,Yield,How can a farmer increase the yield of radish from 150 maunds to 350+ maunds per acre?,To increase from 150 to 350+ maunds: 1) Use improved variety (Japanese Long White All Season). 2) Drip irrigation (+30% yield). 3) Balanced fertilizer: 50-50-50 NPK + B 2 kg (+50% yield). 4) Flea beetle control (2 sprays) (+30% yield). 5) Timely sowing (Oct 1-15) (+40% yield). 6) Raised beds + mulching. Combined effect: can increase from 150 to 350-400 maunds.,
radish,Yield,How does timely sowing affect the final yield of radish in Pakistan?,Each week delay after Oct 15 reduces yield by 5-10%. Oct 1-15 sowing: 250-350 maunds/acre. Oct 15-31: 200-250 maunds. Nov 1-15: 120-180 maunds. Nov 15+: 80-120 maunds. Timely sowing allows: optimum temperature for root development (15-20°C) no pithiness.,
radish,Fertilizer,How does proper fertilizer management (Balanced use) increase the yield of radish?,Balanced NPK (50-50-50 kg/acre) + boron increases yield by 50-80% over no fertilizer. Specific gains: N (50 kg) = +30% yield (leaf growth). P (50 kg) = +30% yield (root development). K (50 kg) = +25% yield (root size quality). B = +15% yield (prevents hollowness). Combined: 100 to 250 maunds/acre.,
radish,Irrigation,How does proper irrigation management increase the yield of radish?,Drip irrigation increases yield 20-30% compared to furrow. Proper scheduling (no stress at root enlargement) can increase yield from 150 to 250 maunds. Critical irrigations: germination and root enlargement. Over-irrigation causes splitting under-irrigation causes pithiness.,
radish,Pesticide,What role does pest and disease control play in increasing radish yield?,Flea beetles (uncontrolled): 20-40% yield loss (seedlings killed). Alternaria leaf spot: 20-30% loss. Combined: 50%+ loss. Effective control: 2-3 insecticide sprays + 2 fungicide sprays = 40-60% yield protection.,
radish,Yield,What are the best agronomic practices recommended by PARC/NARC for high-yield radish production?,PARC/NARC recommendations: 1) Variety: Japanese Long White or All Season. 2) Sowing: Oct 1-15 at 30-45 cm × 5-10 cm spacing 4-6 kg seed/acre. 3) Seed treatment: Carbendazim + Imidacloprid. 4) Fertilizer: 50-50-50 NPK + B 2 kg + Zn 5 kg per acre. 5) Irrigation: drip or furrow 8-10 irrigations. 6) Weed control: Pendimethalin pre + manual weeding. 7) Harvest: at 40-55 days.,
radish,Yield,How can improved seed quality (Certified Seed) increase the production of radish in Pakistan?,Certified seed provides: 1) Higher germination (90%+ vs 70-80% farm-saved). 2) Disease-free (no seed-borne Alternaria). 3) True-to-type (uniform root size shape). 4) Yield increase: 20-30% over farm-saved seed. Available at Punjab Seed Corporation.,
radish,Soil,What role does soil health improvement play in boosting radish yield in Pakistan?,Improved soil health (2-3% organic matter) boosts yield 30-50% through: 1) Better water holding capacity. 2) Higher nutrient availability. 3) Improved soil structure (easy root penetration). 4) Beneficial microbes. Practices: FYM 8-10 tons/acre green manuring crop rotation.,
radish,Yield,How does the use of growth regulators affect radish yield?,Not commonly used. Gibberellic acid (GA3) can increase root size but not recommended. Focus on basic agronomy.,
radish,Cultivation,What intercropping or relay cropping strategies can increase income from radish farming?,1) Radish + Carrot (4:2 rows) - additional income. 2) Radish + Onion (4:2 rows) - onion repels pests. 3) Relay cropping: Radish after rice or maize. 4) Radish as catch crop before wheat. LER >1.3.,
radish,Yield,What are the top 5 things a farmer can do to double the yield of radish in Pakistan?,1) Use improved variety (Japanese Long White) (+50% yield). 2) Apply boron (2 kg/acre) to prevent hollow roots (+20% yield). 3) Control flea beetles (2 sprays) (+30% yield). 4) Drip irrigation (+30% yield). 5) Timely sowing (Oct 1-15) (+40% yield). Combined: 100-150 to 250-350 maunds.,
radish,Yield,How can precision agriculture or modern technology improve radish production in Pakistan?,1) Laser land leveling: saves water. 2) Soil testing: precise fertilizer. 3) Drip irrigation with fertigation. 4) Plastic mulch: earliness weed control. 5) Mobile apps: pest scouting weather alerts.,
radish,Fertilizer,How does climate change affect radish yield in Pakistan and how can farmers adapt?,Climate change impacts: 1) Warmer winters - increased pithiness bolting. 2) Unpredictable rains. 3) Increased pest pressure (flea beetles). Adaptations: 1) Heat-tolerant varieties (All Season). 2) Shift sowing dates (earlier). 3) Drip irrigation. 4) Mulching. 5) Shade nets for summer.,
radish,Diseases,What are the major fungal diseases of radish in Pakistan?,Major fungal diseases: 1) Alternaria leaf spot (Alternaria raphani) - most common. 2) Downy mildew (Peronospora parasitica). 3) Powdery mildew (Erysiphe cruciferarum). 4) Damping off (Rhizoctonia Pythium) - seedlings. 5) Fusarium root rot (Fusarium spp.). 6) Black rot (Xanthomonas - bacterial).,
radish,Diseases,What are the major bacterial diseases of radish in Pakistan?,Bacterial diseases: 1) Black rot (Xanthomonas campestris pv. campestris) - most destructive. 2) Bacterial soft rot (Pectobacterium carotovorum) - in storage. Black rot causes V-shaped yellow lesions on leaf margins.,
radish,Diseases,What are the major viral diseases of radish in Pakistan?,Viral diseases are rare. Occasional: Turnip mosaic virus (TuMV) - transmitted by aphids. Symptoms: mosaic pattern leaf distortion stunting. Control by managing aphids.,
radish,Cultivation,How can I identify Alternaria leaf spot in radish?,Alternaria leaf spot (Alternaria raphani). Symptoms: 1) Small dark brown to black spots on leaves. 2) Spots have concentric rings (target-like). 3) Yellow halo around spots. 4) Severe: leaves blight and die. Favored by warm humid weather.,
radish,Diseases,How can I identify downy mildew in radish and what causes it?,Downy mildew (Peronospora parasitica). Causes: Cool (10-20°C) humid (>85% RH) conditions. Symptoms: 1) Pale green to yellow patches on upper leaf surface. 2) Purplish-grey fluffy growth on leaf undersides. 3) Leaves become distorted. 4) In severe cases root quality affected.,
radish,Cultivation,How can I identify black rot in radish?,Black rot (Xanthomonas campestris). Symptoms: 1) V-shaped yellow lesions starting from leaf margins. 2) Black veins in the yellow areas. 3) Rot progresses down to root. 4) Root vascular tissue turns black. 5) Foul smell in advanced stages. Favored by warm wet conditions.,
radish,Diseases,How can I identify powdery mildew in radish?,Powdery mildew (Erysiphe cruciferarum). Symptoms: 1) White powdery coating on upper leaf surfaces. 2) Leaves turn yellow then brown. 3) Premature defoliation. Favored by moderate temperatures (15-25°C) high humidity dense canopy.,
radish,Diseases,How can I identify damping off disease in radish seedlings?,Damping off (Rhizoctonia Pythium). Symptoms: 1) Pre-emergence: seeds rot (patchy emergence). 2) Post-emergence: seedlings collapse at soil line (dark constricted stem). Favored by wet cold soils poor drainage. Control: seed treatment avoid over-irrigation.,
radish,Cultivation,What is root rot in radish and how to identify it?,Fusarium root rot (Fusarium spp.). Symptoms: 1) Roots develop brown sunken lesions. 2) Internal rot (dry rot). 3) Leaves yellow and wilt. 4) Roots become hollow. Favored by warm soil water stress nematode damage.,
radish,Diseases,How do diseases spread from one radish plant or field to another?,1) Alternaria: Wind-borne spores + seed-borne. 2) Downy mildew: Wind and rain splash. 3) Black rot: Seed-borne + water splash + contaminated tools. 4) Damping off: Soil-borne + contaminated seed. Prevention: clean seed crop rotation disease-free debris management.,
radish,Diseases,What weather conditions (humidity/rain) favor disease development in radish?,Alternaria: Warm (20-30°C) humid. Downy mildew: Cool (10-20°C) high humidity (>90% RH). Black rot: Warm (25-35°C) wet conditions. Powdery mildew: Moderate temps (15-25°C) high humidity. Damping off: Cool wet soils.,
radish,Diseases,Which regions of Pakistan are most affected by radish diseases and why?,Alternaria: Widespread. Downy mildew: More in Pothwar and KPK (cool humid). Black rot: More in Sindh and South Punjab (warm wet). Powdery mildew: Irrigated areas of Punjab (dense canopy).,
radish,Fertilizer,What is the difference between nutrient deficiency symptoms and disease symptoms in radish?,Nutrient deficiency: Symmetrical pattern uniform across field often on older leaves first. No pathogen signs. Corrected by fertilizer. Disease: Irregular patches spots with concentric rings (Alternaria) fuzz (downy mildew) V-shaped lesions (black rot). Spreads over time. Fungicides may help.,
radish,Diseases,What fungicides are recommended for controlling Alternaria leaf spot in radish?,1) Mancozeb (Dithane M-45) 500g/acre - protectant. 2) Chlorothalonil (Bravo) 500ml/acre. 3) Propiconazole (Tilt) 250ml/acre. 4) Tebuconazole (Folicur) 250ml/acre. 5) Azoxystrobin (Amistar) 200ml/acre. Apply at first spot appearance. Repeat every 7-10 days.,
radish,Diseases,What fungicides are recommended for controlling downy mildew in radish?,1) Metalaxyl + Mancozeb (Ridomil Gold) 400g/acre. 2) Fosetyl-Al (Aliette) 500g/acre. 3) Cymoxanil + Mancozeb (Curzate) 400g/acre. 4) Mancozeb 500g/acre - protectant. 5) Copper oxychloride 400g/acre. Apply when conditions favor disease.,
radish,Diseases,What fungicides are recommended for controlling powdery mildew in radish?,1) Sulfur (80% WP) 500g/acre. 2) Tebuconazole 250ml/acre. 3) Propiconazole 250ml/acre. 4) Myclobutanil 200g/acre. 5) Dinocap (Karathane) 400ml/acre. Apply at first white powder.,
radish,Diseases,What fungicides are recommended for controlling black rot (bacterial) in radish?,Black rot is bacterial - no effective fungicide. Prevention: 1) Use certified disease-free seed. 2) Seed treatment with hot water (50°C for 20 minutes). 3) Crop rotation (3-4 years). 4) Copper oxychloride 400g/acre (suppression only). 5) Remove infected plants.,
radish,Diseases,What bactericides are used for bacterial diseases of radish in Pakistan?,For black rot and soft rot: 1) Copper oxychloride 400g/acre (preventive). 2) Streptomycin + Tetracycline (Agrimycin) 100g/acre - limited effectiveness. Prevention (clean seed rotation) is better.,
radish,Diseases,What is the spray schedule for disease management in radish in Pakistan?,Alternaria: 1st spray at first sign (15-20 days). 2nd spray 7-10 days later. Downy mildew: Spray when conditions favor (cool humid). General schedule: Monitor weekly from germination. Use protectants (Mancozeb) early. Stop spraying 14 days before harvest.,
radish,Diseases,What is the correct dose and method of fungicide application on radish?,1) Calculate field area and required product dose. 2) Use 100-120 liters water per acre. 3) Add fungicide to water while agitating. 4) Use flat fan or hollow cone nozzles. 5) Spray to cover all leaves (both surfaces). 6) For downy mildew: coverage of lower leaf surface is critical. 7) Spray in morning (6-9 AM).,
radish,Diseases,What systemic vs. contact fungicides are recommended for radish?,Systemic (absorbed): Metalaxyl Propiconazole Tebuconazole Azoxystrobin - curative. Contact (surface): Mancozeb Chlorothalonil Copper Sulfur - preventive. Strategy: Use protectants early then systemics when disease appears.,
radish,Pesticide,How often should fungicide be sprayed during the radish growing season?,Depends on disease pressure: Low pressure: 0-1 spray. Moderate pressure: 2 sprays at 7-10 day interval. High pressure (Alternaria): 3 sprays. Do not exceed 3 sprays. Stop 14 days before harvest.,
radish,Diseases,What are the bio-fungicides or organic disease control methods for radish?,1) Sulfur (organic approved) for powdery mildew. 2) Neem oil (0.5%) for mildew. 3) Baking soda (1%) + oil for powdery mildew. 4) Trichoderma harzianum for soil-borne diseases. 5) Crop rotation. 6) Resistant varieties (limited).,
radish,HarvestTime,When is radish ready for harvest in Pakistan?,Radish is ready for harvest 30-60 days after sowing depending on variety. Early varieties: 30-40 days. Medium: 45-55 days. Late: 55-70 days. Punjab: Oct-Jan. Sindh: Oct-Feb. KPK: Sep-Nov (autumn) Mar-May (spring). Harvest when roots reach marketable size (2-5 cm diameter for round 20-40 cm length for long).,
radish,HarvestTime,What are the visual signs that radish has reached maturity and is ready to harvest?,1) Roots: Visible above soil (shoulder pushes up). 2) Diameter: Appropriate for variety (2-5 cm for round 3-6 cm for long). 3) Leaves: Still green but not overgrown. 4) Texture: Firm crisp (not pithy). 5) Days after sowing: As per variety. Do not delay - over-mature roots become pithy hollow and pungent.,
radish,HarvestTime,What is the recommended moisture content of radish at time of harvest?,Radish is harvested fresh (not dried). Harvest when roots are turgid (high moisture 90-95%). For storage: harvest at full maturity then store at 0-5°C 90-95% RH. Do not harvest wilted or water-stressed roots (poor quality).,
radish,HarvestTime,How is radish harvested in Pakistan — manually or mechanically?,Manual harvesting (dominant): 1) Loosen soil with khurpa or spade. 2) Pull plants by hand (hold near root). 3) Remove leaves (leave 1-2 cm stem). 4) Wash (if needed). 5) Bundle or pack in crates. Mechanical: Not common for radish. Harvesting labor: 20-30 laborers/acre.,
radish,HarvestTime,What machinery is used for harvesting radish in Pakistan?,Mechanical harvesters are rare. Some progressive farms use potato harvesters modified for radish. Manual tools: khurpa spade garden fork. Most farmers harvest manually due to small land holdings.,
radish,HarvestTime,How should radish be harvested to minimize damage and losses?,1) Harvest when soil is moist (not wet not dry). 2) Loosen soil before pulling. 3) Pull gently - don't break roots. 4) Remove leaves immediately (leave 1-2 cm). 5) Do not wash if storing (wash before sale). 6) Sort by size - remove damaged roots. 7) Pack carefully. Losses can be 10-15% if mismanaged.,
radish,HarvestTime,What is the correct harvesting time for radish in Punjab?,Punjab: Autumn crop: October 15 to December 15. Central Punjab: Nov 1-Dec 15. South Punjab: Oct 15-Nov 30. Spring crop: March 15-April 15. Winter crop (late): January-February.,
radish,HarvestTime,What is the correct harvesting time for radish in Sindh?,Sindh: October 15 to February 15. Lower Sindh (Hyderabad): Nov 1-Feb 15. Upper Sindh (Sukkur): Oct 15-Jan 31. Spring crop: March-April.,
radish,HarvestTime,What is the correct harvesting time for radish in KPK?,KPK: Autumn crop: October 1 to November 30. Peshawar valley: Oct 15-Nov 30. Spring crop (high elevations): April-May. Summer crop: July-August.,
radish,HarvestTime,What is the correct harvesting time for radish in Balochistan?,Balochistan: Spring crop (Quetta Pishin): May-June. Summer crop: July-August. Autumn crop (plains): October-November.,
radish,HarvestTime,What post-harvest activities are done immediately after radish harvest?,1) Washing: Remove soil (if for fresh market). 2) Topping: Cut leaves 1-2 cm above root. 3) Grading: Sort by size (small medium large). 4) Packing: Mesh bags crates or bamboo baskets. 5) Cooling: Pre-cool to 0-5°C if storing. 6) Transport to market within 24 hours for best quality.,
radish,HarvestTime,How long after sowing is radish typically harvested in Pakistan?,30-60 days after sowing depending on variety. Early varieties: 30-40 days. Medium: 45-55 days. Late: 55-70 days. In warm conditions: shorter duration. In cool conditions: longer duration.,
radish,HarvestTime,What are the common mistakes farmers make during radish harvesting in Pakistan?,1) Harvesting too early (small roots) - low yield. 2) Harvesting too late - pithy hollow pungent roots. 3) Pulling without loosening soil - root breakage. 4) Leaving leaves on - moisture loss. 5) Washing before storage - rot. 6) Rough handling - bruising. 7) Not grading - mixed quality lower price.,
radish,HarvestTime,How should radish be stored after harvest in Pakistan?,For short-term storage (2-7 days): 1) Remove leaves. 2) Do not wash. 3) Store in perforated plastic bags at 0-5°C 90-95% RH. For longer storage (1-2 months): 1) Harvest at full maturity. 2) Remove leaves. 3) Store in cold storage (0-5°C 90-95% RH) in crates. At ambient: store in cool dark humid place (basement) - lasts 2-3 days only.,
radish,HarvestTime,What is the ideal moisture content of radish for safe storage?,Radish is stored fresh (not dried). For storage: roots should be turgid (90-95% moisture). Do not store wilted or damaged roots. High humidity (90-95%) prevents shriveling.,
radish,HarvestTime,What are the major post-harvest losses for radish in Pakistan and how to reduce them?,Major losses: 1) Wilting/shriveling (10-20% in 2 days at ambient) - reduce: pre-cool store at 0-5°C high humidity. 2) Root rot (5-15% in storage) - reduce: store only healthy roots proper curing. 3) Mechanical damage (5-10%) - reduce: careful handling. 4) Pithiness (if harvested late) - reduce: timely harvest. Total losses can exceed 30% without cold chain.,
radish,HarvestTime,What storage structures or containers are recommended for radish in rural Pakistan?,1) Perforated plastic bags - for refrigerator storage. 2) Mesh bags - for short-term (1-2 days). 3) Bamboo baskets - traditional good air circulation. 4) Cold storage (commercial) - for long-term storage (1-2 months). 5) Underground pits (traditional) - cool but risk of rot. Avoid sealed plastic bags (moisture buildup).,
radish,Pesticide,What pest control measures should be taken during radish storage?,Storage pests are rare for radish (short shelf life). For longer storage: 1) Store at 0-5°C (suppresses pests). 2) Remove damaged roots. 3) Keep storage area clean. 4) No fumigation needed for radish.,
radish,Pesticide,What fumigants or storage pesticides are recommended for radish in Pakistan?,Not applicable (radish is not fumigated). Storage life is short. Use cold storage instead.,
radish,HarvestTime,How long can radish be stored without significant quality loss?,At ambient (15-25°C): 1-2 days only (wilting pithiness). In refrigerator (0-5°C 90-95% RH): 1-2 weeks. In commercial cold storage: 1-2 months. For best quality consume within 1 week of harvest.,
radish,Diseases,How should radish be stored to prevent mold and fungal growth?,1) Do not wash before storage (wet roots rot). 2) Remove leaves (leaves draw moisture). 3) Store at 0-5°C 90-95% RH. 4) Use perforated bags for air circulation. 5) Remove damaged roots immediately. 6) Do not store with ethylene-producing fruits (apples bananas).,
radish,HarvestTime,What are the signs of spoilage in stored radish?,Signs: 1) Soft mushy roots (rot). 2) Black or brown spots. 3) Foul odor. 4) Wilted shriveled roots (loss of turgor). 5) Pithy hollow center (over-mature). 6) Slimy surface (bacterial rot). Discard spoiled roots.,
radish,HarvestTime,What food safety practices should be followed during radish storage and handling?,1) Wash radish before consumption (not before storage). 2) Store at proper temperature. 3) Do not consume damaged or rotted radish. 4) Keep storage area clean. 5) Follow PHI if pesticides used. 6) For fresh market use clean water for washing.,
radish,Weather,How does frost affect radish and how can farmers protect it in Pakistan?,Radish is moderately frost tolerant (down to -2°C). Frost causes: leaf damage root softening. Protection: 1) Sow after frost risk (spring crop). 2) Irrigate before frost night. 3) Smoke. 4) Use frost-tolerant varieties.,
radish,Yield,How does extreme heat (above 25°C) affect radish production in Pakistan?,Heat above 25°C: 1) Causes pithiness (hollow roots). 2) Bolting (early flowering). 3) Pungent bitter roots. 4) Increased flea beetle damage. Avoid summer sowing in plains. Use heat-tolerant variety (All Season).,
radish,Weather,How should a farmer manage radish during unexpected heavy rainfall or flooding?,1) Ensure drainage immediately. 2) Stop irrigation. 3) After water recedes: apply fungicide (Mancozeb) to prevent downy mildew. 4) Light N spray for recovery. 5) For flooded young crop: may need replanting.,
radish,Weather,What is the effect of fog or cloud cover on radish growth in winter in Pakistan?,Fog (Dec-Jan) reduces light and increases humidity - promotes downy mildew and Alternaria. Management: wider spacing preventive fungicide spray.,
radish,Weather,How does hailstorm damage radish and what can be done after hail?,Hail damages leaves (shredding) and can bruise roots. After hail: apply fungicide (Mancozeb) to prevent disease entry. Light N spray for recovery. If >70% damage harvest early.,
radish,Irrigation,How should irrigation be adjusted for radish during drought conditions in Pakistan?,During drought: prioritize root enlargement stage. Use drip irrigation if available. Light irrigations (2-3 acre-inches). Mulch with straw to conserve moisture.,
radish,Cultivation,What climate-smart practices are recommended for radish farmers in Pakistan?,1) Conservation agriculture: minimum tillage + mulch. 2) Laser leveling. 3) Drip irrigation (subsidized). 4) Heat-tolerant varieties. 5) Weather-based sowing. 6) Agroforestry.,
radish,Cultivation,What is the impact of late monsoon or early monsoon on radish cultivation in Pakistan?,Late monsoon delays land preparation and sowing - leads to late sowing yield loss. Early monsoon can damage mature crop (harvest period). Monitor forecasts.,
radish,AskingHelp,What government schemes or subsidies are available for radish farmers in Pakistan?,1) Kisan Card: subsidized fertilizer and seeds. 2) Green Tractor Scheme: 50-70% subsidy. 3) Solar Tube well subsidy: 60%. 4) Drip/Sprinkler irrigation: 60-80% subsidy (PMKSY). 5) Soil testing: free or low cost. 6) Crop insurance: premium subsidy.,
radish,Varieties,Which research institutes in Pakistan have developed improved radish varieties?,1) Ayub Agricultural Research Institute (AARI) Faisalabad - developed Early Mooli All Season. 2) Vegetable Research Institute Sahiwal - Red Radish. 3) National Agricultural Research Centre (NARC) Islamabad - Japanese Long White. 4) Pakistan Agricultural Research Council (PARC).,
radish,Cultivation,Where can farmers in Pakistan get certified radish seed?,1) Punjab Seed Corporation (PSC) - regional offices. 2) Provincial Agriculture Department extension centers. 3) Vegetable Research Institute Sahiwal. 4) NARC Islamabad. 5) Progressive seed dealers.,
radish,AskingHelp,What extension services are available for radish farmers in Pakistan?,1) Agriculture Department field staff. 2) Kisan Helpline 0800-15000. 3) SMS advisory services. 4) Farmer field schools. 5) WhatsApp groups. 6) Mobile apps.,
radish,AskingHelp,What loans or credit facilities are available for radish cultivation in Pakistan?,1) ZTBL - production loans. 2) Bank of Punjab - Kisan Dost. 3) National Bank of Pakistan. 4) Telenor Microfinance. 5) Kisan Card (Punjab).,
radish,AskingHelp,What agricultural insurance is available for radish crops in Pakistan?,1) PM Crop Insurance Scheme - covers radish (vegetables). 2) Premium subsidy 50%. 3) Coverage: yield loss >30% due to drought flood hail pests.,
radish,Pesticide,Where can a farmer in Pakistan report disease outbreaks or pest attacks on radish?,1) District Agriculture Office. 2) Plant Protection Department. 3) Kisan Helpline. 4) Local Agriculture Field Assistant.,
radish,AskingHelp,What role does the Provincial Agriculture Department play in supporting radish farmers?,1) Extension services. 2) Subsidized inputs. 3) Soil testing. 4) Pest/disease forecasting. 5) Subsidy administration. 6) Farmer field days. 7) Market information.,

spinach,Cultivation,What is spinach and what is its agricultural importance in Pakistan?,Spinach (Spinacia oleracea) known as Palak is an important leafy vegetable crop in Pakistan. Its agricultural importance includes: 1) Highly nutritious (iron calcium vitamins A C K). 2) Short duration (45-60 days) fits in multiple cropping systems. 3) High value cash crop (Rs. 40-100/kg in peak season). 4) Can be grown year-round in suitable climates. 5) Export potential to Middle East. 6) Medicinal properties (anemia prevention antioxidant). 7) Leaves used fresh in salads and cooked in curries.,
spinach,Cultivation,What are the main growing regions of spinach in Pakistan?,Spinach is grown throughout Pakistan. Major regions: Punjab: Lahore Kasur Okara Sahiwal Multan Faisalabad Gujranwala Rawalpindi Attock. Sindh: Hyderabad Mirpurkhas Sukkur Larkana Karachi (peri-urban). KPK: Peshawar Mardan Swat Abbottabad Mansehra. Balochistan: Quetta Pishin Mastung (spring/summer crop). It is grown in both plains and hills.,
spinach,Cultivation,What are the climate and temperature requirements for successful cultivation of spinach in Pakistan?,Spinach prefers cool season. Optimum temperature: 10-20°C for vegetative growth. Minimum germination: 5-7°C. High temperature (>25°C) causes bolting (early flowering) bitter taste and poor quality. Frost tolerance: moderate (down to -3°C). Requires 300-400mm rainfall or irrigation. Short days favor leaf growth long days promote bolting.,
spinach,Cultivation,In which season(s) is spinach cultivated in Pakistan (Rabi/Kharif)?,Spinach is grown in multiple seasons: 1) Rabi (winter) - main crop: sown September-November harvested October-February. 2) Spring - sown January-February harvested March-April. 3) Summer/Kharif - sown March-April (cool highlands only: Balochistan KPK hills). 4) Autumn - sown August-September. In plains summer cultivation causes bolting.,
spinach,HarvestTime,What is the typical crop duration/life cycle of spinach from sowing to harvest?,Typical crop duration is 45-60 days depending on variety and season. Early varieties: 30-40 days. Medium: 40-55 days. Late: 55-70 days. In warm conditions: shorter duration (30-40 days) but risk of bolting. In cool conditions: longer duration (50-60 days) with better quality.,
spinach,Cultivation,What are the growth stages of spinach and what happens at each stage?,1) Germination (0-10 days): Seed absorbs water radicle emerges. 2) Seedling (10-20 days): First true leaves taproot develops. 3) Vegetative growth (20-45 days): Leaf expansion rosette formation (edible stage). 4) Bolting (if delayed): Flower stalk emerges leaves become bitter (not marketable). Harvest before bolting.,
spinach,Cultivation,How does spinach contribute to food security and the farming economy in Pakistan?,Spinach contributes: 1) Affordable source of iron and vitamins for daily nutrition. 2) Quick returns (45-60 days) - ideal for small farmers. 3) Generates income (Rs. 150000-300000/acre profit). 4) Can be grown as catch crop after rice or wheat. 5) Year-round production possible in suitable climates. 6) Export potential (fresh and frozen). 7) Processing industry (frozen spinach dehydrated powder).,
spinach,Cultivation,How should land be prepared before sowing spinach in Pakistan?,Land should be prepared to fine tilth (seedbed). Sequence: 1) Deep ploughing with disc plough. 2) 2-3 cultivations with cultivator. 3) Planking after each cultivation. 4) Laser leveling. 5) Raised bed formation (10-15 cm high 60-120 cm wide). 6) Final planking just before sowing. For heavy soils: add 1-2 more cultivations.,
spinach,Cultivation,How many ploughings are recommended for land preparation for spinach?,4-6 ploughings/tillage passes: 1 deep ploughing + 2-3 cultivator passes + 2 plankings. In heavy clay soils: 5-6 passes. In sandy soils: 3-4 passes. Fine seedbed is critical for small seeds.,
spinach,Cultivation,What is the role of deep ploughing in spinach cultivation?,Deep ploughing (20-25 cm): 1) Breaks hardpan and improves root penetration. 2) Enhances water infiltration and drainage. 3) Exposes soil pests. 4) Incorporates organic matter. 5) Reduces weed seed bank.,
spinach,Cultivation,What is the recommended land leveling (Laser Leveling) method before planting spinach?,Laser leveling is recommended. Benefits: 1) Uniform irrigation (prevents waterlogging). 2) Saves 20-30% irrigation water. 3) Improves germination uniformity. 4) Reduces weed patches. Field leveled to ±1 cm variation.,
spinach,Cultivation,Should ridges and furrows be made for spinach cultivation in Pakistan? How?,Raised beds (ridges and furrows) are recommended for heavy soils. Method: Make raised beds 10-15 cm high 60-120 cm wide (2-4 rows per bed). Furrow depth 10-15 cm. Sow spinach on beds. Benefits: prevents waterlogging improves drainage reduces root rot.,
spinach,HarvestTime,How should previously harvested crop residue be managed before planting spinach?,1) If previous crop was cereal: incorporate stubble. 2) Avoid planting spinach after other leafy vegetables - minimum 3-year rotation. 3) Remove or deeply bury spinach residues after harvest (disease carryover). 4) For rice stubble: manage with disc harrow + cultivator. 5) Do not burn residue.,
spinach,Irrigation,What pre-sowing irrigation (Raunni) is required for spinach land preparation?,"Pre-sowing irrigation given 10-15 days before sowing when soil moisture is low. Apply 2-3 acre-inches water. After irrigation: allow soil to reach field capacity then cultivate when moisture at ""good tilth"".",
spinach,Cultivation,What implements and machinery are used for land preparation for spinach in Pakistan?,1) Disc plough. 2) Cultivator. 3) Disc harrow. 4) Rotavator. 5) Plank. 6) Laser land leveler. 7) Bed planter/ridger.,
spinach,Cultivation,How many days before sowing should land preparation begin for spinach?,Start land preparation 10-15 days before sowing. Timeline: Day 1: deep ploughing. Day 2-5: first cultivation. Day 5-8: second cultivation. Day 8-10: pre-sowing irrigation. Day 10-12: final cultivation + bed making. Day 12-14: sowing.,
spinach,Cultivation,How does land preparation differ for irrigated vs. rainfed spinach cultivation?,Rainfed spinach is not common (needs frequent irrigation). For irrigated: finer seedbed laser leveling raised beds. For rainfed: fewer cultivations deep ploughing no pre-sowing irrigation rougher seedbed mulching.,
spinach,Cultivation,What is the recommended seed rate (kg/acre) for spinach in Pakistan?,Recommended seed rate: 6-8 kg per acre for direct sowing. For small-seeded varieties: 5-6 kg/acre. For bold-seeded: 7-8 kg/acre. For summer sowing (high germination risk): 8-10 kg/acre. Use fresh high-germination seed (>70%).,
spinach,Cultivation,What is the optimum row spacing and plant spacing for spinach in Pakistan?,Row spacing: 20-30 cm (8-12 inches). For broadcast: no rows. Plant to plant spacing: 5-10 cm after thinning. On raised beds: 2-4 rows per bed (60-120 cm bed width). Target plant population: 500000-800000 plants per acre.,
spinach,Cultivation,What is the recommended sowing depth for spinach seeds in Pakistan?,Sowing depth: 1-2 cm (0.5-1 inch). In sandy soils: 2-2.5 cm. In heavy soils: 1-1.5 cm. Deeper than 2.5 cm reduces emergence. Shallower than 1 cm risks drying out. Seeds should be placed in moist soil.,
spinach,Cultivation,What sowing method is best for spinach — broadcast (Chatha) drill dibbling or transplanting?,Broadcasting is common for spinach (easiest). Drill sowing is better for uniform spacing and weed control. Transplanting is NOT practiced for spinach (taproot sensitive). Broadcasting followed by thinning gives good results.,
spinach,Weather,How should spinach be sown after a previous crop (e.g. rice-wheat system)?,1) After rice: Allow field to dry (7-10 days). Sow spinach Sep-Oct. 2) After wheat: Sow spinach as spring crop (Jan-Feb). 3) Ensure no herbicide carryover. 4) Best rotation: maize - spinach - wheat.,
spinach,Cultivation,Can spinach be sown using zero-till or minimum-till techniques in Pakistan?,Zero-till spinach is possible. Method: Sow directly into standing stubble (after rice). Use zero-till drill. Benefits: saves time moisture conservation. Suitable for rice-spinach system.,
spinach,Cultivation,What equipment or tools are used for sowing spinach in Pakistan?,1) Broadcasting by hand (most common). 2) Seed drill (for row sowing). 3) Manual dibbler. 4) String and markers. Calibrate drill for 6-8 kg/acre seed rate.,
spinach,HarvestTime,What are all the major crop management activities for spinach from sowing to harvest?,Timeline: 0-10 days: sowing irrigation. 10-20 days: germination thinning first weeding. 20-30 days: top dressing N second irrigation second weeding. 30-45 days: vegetative growth - irrigation pest monitoring. 45-60 days: harvest.,
spinach,Cultivation,What is the complete activity calendar (timeline) for spinach cultivation in Pakistan?,September-October: land preparation sowing (15 Sep-15 Oct). October: germination thinning (1-15 Oct) first weeding (15-31 Oct). November: top dressing N (1-15 Nov) second irrigation second weeding (15-30 Nov). December: vegetative growth pest monitoring. January: harvest.,
spinach,Cultivation,When should thinning (Gidai) be done in spinach cultivation and how?,Thinning at 10-15 days after sowing when plants are 5-8 cm tall. Remove excess plants to achieve spacing 5-10 cm. Keep healthier plants. Irrigate lightly after thinning.,
spinach,Cultivation,When should earthing up be done for spinach and why?,Earthing up is not required for spinach.,
spinach,Cultivation,How should inter-cultivation (Godi) be done in spinach fields?,Inter-cultivation at 15-20 days and 25-30 days. Use hand hoe carefully (shallow depth 2-3 cm). Removes weeds aerates soil. Avoid root damage.,
spinach,Cultivation,What is the process of transplanting spinach seedlings (if applicable)?,Transplanting is NOT practiced for spinach. Always direct seeded.,
spinach,Cultivation,What is the optimal plant population per acre for spinach in Pakistan?,Optimal: 500000-800000 plants per acre (120-200 plants per square meter). Achieved by seed rate 6-8 kg/acre + thinning.,
spinach,Cultivation,How is gap filling done in spinach cultivation if germination is poor?,Gap filling at 7-10 days. Pre-soak seeds for 2-3 hours dibble 2-3 seeds per gap. Irrigate lightly. If >30% gaps consider replanting.,
spinach,Cultivation,When and how should staking or support be provided to spinach plants?,Not required.,
spinach,Cultivation,What is pinching or pruning in spinach and when should it be done?,Not practiced. Harvest leaves selectively.,
spinach,Yield,How should spinach be managed during vegetative growth to maximize leaf yield?,1) Maintain soil moisture. 2) Apply N top dressing at 20-25 days. 3) Control downy mildew. 4) Harvest outer leaves to encourage inner growth.,
spinach,Cultivation,What is the process of ratooning for spinach in Pakistan? Is it recommended?,Ratooning not recommended. Harvest whole plant or multiple cuts (cut and come again). Multiple cuts possible (2-3 cuts) before bolting.,
spinach,Yield,How does crop canopy management improve yield of spinach?,Proper spacing (20-30 cm rows 5-10 cm plant) prevents overcrowding reduces downy mildew improves light penetration.,
spinach,Cultivation,What field monitoring activities should a farmer do weekly during spinach season?,Weekly: germination % plant stand weeds pests (leaf miners aphids) diseases (downy mildew Cercospora) nutrient deficiency soil moisture.,
spinach,Varieties,What are the most commonly grown varieties of spinach in Pakistan?,Commonly grown varieties include: 1) Desi Palak (local savoyed leaves pungent). 2) Smooth Leaf (flat leaves mild taste). 3) All Green (dark green smooth). 4) Peshawar Local. 5) Multan Local. 6) Winter Giant (large leaves cold tolerant). 7) Summer Spinach (heat tolerant). Traditional varieties yield 80-120 maunds/acre.,
spinach,Varieties,What are the improved and recommended varieties of spinach approved by Pakistani agricultural research institutes?,Improved varieties approved by PARC/NARC/Ayub Research: 1) All Green (Ayub Research Faisalabad) - smooth leaves high yield 120-150 maunds/acre. 2) Desi Palak (Vegetable Research Institute Sahiwal) - savoyed pungent good for cooking. 3) Peshawar Local (KPK) - adapted to cooler areas. 4) Summer Spinach (NARC) - heat tolerant slow bolting. 5) Winter Giant (imported) - large leaves cold tolerant. 6) Hybrid varieties (private seed companies) - very high yield.,
spinach,Varieties,What are the early-maturing medium-maturing and late-maturing varieties of spinach available in Pakistan?,Early-maturing (30-40 days): Summer Spinach All Green (early harvest). Medium-maturing (40-55 days): Desi Palak Peshawar Local. Late-maturing (55-70 days): Winter Giant Smooth Leaf (for winter). Early varieties for summer/autumn late for winter.,
spinach,Varieties,What high-yielding varieties of spinach give the best production in Pakistan?,All Green (120-150 maunds) Summer Spinach (100-130) Winter Giant (100-140). Hybrids (private) 150-200 maunds.,
spinach,Varieties,What are the heat-tolerant spinach varieties recommended for hot regions like Sindh and South Punjab?,Summer Spinach (NARC) All Season. Sow early (Sep) to avoid heat.,
spinach,Soil,What type of soil is best suited for growing spinach in Pakistan?,Well-drained sandy loam or loamy soil rich in organic matter is best. Deep fertile soils (30-45 cm depth) with pH 6.5-7.5. Spinach prefers neutral to slightly alkaline soil. Avoid heavy clays (poor drainage) and very sandy soils (low water holding).,loamy
spinach,Soil,What is the ideal soil pH range for spinach cultivation in Pakistan?,Ideal pH range is 6.5 to 7.5 (neutral to slightly alkaline). Spinach can tolerate pH 6.0-8.0 but yields decline below 6.0 (aluminum toxicity) and above 8.0 (iron deficiency). At pH >7.5: micronutrient availability reduced.,loamy
spinach,Soil,What soil texture (loamy sandy clayey) is most suitable for spinach?,Sandy loam and loam are most suitable - provide good drainage aeration and moisture retention. Sandy soils: require frequent irrigation and high organic matter (leaves may be small). Clayey soils: problematic due to poor drainage (root rot) and difficult harvest.,clay
spinach,Soil,Can spinach be grown on saline or sodic soils (Kallar) in Pakistan? What are the precautions?,Spinach is moderately salt-sensitive (ECe <2.5 dS/m). Not recommended on saline or sodic soils. If unavoidable: 1) Apply gypsum at 100% GR. 2) Heavy leaching before sowing. 3) Use raised beds. 4) Add FYM 15-20 tons/acre. 5) Use salt-tolerant varieties (limited). 6) Better to avoid.,saline
spinach,Soil,What soil drainage conditions are required for spinach?,Good drainage is essential. Spinach is sensitive to waterlogging - standing water causes root rot and leaf yellowing. Raised beds (10-15 cm high) recommended in heavy soils or high rainfall areas.,clay
spinach,Soil,How does soil organic matter content affect the yield of spinach?,Higher organic matter (2-3%) improves: 1) Water holding capacity. 2) Nutrient availability (especially N). 3) Soil structure and root growth. 4) Leaf color and quality. Every 0.5% increase in OM can boost yield by 5-10 maunds/acre.,loamy
spinach,Soil,What soil testing should a farmer do before planting spinach in Pakistan?,Essential soil tests: 1) pH and EC (salinity). 2) Organic matter. 3) Available N (NO3-N). 4) Available P (Olsen P). 5) Available K. 6) Iron (Fe) - for high pH soils. Sample depth: 6-9 inches. Send to provincial soil testing lab (free or low cost).,loamy
spinach,Soil,How should soil fertility be maintained or improved for repeated cultivation of spinach?,1) Crop rotation: spinach after cereals (wheat maize) - not after other leafy vegetables (lettuce cabbage) to avoid disease buildup. 2) Apply FYM/compost 8-10 tons/acre every 2-3 years. 3) Green manuring before spinach. 4) Balanced NPK fertilization. 5) Incorporate crop residues.,loamy
spinach,Soil,What are the signs of poor or unsuitable soil for spinach cultivation?,Signs: 1) Water pooling after rain (poor drainage). 2) White salt crust (saline). 3) Stunted yellow plants (N deficiency or waterlogging). 4) Purple leaf margins (P deficiency). 5) Yellow interveinal chlorosis (Fe deficiency - high pH). 6) Poor germination (crusting).,loamy
spinach,Soil,What soil preparation practices improve the structure and health of soil for spinach?,1) Deep ploughing (20-25 cm). 2) Add organic matter (FYM 8-10 tons/acre). 3) Green manuring 6-8 weeks before sowing. 4) Gypsum for sodic soils. 5) Laser leveling. 6) Raised bed preparation (10-15 cm high). 7) Avoid excessive tillage.,loamy
spinach,SowingTime,When is the best time to sow spinach in Punjab Pakistan?,Optimum sowing: Rabi (winter): September 15 to November 15. Central Punjab: Oct 1-Nov 15. South Punjab: Sep 15-Oct 31. Spring: January 15-February 28. Summer (highlands only): March-April. Early sowing (Aug) causes bolting. Late sowing (Dec) reduces growth.,
spinach,SowingTime,When is the best time to sow spinach in Sindh Pakistan?,Sindh: Rabi crop: September 15 to November 30. Lower Sindh: Oct 1-Nov 30. Upper Sindh: Sep 15-Oct 31. Spring: January 1-February 15. Summer not recommended (too hot).,
spinach,SowingTime,When is the best time to sow spinach in KPK Pakistan?,KPK: Rabi crop: September 1 to October 31. Peshawar valley: Sep 15-Oct 31. Spring: February-March. Summer (high elevations): March-April.,
spinach,SowingTime,When is the best time to sow spinach in Balochistan Pakistan?,Balochistan: Spring crop (main): February 15 to April 15. Quetta/Pishin: Mar 1-Apr 15. Summer (high valleys): April-May. Autumn (plains): September-October.,
spinach,SowingTime,When is the best time to sow spinach in South Punjab (Multan Bahawalpur DG Khan)?,South Punjab: Autumn crop: September 15 to October 31. For early market: sow Sep 1-15. Avoid sowing after Nov 15 as cold slows growth. Spring: January 15-February 15.,
spinach,SowingTime,What happens if spinach is sown too early or too late in Pakistan?,Too early (August): 1) High temperatures cause bolting (flowering). 2) Bitter taste. 3) Poor leaf quality. 4) More pest pressure (leaf miners). Too late (December onward): 1) Slow growth (cold). 2) Small leaves. 3) Lower yield (30-50% loss).,
spinach,SowingTime,How does sowing time affect the yield and quality of spinach?,Yield: Each week delay after Oct 15 reduces yield by 5-10%. Optimum Oct sowing gives 120-150 maunds/acre. Late Dec sowing gives 60-80 maunds. Quality: Late sowing produces small leaves early sowing causes bolting and bitterness.,
spinach,Cultivation,What seed treatment (Zahar-alood) should be done before sowing spinach in Pakistan?,Seed treatment is recommended: 1) Fungicide for seed-borne diseases (Fusarium Pythium). 2) Insecticide for early pests. 3) Bio-priming (optional). Treat seeds 24 hours before sowing.,
spinach,Soil,Which fungicide is recommended for seed treatment of spinach to prevent soil-borne diseases?,Recommended fungicides: 1) Carbendazim (Bavistin) 2g per kg seed. 2) Thiram 2.5g per kg seed. 3) Captan 2g per kg. 4) Metalaxyl (Apron) 2g per kg - effective against downy mildew.,
spinach,Pesticide,Which insecticide is recommended for seed treatment of spinach to protect against early pests?,1) Imidacloprid (Confidor) 5ml per kg seed - controls early aphids and leaf miners. 2) Chlorpyrifos 2-3ml per kg - for cutworms. 3) Thiamethoxam 4ml per kg.,
spinach,Cultivation,What is the process of seed treatment for spinach — dose method and timing?,Process: 1) Calculate seed quantity (6-8 kg/acre). 2) Mix fungicide + insecticide in 30-50ml water per kg seed. 3) Spread seeds on clean polythene sheet. 4) Pour solution while mixing. 5) Dry in shade for 1-2 hours. 6) Sow within 24-48 hours.,
spinach,Cultivation,Should spinach seeds be soaked in water before sowing? For how long?,Soaking is NOT recommended for spinach seeds (they are small and may rot). Some growers soak for 6-12 hours for old seeds. Dry seed treatment is best.,
spinach,Cultivation,How does seed treatment affect germination rate and early growth of spinach?,Seed treatment increases germination from 60-70% to 85-90%. Fungicide protects from damping off. Insecticide protects from early pests. Result: uniform stand healthier leaves.,
spinach,Cultivation,What is bio-priming or microbial seed treatment for spinach in Pakistan?,Bio-priming: treat seeds with beneficial microbes: 1) Azotobacter (N-fixer) - 1 packet for 10 kg seed. 2) PSB - 1 packet for 10 kg seed. 3) Trichoderma harzianum - 5g per kg seed. Mix with jaggery solution.,
spinach,HarvestTime,How should treated spinach seed be stored before sowing?,Treated seeds should be sown within 24-48 hours. Do not store for more than 7 days. Keep in cool dry place in breathable bags.,
spinach,Cultivation,What are the safety precautions when doing seed treatment for spinach?,1) Wear gloves and mask. 2) Do not eat/drink. 3) Treat in ventilated area. 4) Wash hands after. 5) Keep away from children. 6) Dispose containers properly.,
spinach,Pesticide,What are the major weeds found in spinach fields in Pakistan?,Major weeds: Broadleaf: Bathu Maina Peeli Buti Kandiar. Grasses: Wild oat Phalaris minor Cyperus rotundus Cynodon dactylon.,
spinach,Pesticide,What is the critical period of weed competition in spinach cultivation?,Critical period: 10 to 35 days after sowing (emergence to full leaf cover). Weeds cause 50-70% yield loss.,
spinach,Pesticide,How does weed competition affect the yield of spinach in Pakistan?,Weed competition can reduce yield by 50-80%. Heavy infestation: yield drop from 120 maunds to 30-40 maunds/acre.,
spinach,Pesticide,What are the recommended herbicides for weed control in spinach in Pakistan?,1) Pre-emergence: Pendimethalin (Stomp) 500-600ml/acre. 2) Post-emergence (grasses): Quizalofop (Topik) 300ml/acre. DO NOT use 24-D on spinach.,
spinach,Pesticide,What pre-emergence herbicides are used for spinach weed control?,Pendimethalin 500-600 ml/acre within 3 days of sowing. Apply on moist soil. Not on sandy soils.,
spinach,Pesticide,What post-emergence herbicides are used for spinach weed control?,For grasses: Quizalofop 300ml/acre at 15-20 days. For broadleaf: manual weeding only (no selective herbicide).,
spinach,Pesticide,What is the correct dose and timing of herbicide application in spinach?,Pendimethalin: 500-600 ml/acre within 3 days of sowing. Quizalofop: 300ml/acre at 15-20 days. Use 100-120 L water/acre.,
spinach,Pesticide,How should manual weeding be done in spinach fields?,Manual weeding: 1st at 10-15 days (after thinning) 2nd at 25-30 days. Use khurpa carefully (shallow depth). Remove weeds.,
spinach,Pesticide,How many manual weedings are recommended for spinach cultivation in Pakistan?,Two manual weedings recommended: at 10-15 days and 25-30 days.,
spinach,Pesticide,What mechanical methods can be used for weed control in spinach?,Wheel hoe for row spacing. Power weeder for large fields (shallow depth 2-3 cm).,
spinach,Pesticide,How can mulching help control weeds in spinach cultivation?,Straw mulch (3-4 tons/acre) suppresses weeds conserves moisture. Plastic mulch effective but costly.,
spinach,Pesticide,What safety precautions should be taken when applying herbicides to spinach?,Wear PPE. Calibrate sprayer. No windy days. Avoid rain. NEVER use 24-D.,
spinach,Pesticide,What are the major insect pests of spinach in Pakistan?,Major pests: 1) Leaf miner (Liriomyza spp.) - most damaging. 2) Aphids (Myzus persicae). 3) Cutworm (Agrotis spp.). 4) Armyworm (Spodoptera exigua). 5) Whitefly (Bemisia tabaci). 6) Spider mites (Tetranychus spp.).,
spinach,Pesticide,What is the economic threshold level (ETL) for major pests of spinach?,Leaf miner: 10-20% leaves with mines. Aphids: 20-30 per leaf. Cutworm: 2-3 cut seedlings per sq m. Spray only when ETL reached.,
spinach,Cultivation,How can I identify leaf miner damage on spinach?,Leaf miner: Larvae tunnel between leaf surfaces creating winding white mines (blisters). Severe: leaves turn yellow drop. Identification: Tiny flies serpentine trails.,
spinach,Cultivation,What damage does the leaf miner cause to spinach and how to identify it?,Leaf miner: Larvae tunnel between leaf surfaces creating winding white mines (blisters). Severe: leaves turn yellow drop. Identification: Tiny flies serpentine trails.,
spinach,Pesticide,What damage do armyworms / cutworms cause to spinach seedlings?,Cutworms cut seedlings at ground level. Armyworms defoliate leaves.,
spinach,Pesticide,What damage does the whitefly cause to spinach?,Sucking sap sooty mold yellowing. Vector of viruses.,
spinach,Pesticide,What damage does the red spider mite cause to spinach and when does it appear?,Mites cause stippling bronze leaves webbing. Appears in hot dry weather.,
spinach,Pesticide,How do locusts and grasshoppers damage spinach?,Defoliation - eat entire leaves.,
spinach,Pesticide,What are the signs of termite infestation in spinach fields?,Dried plants mud tubes hollow roots.,
spinach,Pesticide,What are the signs of nematode infestation in spinach roots?,Root knots (galls) stunted yellow plants.,
spinach,Pesticide,How does the pest population in spinach vary across different regions of Pakistan?,Leaf miner: severe in Punjab. Aphids: more in Pothwar and KPK. Cutworms: rainfed areas. Mites: Sindh and South Punjab.,
spinach,Pesticide,What pests are more severe for spinach during the Kharif season?,Leaf miner (severe) aphids whitefly mites.,
spinach,Pesticide,What pests are more severe for spinach during the Rabi season?,Aphids (moderate) cutworms (early) leaf miner (less).,
spinach,Pesticide,What pesticides are recommended for controlling leaf miner in spinach in Pakistan?,1) Cyromazine (Trigard) 150g/acre. 2) Abamectin 200ml/acre. 3) Spinosad 80ml/acre.,
spinach,Pesticide,What pesticides are recommended for controlling aphids in spinach in Pakistan?,1) Imidacloprid 250ml/acre. 2) Thiamethoxam 80g/acre. 3) Malathion 500ml/acre.,
spinach,Pesticide,What pesticides are recommended for controlling whitefly in spinach?,Imidacloprid Pyriproxyfen Diafenthiuron.,
spinach,Pesticide,What pesticides are recommended for controlling cutworm/armyworm in spinach?,Chlorpyrifos drench Lambda-cyhalothrin evening spray.,
spinach,Pesticide,What pesticides are recommended for controlling red spider mite in spinach?,Abamectin Fenpyroximate Sulfur. Avoid pyrethroids.,
spinach,Pesticide,What is the recommended dose and spray schedule for pesticide application on spinach?,Leaf miner: spray at first mine appearance. Aphids: when 20-30/leaf. Use 100-120 L water/acre. Rotate pesticides. PHI 7-14 days.,
spinach,Pesticide,How should pesticides be mixed and applied correctly for spinach pest control?,Fill tank 1/3 water add pesticide fill to full agitate. Spray morning/evening.,
spinach,Pesticide,What is the pre-harvest interval (PHI) for pesticides used on spinach in Pakistan?,Imidacloprid: 14 days. Spinosad: 7 days. Abamectin: 14 days. Chlorpyrifos: 15 days.,
spinach,Pesticide,What are the bio-pesticides or organic alternatives for pest control in spinach?,Neem oil Spinosad Bt garlic-chili extract yellow sticky traps.,
spinach,Pesticide,How can pheromone traps be used for pest monitoring in spinach fields?,For cutworm: 1 trap per 2 acres. Monitor moth catch.,
spinach,Pesticide,What safety equipment should a farmer wear while spraying pesticide on spinach?,Gloves goggles respirator long sleeves rubber boots.,
spinach,Pesticide,What should a farmer do if accidental pesticide poisoning occurs?,Remove from area remove clothing wash skin seek medical attention.,
spinach,Pesticide,How should pesticide resistance be managed in spinach pests?,Rotate modes of action spray only at ETL use IPM.,
spinach,Pesticide,When is the best time of day (morning/evening) to spray pesticide on spinach?,Early morning (6-9 AM) or late evening (4-7 PM).,
spinach,Pesticide,What integrated pest management (IPM) practices are recommended for spinach in Pakistan?,IPM: crop rotation clean seed resistant varieties monitoring ETL biological control selective pesticides sanitation.,
spinach,Pesticide,How can crop rotation help reduce pests and diseases in spinach cultivation?,Avoid spinach after spinach or other leafy vegetables. Rotate with cereals (wheat maize).,
spinach,Varieties,How does selection of disease-resistant spinach varieties reduce losses?,Downy mildew-resistant varieties (some hybrids) reduce need for fungicides.,
spinach,Pesticide,What cultural practices help prevent pest attacks on spinach?,Timely sowing avoid excess N proper spacing weed control field sanitation.,
spinach,Diseases,How does field sanitation (removing crop debris) prevent disease in spinach?,Removes downy mildew and Cercospora inoculum. Deep plough residues.,
spinach,Pesticide,How can border cropping or trap cropping reduce pests in spinach fields?,Border with wheat or mustard to attract leaf miners away.,
spinach,Pesticide,What beneficial insects should be protected to help control pests in spinach?,Ladybird beetles lacewings parasitic wasps (leaf miner parasitoids). Avoid broad-spectrum insecticides.,
spinach,Irrigation,How does proper irrigation management reduce disease risk in spinach?,Avoid overhead irrigation (keeps foliage dry). Drip/furrow irrigation reduces downy mildew.,
spinach,Fertilizer,How does proper fertilizer management help prevent disease in spinach?,Avoid excess N (lush growth attracts pests promotes disease). Balanced NPK.,
spinach,Pesticide,What is the role of light traps and pheromone traps in spinach pest management?,Light traps for cutworm moths. Pheromone traps for specific pests.,
spinach,Pesticide,How should spinach fields be monitored regularly to catch pest/disease problems early?,Weekly W-pattern scouting. Check leaf undersides for downy mildew.,
spinach,Cultivation,What are the early warning signs that a spinach field needs immediate intervention?,Downy mildew: yellow patches with fuzz. Leaf miner: mines. Aphids: colonies.,
spinach,Pesticide,How does intercropping reduce pest and disease pressure in spinach?,Intercrop with onion or garlic (repels pests).,
spinach,Cultivation,What quarantine or phytosanitary measures apply to spinach planting material in Pakistan?,Certified seed recommended. Imported seed requires phytosanitary certificate.,
spinach,Fertilizer,What are the recommended fertilizers for spinach cultivation in Pakistan?,Recommended fertilizers: 1) Nitrogen: Urea (46% N) or CAN (26% N) - critical for leaf growth. 2) Phosphorus: DAP or SSP. 3) Potassium: SOP or MOP. 4) Micronutrients: Iron (Fe) for high pH soils. 5) Organic: FYM 8-10 tons/acre.,
spinach,Fertilizer,What is the recommended NPK dose per acre for spinach in Pakistan?,Recommended NPK: 40-50 kg N + 30-40 kg P2O5 + 30-40 kg K2O per acre. In kg/acre: N=40-50 P=30-40 K=30-40. For low fertility soils: N=50 P=40 K=40. Adjust based on soil test.,
spinach,Fertilizer,What is the recommended dose of nitrogen (N) fertilizer for spinach in Pakistan?,40-50 kg N per acre. This equals: Urea 85-110 kg (1.7-2.2 bags) per acre. Apply N in 2 splits: 1/2 at sowing 1/2 at 20-25 days (after thinning). On sandy soils: split into 3 applications.,
spinach,Fertilizer,What is the recommended dose of phosphorus (P) fertilizer for spinach in Pakistan?,30-40 kg P2O5 per acre. This equals: DAP 65-85 kg (1.3-1.7 bags) OR SSP 165-220 kg per acre. Apply full dose at sowing (basal). Phosphorus is critical for root development and leaf quality.,
spinach,Fertilizer,What is the recommended dose of potassium (K) fertilizer for spinach in Pakistan?,30-40 kg K2O per acre. This equals: MOP 50-65 kg (1.0-1.3 bags) OR SOP 60-80 kg per acre. Apply full dose at sowing. Potassium improves leaf color and disease resistance.,
spinach,Fertilizer,When and how should the first dose of fertilizer (Basal Dose) be applied to spinach?,Basal dose applied at sowing: 1) Full P and K + 1/2 of N. 2) Broadcast and mix into top 5-10 cm soil. 3) Do not place fertilizer in direct contact with seeds.,
spinach,Cultivation,When and how should the second and subsequent doses (Top Dressing) be applied to spinach?,Top dressing: Apply remaining 1/2 N at 20-25 days after sowing (after thinning). Broadcast urea between rows. Apply just before irrigation or light rain. Do not apply N after 30 days (causes nitrate accumulation).,
spinach,Fertilizer,What is the role of iron (Fe) fertilizer in spinach cultivation in Pakistan?,Iron is critical for spinach (chlorophyll synthesis). Deficiency: interveinal chlorosis (yellow leaves with green veins) on young leaves. Common in high pH (>7.5) soils. Apply FeSO4 5-10 kg/acre soil application or foliar spray 0.2% FeSO4 at 15-20 days.,
spinach,Soil,What micronutrient deficiencies are commonly observed in spinach in Pakistani soils?,Common deficiencies: 1) Iron (Fe) - most common in high pH soils (yellow leaves). 2) Zinc (Zn) - in calcareous soils. 3) Boron (B) - in sandy soils (leaf distortion). 4) Manganese (Mn) - in organic matter deficient soils.,
spinach,Fertilizer,How can organic fertilizers (FYM compost Green Manure) be used for spinach cultivation?,1) FYM/compost: Apply 8-10 tons/acre 15-20 days before sowing. 2) Green manuring before spinach. 3) Vermicompost: 2-3 tons/acre at sowing. Organic sources improve soil health and leaf quality.,
spinach,Fertilizer,What is the recommended dose of farmyard manure (FYM) for spinach in Pakistan?,8-10 tons (160-200 maunds) per acre. Apply well-rotted FYM 15-20 days before sowing. Fresh FYM not recommended (may contain weed seeds).,
spinach,Fertilizer,How does fertilizer application differ for irrigated vs. rainfed spinach cultivation?,Rainfed spinach is not common. For irrigated: split N (2 splits). For rainfed: all fertilizer at sowing lower N (30-35 kg/acre) to avoid vegetative growth exceeding moisture.,
spinach,Fertilizer,What are the signs of nitrogen deficiency in spinach?,Signs: 1) Pale green to yellow leaves (starting from older leaves). 2) Stunted growth. 3) Small leaves. 4) Low yield. Remedy: apply urea 10-15 kg/acre as top dressing.,
spinach,Fertilizer,What are the signs of phosphorus deficiency in spinach?,Signs: 1) Dark green or purplish tint on leaves. 2) Delayed maturity. 3) Poor root development. Remedy: apply DAP at sowing.,
spinach,Fertilizer,What are the signs of potassium deficiency in spinach?,Signs: 1) Yellowing and browning of leaf margins. 2) Small leaves. 3) Increased disease susceptibility. Remedy: apply SOP.,
spinach,Cultivation,What are the signs of iron deficiency in spinach?,Signs: 1) Interveinal chlorosis (yellow between green veins) on young leaves. 2) Leaves may turn almost white. 3) Stunted growth. Remedy: foliar spray 0.2% FeSO4.,
spinach,Fertilizer,What happens if too much fertilizer (over-dose) is applied to spinach?,1) Excess N: Excessive leaf growth (soft prone to disease) nitrate accumulation (health risk) delayed harvest. 2) Excess P: Induces Zn deficiency. 3) Excess fertilizer: salt injury leaf burn. For spinach: excess N is harmful for human consumption (nitrates).,
spinach,Fertilizer,What are the recommended fertilizer products (brand names) available in Pakistan for spinach?,1) Urea: Sona Urea Engro Urea. 2) DAP: Engro DAP. 3) SSP: Pakarab SSP. 4) SOP: Fauji SOP. 5) MOP: Engro MOP. 6) FeSO4: Fauji Iron.,
spinach,Fertilizer,How should urea be applied to spinach to avoid losses from volatilization (gas loss)?,Apply urea just before irrigation. Incorporate into soil by light cultivation if no irrigation. Use neem-coated urea. Split application reduces loss.,
spinach,Irrigation,How many irrigations does spinach require in total during its growing season in Pakistan?,Spinach requires 6-10 irrigations depending on soil type and season. Schedule: 1st immediately after sowing. 2nd at 5-7 days. Then every 5-7 days in warm weather every 7-10 days in cool weather. Stop irrigation 5-7 days before harvest.,
spinach,Irrigation,When should the first irrigation (Pehl-pani) be given to spinach after sowing?,First irrigation immediately after sowing (same day). This ensures good seed-soil contact and uniform germination. Second irrigation at 5-7 days.,
spinach,Irrigation,What are the critical growth stages of spinach that require mandatory irrigation?,Two critical stages: 1) Germination (0-10 days) - water stress causes poor stand. 2) Vegetative growth (20-40 days) - stress causes small leaves bolting and bitterness. Avoid stress. Over-irrigation causes root rot.,
spinach,Irrigation,How many days apart should irrigations be given to spinach in summer (Kharif) in Pakistan?,Summer spinach (high altitude only): interval 5-7 days. Light frequent irrigations (2-3 acre-inches). Use furrow or drip irrigation.,
spinach,Irrigation,How many days apart should irrigations be given to spinach in winter (Rabi) in Pakistan?,Winter spinach: interval 7-12 days. Sandy soils: 5-7 days. Loamy soils: 7-10 days. Clay soils: 10-12 days.,
spinach,Irrigation,What is the total water requirement (acre-inches) of spinach per crop season?,Total water requirement: 300-500 acre-inches (7-12 million liters per acre). Equivalent to 6-10 irrigations of 2-3 acre-inches each.,
spinach,Irrigation,What irrigation method is suitable for spinach in Pakistan — flood furrow drip or sprinkler?,1) Furrow irrigation: Best conventional method. 2) Drip irrigation: Excellent - saves 40-50% water reduces leaf diseases increases yield. 3) Sprinkler: Good for sandy soils and germination but can promote leaf diseases. 4) Flood: Not recommended (causes waterlogging).,
spinach,Irrigation,How does drip irrigation improve the water use efficiency of spinach in Pakistan?,Drip saves 40-50% water. Benefits: 1) Keeps foliage dry - reduces downy mildew. 2) Allows fertigation. 3) Uniform moisture - better leaf quality. Setup cost Rs. 120000-150000/acre with 60-80% subsidy.,
spinach,Irrigation,How should irrigation be managed during the vegetative growth stage of spinach?,Maintain uniform soil moisture - do not let soil dry completely. Light irrigations (2-3 acre-inches). Avoid water stress (causes bolting). Avoid over-irrigation (causes root rot).,
spinach,Irrigation,What are the signs of water stress (drought) in spinach and what is the immediate remedy?,Signs: Wilting leaves turn dull green stunted growth premature bolting bitter taste. Remedy: Apply light irrigation immediately.,
spinach,Irrigation,What are the signs of waterlogging in spinach and how to drain excess water?,Signs: Yellowing leaves root rot plant death. Drainage: Stop irrigation open drains use raised beds for future.,
spinach,Fertilizer,How should irrigation be managed after fertilizer application to spinach?,After basal fertilizer: irrigate immediately. After top dressing urea: irrigate within 2-3 days. Light irrigation (2-3 inches).,
spinach,Irrigation,Should spinach irrigation be stopped before harvest? How many days before?,Yes stop irrigation 5-7 days before harvest. This improves leaf quality and reduces post-harvest decay.,
spinach,Irrigation,How does canal water vs. tube well (brackish/salty) water affect spinach cultivation in Pakistan?,Canal water is best. Brackish/saline water damages spinach - leaf burn reduced yield. If only saline: mix with canal water apply gypsum use raised beds.,
spinach,Yield,What is the average yield of spinach per acre in Pakistan?,Average: 80-120 maunds per acre (3200-4800 kg). Progressive: 150-200 maunds. Punjab: 100-150 maunds.,
spinach,Yield,What is the maximum achievable yield (Potential Yield) of spinach per acre under best management in Pakistan?,Potential: 250-300 maunds per acre (10000-12000 kg) with improved varieties drip irrigation balanced fertilizer.,
spinach,Yield,What are the main reasons for low spinach yield in Pakistan?,1) Bolting (heat stress). 2) Downy mildew (30-50% loss). 3) Leaf miners (20-30% loss). 4) Poor soil fertility. 5) Late sowing. 6) Weed competition.,
spinach,Yield,How can a farmer increase the yield of spinach from 80 maunds to 200+ maunds per acre?,1) Use improved variety (All Green). 2) Drip irrigation (+30%). 3) Balanced NPK + Fe (+40%). 4) Downy mildew control (+30%). 5) Timely sowing (+30%). Combined: 80 to 200+ maunds.,
spinach,Yield,How does timely sowing affect the final yield of spinach in Pakistan?,Each week delay after Oct 15 reduces yield 5-10%. Optimum Oct sowing gives 120-150 maunds.,
spinach,Fertilizer,How does proper fertilizer management (Balanced use) increase the yield of spinach?,Balanced NPK (50-40-40) + Fe increases yield 50-80% over no fertilizer.,
spinach,Irrigation,How does proper irrigation management increase the yield of spinach?,Drip irrigation increases yield 20-30% compared to furrow. Proper moisture prevents bolting.,
spinach,Pesticide,What role does pest and disease control play in increasing spinach yield?,Downy mildew (uncontrolled): 30-50% loss. Leaf miners: 20-30% loss. Control saves yield.,
spinach,Yield,What are the best agronomic practices recommended by PARC/NARC for high-yield spinach production?,Variety: All Green. Sowing: Oct 1-15 20-30 cm rows 6-8 kg seed/acre. Fertilizer: 50-40-40 NPK + Fe. Drip irrigation. Downy mildew control. Harvest at 45-60 days.,
spinach,Yield,How can improved seed quality (Certified Seed) increase the production of spinach in Pakistan?,Certified seed: higher germination (85%+) disease-free true-to-type. Yield increase 20-30%.,
spinach,Soil,What role does soil health improvement play in boosting spinach yield in Pakistan?,Higher OM (2-3%) boosts yield 30-50%. Practices: FYM 8-10 tons/acre green manuring.,
spinach,Yield,How does the use of growth regulators affect spinach yield?,Not commonly used. Gibberellic acid can increase leaf size but not recommended.,
spinach,Cultivation,What intercropping or relay cropping strategies can increase income from spinach farming?,Spinach + onion (4:2 rows). Relay cropping after rice or maize.,
spinach,Yield,What are the top 5 things a farmer can do to double the yield of spinach in Pakistan?,1) Improved variety (+30%). 2) Drip irrigation (+30%). 3) Balanced NPK + Fe (+40%). 4) Downy mildew control (+30%). 5) Timely sowing (+30%). Combined: double yield.,
spinach,Yield,How can precision agriculture or modern technology improve spinach production in Pakistan?,Laser leveling soil testing drip fertigation plastic mulch mobile apps for pest alerts.,
spinach,Fertilizer,How does climate change affect spinach yield in Pakistan and how can farmers adapt?,Warmer winters cause bolting. Adapt: heat-tolerant varieties (Summer Spinach) earlier sowing mulching.,
spinach,Diseases,What are the major fungal diseases of spinach in Pakistan?,Major: 1) Downy mildew (Peronospora farinosa) - most destructive. 2) Cercospora leaf spot (Cercospora beticola). 3) Fusarium wilt (Fusarium oxysporum). 4) Damping off (Rhizoctonia Pythium). 5) White rust (Albugo occidentalis).,
spinach,Diseases,What are the major bacterial diseases of spinach in Pakistan?,Bacterial leaf spot (Pseudomonas syringae) - rare. Not major.,
spinach,Diseases,What are the major viral diseases of spinach in Pakistan?,Cucumber mosaic virus (CMV) - transmitted by aphids. Symptoms: mosaic stunting.,
spinach,Diseases,How can I identify downy mildew in spinach?,Downy mildew: Yellowish patches on upper leaf surface purple-gray fuzzy growth on underside. Favored by cool humid conditions.,
spinach,Cultivation,How can I identify Cercospora leaf spot in spinach?,Cercospora: Small circular spots with tan centers and purple-brown margins. Spots may coalesce.,
spinach,Diseases,How can I identify Fusarium wilt in spinach?,Fusarium wilt: Yellowing of older leaves wilting vascular discoloration (brown ring).,
spinach,Diseases,How can I identify damping off disease in spinach seedlings?,Damping off: Seedlings collapse at soil line (constricted dark lesion).,
spinach,Diseases,How do diseases spread from one spinach plant or field to another?,Downy mildew: wind-borne spores. Cercospora: rain splash. Fusarium: soil-borne. Prevention: crop rotation clean seed.,
spinach,Diseases,What weather conditions favor disease development in spinach?,Downy mildew: cool (10-20°C) high humidity. Cercospora: warm humid. Damping off: wet cool soils.,
spinach,Diseases,Which regions of Pakistan are most affected by spinach diseases?,Downy mildew: Pothwar and KPK (cool humid). Cercospora: all areas. Fusarium: sandy soils.,
spinach,Fertilizer,What is the difference between nutrient deficiency symptoms and disease symptoms in spinach?,Deficiency: uniform pattern correctable by fertilizer. Disease: irregular spots fuzz pathogen structures.,
spinach,Diseases,What fungicides are recommended for controlling downy mildew in spinach?,1) Metalaxyl + Mancozeb (Ridomil Gold) 400g/acre. 2) Fosetyl-Al 500g/acre. 3) Cymoxanil + Mancozeb. 4) Mancozeb 500g/acre.,
spinach,Diseases,What fungicides are recommended for controlling Cercospora leaf spot in spinach?,1) Mancozeb 500g/acre. 2) Chlorothalonil 500ml/acre. 3) Tebuconazole 250ml/acre.,
spinach,Diseases,What fungicides are recommended for controlling Fusarium wilt in spinach?,No effective fungicide. Prevention: crop rotation Trichoderma.,
spinach,Diseases,What is the spray schedule for disease management in spinach?,Downy mildew: preventive sprays when conditions favor. Start at 15-20 days. Repeat every 7-10 days.,
spinach,Diseases,What is the correct dose and method of fungicide application on spinach?,Use 100-120 L water/acre. Spray to cover leaf undersides. Morning application.,
spinach,Diseases,What systemic vs. contact fungicides are recommended for spinach?,Systemic: Metalaxyl (curative). Contact: Mancozeb (preventive). Alternate.,
spinach,Pesticide,How often should fungicide be sprayed during the spinach growing season?,2-3 sprays depending on disease pressure. Stop 14 days before harvest.,
spinach,Diseases,What are the bio-fungicides or organic disease control methods for spinach?,Trichoderma neem oil baking soda spray crop rotation.,
spinach,HarvestTime,When is spinach ready for harvest in Pakistan?,Spinach ready 30-60 days after sowing. Harvest when leaves are large (10-20 cm) before bolting. Punjab: Oct-Feb. Sindh: Oct-Feb. KPK: Sep-Nov Mar-May.,
spinach,HarvestTime,What are the visual signs that spinach has reached maturity and is ready to harvest?,Leaves: 8-12 leaves per plant dark green tender. Before flowering. Harvest outer leaves or whole plant.,
spinach,HarvestTime,What is the recommended moisture content of spinach at time of harvest?,Harvest fresh (90-95% moisture). Do not harvest wilted leaves.,
spinach,HarvestTime,How is spinach harvested in Pakistan — manually or mechanically?,Manual harvesting: cut leaves with knife or pull whole plants. For multiple cuts: harvest outer leaves every 7-10 days.,
spinach,HarvestTime,What machinery is used for harvesting spinach in Pakistan?,Mechanical harvesters rare. Manual only.,
spinach,HarvestTime,How should spinach be harvested to minimize damage and losses?,Harvest in morning use sharp knife avoid bruising cool immediately.,
spinach,HarvestTime,What is the correct harvesting time for spinach in Punjab?,Punjab: Oct 15-Dec 31 (autumn) Jan 15-Mar 15 (spring).,
spinach,HarvestTime,What is the correct harvesting time for spinach in Sindh?,Sindh: Oct 15-Feb 15.,
spinach,HarvestTime,What is the correct harvesting time for spinach in KPK?,KPK: Oct 1-Nov 30 (autumn) Mar 15-May 15 (spring).,
spinach,HarvestTime,What is the correct harvesting time for spinach in Balochistan?,Balochistan: May-June (spring) Aug-Sep (summer).,
spinach,HarvestTime,What post-harvest activities are done immediately after spinach harvest?,Washing sorting trimming roots pre-cooling (0-5°C) packing in perforated bags.,
spinach,HarvestTime,How long after sowing is spinach typically harvested in Pakistan?,30-60 days depending on variety and season.,
spinach,HarvestTime,What are the common mistakes farmers make during spinach harvesting in Pakistan?,Harvesting too late (bolting bitter) rough handling (wilting) not cooling leaving in sun.,
spinach,HarvestTime,How should spinach be stored after harvest in Pakistan?,Store at 0-5°C 90-95% RH in perforated bags. Shelf life 7-10 days. Do not store with ethylene-producing fruits.,
spinach,HarvestTime,What is the ideal moisture content of spinach for safe storage?,Spinach is stored fresh (90-95% moisture). High humidity prevents wilting.,
spinach,HarvestTime,What are the major post-harvest losses for spinach in Pakistan and how to reduce them?,Losses: wilting (20-30% in 1 day at ambient) yellowing rot. Reduce by pre-cooling cold chain.,
spinach,HarvestTime,What storage structures or containers are recommended for spinach in rural Pakistan?,Perforated plastic bags bamboo baskets cold storage. Avoid direct sun.,
spinach,Pesticide,What pest control measures should be taken during spinach storage?,No fumigation. Remove damaged leaves. Low temperature storage.,
spinach,Pesticide,What fumigants or storage pesticides are recommended for spinach in Pakistan?,None. Use cold storage.,
spinach,HarvestTime,How long can spinach be stored without significant quality loss?,At ambient: 1-2 days. Refrigerated (0-5°C): 7-10 days. Frozen: 6-8 months.,
spinach,Diseases,How should spinach be stored to prevent mold and fungal growth?,Keep dry pre-cool store at 0-5°C high humidity good air circulation.,
spinach,HarvestTime,What are the signs of spoilage in stored spinach?,Yellowing wilting slimy leaves foul odor black spots.,
spinach,HarvestTime,What food safety practices should be followed during spinach storage and handling?,Wash before consumption. Do not store with raw meat. Follow PHI.,
spinach,Weather,How does frost affect spinach and how can farmers protect it in Pakistan?,Spinach is frost tolerant (down to -3°C). Heavy frost damages leaves. Protect by irrigation before frost smoke.,
spinach,Yield,How does extreme heat (above 25°C) affect spinach production in Pakistan?,Heat causes bolting (early flowering) bitter taste small leaves. Avoid summer sowing in plains. Use heat-tolerant variety.,
spinach,Weather,How should a farmer manage spinach during unexpected heavy rainfall or flooding?,Ensure drainage. After water recedes apply fungicide. Light N spray for recovery.,
spinach,Weather,What is the effect of fog or cloud cover on spinach growth in winter in Pakistan?,Fog increases humidity - promotes downy mildew. Preventive fungicide spray recommended.,
spinach,Weather,How does hailstorm damage spinach and what can be done after hail?,Hail shreds leaves. Apply fungicide to prevent disease. Light N spray. Harvest if mature.,
spinach,Irrigation,How should irrigation be adjusted for spinach during drought conditions in Pakistan?,Prioritize vegetative growth stage. Drip irrigation most efficient. Mulch to conserve moisture.,
spinach,Cultivation,What climate-smart practices are recommended for spinach farmers in Pakistan?,Drip irrigation mulching heat-tolerant varieties raised beds weather-based sowing.,
spinach,Cultivation,What is the impact of late monsoon or early monsoon on spinach cultivation in Pakistan?,Late monsoon delays sowing (yield loss). Early monsoon can damage harvest. Plan accordingly.,
spinach,AskingHelp,What government schemes or subsidies are available for spinach farmers in Pakistan?,Kisan Card (fertilizer subsidy) Green Tractor Scheme Drip irrigation subsidy (60-80%) Crop insurance.,
spinach,Varieties,Which research institutes in Pakistan have developed improved spinach varieties?,Ayub Research (All Green) NARC (Summer Spinach) Vegetable Research Institute Sahiwal (Desi Palak).,
spinach,Cultivation,Where can farmers in Pakistan get certified spinach seed?,Punjab Seed Corporation Agriculture Department extension centers NARC progressive seed dealers.,
spinach,AskingHelp,What extension services are available for spinach farmers in Pakistan?,Kisan Helpline SMS alerts farmer field schools mobile apps.,
spinach,AskingHelp,What loans or credit facilities are available for spinach cultivation in Pakistan?,ZTBL Bank of Punjab (Kisan Dost) Kisan Card.,
spinach,AskingHelp,What agricultural insurance is available for spinach crops in Pakistan?,PM Crop Insurance Scheme - covers spinach (vegetables). Premium subsidy 50%.,
spinach,Pesticide,Where can a farmer in Pakistan report disease outbreaks or pest attacks on spinach?,District Agriculture Office Kisan Helpline local Field Assistant.,
spinach,AskingHelp,What role does the Provincial Agriculture Department play in supporting spinach farmers?,Extension services subsidized inputs soil testing pest forecasting subsidy administration.,

sweetpotato,Cultivation,What is sweet potato and what is its agricultural importance in Pakistan?,Sweet potato (Ipomoea batatas) known as Shakarkandi is an important root vegetable and alternative food crop in Pakistan. Its agricultural importance includes: 1) Nutritious (high in beta-carotene vitamin A fiber). 2) Drought tolerant - suitable for rainfed and marginal areas. 3) Short duration (90-120 days). 4) Can be grown on poor soils. 5) Livestock feed (vines). 6) Income for small farmers (Rs. 100000-200000/acre profit). 7) Industrial use (starch alcohol biofuel).,
sweetpotato,Cultivation,What are the main growing regions of sweet potato in Pakistan?,Sweet potato is grown in many regions: Punjab: Multan Bahawalpur Rahim Yar Khan Sargodha Faisalabad Lahore Rawalpindi. Sindh: Hyderabad Mirpurkhas Sukkur Tharparkar. KPK: Peshawar Mardan Dera Ismail Khan. Balochistan: Sibi Nasirabad Kalat. It is well-adapted to sandy and marginal soils.,
sweetpotato,Cultivation,What are the climate and temperature requirements for successful cultivation of sweet potato in Pakistan?,Sweet potato requires warm climate. Optimum temperature: 21-26°C for growth 24-27°C for root formation. Minimum for planting: 15°C. Frost kills vines. Requires 400-500mm rainfall or irrigation. Drought tolerant once established. Long days promote vine growth shorter days favor root development.,
sweetpotato,Cultivation,In which season(s) is sweet potato cultivated in Pakistan (Rabi/Kharif)?,Sweet potato is grown in two seasons: 1) Kharif (summer) - main crop: planted March-April (from sprouts/slips) harvested August-October. 2) Rabi (winter) - planted July-August harvested November-January (warmer regions of Sindh). In highlands spring planting only.,
sweetpotato,HarvestTime,What is the typical crop duration/life cycle of sweet potato from planting to harvest?,Typical crop duration is 90-150 days depending on variety and season. Early varieties: 90-110 days. Medium: 110-130 days. Late: 130-150 days. In warm conditions: shorter duration. In cool: longer.,
sweetpotato,Cultivation,What are the growth stages of sweet potato and what happens at each stage?,1) Sprouting (0-30 days): Cuttings/slips root and establish. 2) Vine growth (30-60 days): Rapid vine development ground cover. 3) Root initiation (45-60 days): Storage roots begin to swell. 4) Root bulking (60-120 days): Roots increase in size and weight. 5) Maturity (120-150 days): Roots reach marketable size vines senesce.,
sweetpotato,Cultivation,How does sweet potato contribute to food security and the farming economy in Pakistan?,Sweet potato contributes: 1) Affordable nutrition (vitamin A rich) for food security. 2) Grows on marginal soils where other crops fail. 3) Income for small and rainfed farmers (Rs. 100000-200000/acre). 4) Livestock feed (vines). 5) Processing potential (chips starch flour). 6) Drought resilience under climate change.,
sweetpotato,Cultivation,How should land be prepared before planting sweet potato in Pakistan?,Land prepared to fine tilth with raised beds. Sequence: 1) Deep ploughing. 2) 2-3 cultivations. 3) Planking. 4) Raised bed formation (15-20 cm high 60-90 cm wide). 5) Final planking. For heavy soils: more cultivations.,
sweetpotato,Cultivation,How many ploughings are recommended for land preparation for sweet potato?,4-6 ploughings: 1 deep ploughing + 2-3 cultivator passes + 2 plankings. In heavy clay: 5-6 passes. In sandy: 3-4 passes.,
sweetpotato,Cultivation,What is the role of deep ploughing in sweet potato cultivation?,Deep ploughing (25-30 cm): 1) Breaks hardpan for root penetration. 2) Enhances drainage. 3) Exposes soil pests. 4) Incorporates organic matter.,
sweetpotato,Cultivation,What is the recommended land leveling (Laser Leveling) method before planting sweet potato?,Laser leveling recommended for uniform irrigation and drainage. Saves water 20-30%.,
sweetpotato,Cultivation,Should ridges and furrows be made for sweet potato cultivation in Pakistan? How?,Raised beds (ridges and furrows) are essential. Method: Make beds 15-20 cm high 60-90 cm wide (single or double row). Furrow depth 15-20 cm. Benefits: drainage root shape easy harvest.,
sweetpotato,HarvestTime,How should previously harvested crop residue be managed before planting sweet potato?,Incorporate previous crop residues. Avoid planting sweet potato after other root crops (minimum 3-year rotation). Do not burn residue.,
sweetpotato,Irrigation,What pre-sowing irrigation (Raunni) is required for sweet potato land preparation?,Pre-planting irrigation given 10-15 days before planting if soil is dry. Apply 2-3 acre-inches.,
sweetpotato,Cultivation,What implements and machinery are used for land preparation for sweet potato in Pakistan?,Disc plough cultivator rotavator ridger/bed planter laser land leveler.,
sweetpotato,Cultivation,How many days before planting should land preparation begin for sweet potato?,Start 10-15 days before planting. Timeline: Day 1-5: ploughing. Day 5-10: cultivation bed making.,
sweetpotato,Cultivation,How does land preparation differ for irrigated vs. rainfed sweet potato cultivation?,Irrigated: raised beds laser leveling. Rainfed: moisture conservation focus deeper ploughing mulching wider spacing.,
sweetpotato,Cultivation,What is the recommended planting material for sweet potato?,Sweet potato is propagated from vine cuttings (slips). Each cutting: 20-30 cm long with 4-6 nodes. Do not use tubers for planting.,
sweetpotato,Cultivation,What is the recommended spacing for sweet potato in Pakistan?,Row spacing: 60-90 cm. Plant spacing within row: 20-30 cm. On raised beds: single or double rows. Target plant population: 15000-25000 plants per acre.,
sweetpotato,Cultivation,What is the recommended planting depth for sweet potato cuttings?,Plant cuttings 5-10 cm deep with 2-3 nodes underground and 2-3 nodes above. Press soil firmly around cutting.,
sweetpotato,Cultivation,What planting method is best for sweet potato — manual or mechanical?,Manual planting is common. Insert cuttings into raised beds by hand. Mechanical planters are rare in Pakistan.,
sweetpotato,Cultivation,How should sweet potato be planted after a previous crop?,After wheat or maize: prepare land plant Mar-Apr. After rice: plant autumn crop (Jul-Aug). Avoid after other root crops.,
sweetpotato,Cultivation,Can sweet potato be planted using zero-till or minimum-till techniques?,Possible but not common. Raised beds after zero-till can work. Requires good drainage.,
sweetpotato,Cultivation,What equipment or tools are used for planting sweet potato in Pakistan?,Manual dibber khurpa string for row marking. No specialized planters.,
sweetpotato,Cultivation,What are the major crop management activities for sweet potato?,Land prep planting irrigation weeding (2-3 times) vine turning (to prevent rooting at nodes) pest control harvest.,
sweetpotato,Cultivation,What is the complete activity calendar for sweet potato in Pakistan?,March-April: land prep planting. April-June: irrigation weeding vine turning. July-August: root bulking. August-October: harvest.,
sweetpotato,Cultivation,When should vine turning be done and why?,Vine turning at 45-60 days. Lift vines to prevent rooting at nodes (which reduces storage root yield).,
sweetpotato,Cultivation,How should inter-cultivation be done in sweet potato fields?,Weeding at 20-30 days and 40-50 days. Shallow cultivation between rows (5-8 cm).,
sweetpotato,Cultivation,What is the optimal plant population per acre for sweet potato?,15000-25000 plants per acre (spacing 90×30 cm or 60×25 cm).,
sweetpotato,Cultivation,How is gap filling done in sweet potato?,If >20% missing hills replant with new cuttings within 15 days.,
sweetpotato,Yield,How does sweet potato crop canopy management improve yield?,Prevent excessive vine rooting by turning vines. Control weeds. Proper spacing.,
sweetpotato,Varieties,What are the most commonly grown varieties of sweet potato in Pakistan?,Commonly grown varieties include: 1) Local Desi (white flesh sweet). 2) Red Skin (red skin white flesh). 3) Orange Flesh (high beta-carotene). 4) Purple Sweet Potato (antioxidant rich). 5) White Star (high yield). 6) Georgia Jet (imported). 7) Beauregard (imported). Traditional varieties yield 100-150 maunds/acre.,
sweetpotato,Varieties,What are the improved and recommended varieties of sweet potato approved by Pakistani agricultural research institutes?,Improved varieties approved by PARC/NARC/Ayub Research: 1) White Star (Ayub Research Faisalabad) - white flesh high yield 150-200 maunds/acre good storage. 2) Red Star - red skin sweet. 3) Orange Flesh (NARC) - high beta-carotene yield 120-150 maunds/acre. 4) SP-1 (Sindh) - salt tolerant. 5) Local selections from Tharparkar (drought tolerant).,
sweetpotato,Varieties,What are the early-maturing medium-maturing and late-maturing varieties of sweet potato available in Pakistan?,Early-maturing (90-110 days): White Star SP-1. Medium-maturing (110-130 days): Red Star Local Desi. Late-maturing (130-150 days): Orange Flesh Georgia Jet. Early varieties for rainfed areas late for irrigated.,
sweetpotato,Varieties,What are high-yielding varieties of sweet potato?,White Star (200 maunds) Red Star (180) Orange Flesh (150).,
sweetpotato,Varieties,What are drought-tolerant sweet potato varieties?,Local Tharparkar varieties SP-1.,
sweetpotato,Soil,What type of soil is best suited for growing sweet potato in Pakistan?,Well-drained sandy loam or sandy soil is best. Sweet potato prefers light loose well-aerated soil for root expansion. Avoid heavy clays (misshapen roots) and waterlogged soils. Deep soils (40-50 cm) are ideal.,sandy
sweetpotato,Soil,What is the ideal soil pH range for sweet potato cultivation in Pakistan?,Ideal pH range is 5.5 to 6.5 (slightly acidic). Sweet potato can tolerate pH 5.0-7.5 but yields decline below 5.0 (aluminum toxicity) and above 7.0 (scab micronutrient deficiency).,sandy
sweetpotato,Soil,What soil texture (loamy sandy clayey) is most suitable for sweet potato?,Sandy loam and sandy soils are most suitable - provide good drainage aeration and easy root expansion. Clayey soils: problematic - roots become misshapen forked and difficult to harvest.,clay
sweetpotato,Soil,Can sweet potato be grown on saline or sodic soils (Kallar) in Pakistan? What are the precautions?,Sweet potato has moderate salt tolerance (ECe up to 4-6 dS/m). On saline/sodic soils: 1) Apply gypsum at 50-100% GR. 2) Use raised beds. 3) Add FYM 10-12 tons/acre. 4) Use salt-tolerant varieties (SP-1 from Sindh). 5) Leach salts before planting. Avoid severe salinity (ECe >8).,saline
sweetpotato,Soil,What soil drainage conditions are required for sweet potato?,Good drainage is critical. Sweet potato is sensitive to waterlogging - standing water causes root rot and poor quality. Raised beds (15-20 cm high) essential in heavy soils.,clay
sweetpotato,Soil,How does soil organic matter content affect the yield of sweet potato?,Higher organic matter (2-3%) improves: 1) Water holding capacity. 2) Nutrient availability (especially K). 3) Soil structure and root shape. 4) Yield and quality. Every 0.5% increase in OM can boost yield by 10-15 maunds/acre.,sandy
sweetpotato,Soil,What soil testing should a farmer do before planting sweet potato in Pakistan?,Essential soil tests: 1) pH and EC. 2) Organic matter. 3) Available P. 4) Available K (critical for sweet potato). 5) Boron (B) for sandy soils. Sample depth: 6-9 inches.,sandy
sweetpotato,Soil,How should soil fertility be maintained or improved for repeated cultivation of sweet potato?,1) Crop rotation: sweet potato after cereals (wheat maize) - not after other root crops. 2) Apply FYM 8-10 tons/acre every 2-3 years. 3) Green manuring. 4) Balanced P and K fertilization. 5) Incorporate crop residues.,sandy
sweetpotato,Soil,What are the signs of poor or unsuitable soil for sweet potato cultivation?,Signs: 1) Water pooling (poor drainage). 2) White salt crust. 3) Misshapen forked roots (clay or compacted soil). 4) Cracked soil surface. 5) Poor vine growth.,sandy
sweetpotato,Soil,What soil preparation practices improve the structure and health of soil for sweet potato?,1) Deep ploughing (25-30 cm). 2) Add organic matter (FYM). 3) Green manuring. 4) Gypsum for sodic soils. 5) Raised bed preparation (15-20 cm high). 6) Avoid excessive tillage.,sandy
sweetpotato,Cultivation,When is the best time to plant sweet potato in Punjab Pakistan?,Optimum planting: Spring (Kharif): March 1 to April 15. Autumn (Rabi): July 15 to August 15. Spring crop harvested Aug-Oct autumn crop harvested Nov-Jan.,
sweetpotato,Cultivation,When is the best time to plant sweet potato in Sindh Pakistan?,Sindh: Spring: February 15 to March 31. Autumn: July 1 to August 15. Warmer climate allows earlier planting.,
sweetpotato,Cultivation,When is the best time to plant sweet potato in KPK Pakistan?,KPK: Spring: March 15 to April 30. Autumn: August 1 to September 15 (lower elevations).,
sweetpotato,Cultivation,When is the best time to plant sweet potato in Balochistan Pakistan?,Balochistan: Spring: April 1 to May 15 (Quetta region). Autumn: July-August (plains).,
sweetpotato,Cultivation,When is the best time to plant sweet potato in South Punjab (Multan Bahawalpur DG Khan)?,South Punjab: Spring: February 15 to March 31. Autumn: July 1 to August 15.,
sweetpotato,Cultivation,What happens if sweet potato is planted too early or too late in Pakistan?,Too early (Feb): cold soil delays rooting rot. Too late (May): high temperature stress reduced yield. Autumn: too late (Sep) reduces root bulking.,
sweetpotato,Yield,How does planting time affect the yield and quality of sweet potato?,Spring planting (Mar-Apr) gives highest yield (150-200 maunds/acre). Late planting reduces yield 30-50%.,
sweetpotato,Cultivation,What seed treatment is needed for sweet potato?,Treat cuttings with fungicide (Carbendazim) dip for 5 minutes before planting to prevent root rot. Also dip in insecticide for termites.,
sweetpotato,Diseases,Which fungicide is recommended for sweet potato cuttings?,Carbendazim (Bavistin) 2g/L water. Dip cuttings for 5-10 minutes. Also Thiram 2.5g/L.,
sweetpotato,Pesticide,Which insecticide is recommended for sweet potato cuttings?,Imidacloprid 1ml/L or Chlorpyrifos 2ml/L for termites and cutworms.,
sweetpotato,Cultivation,What is the process of seed treatment for sweet potato?,1) Prepare solution: fungicide + insecticide in water. 2) Dip cuttings for 5-10 minutes. 3) Remove and plant immediately. 4) Do not store.,
sweetpotato,Cultivation,Should sweet potato cuttings be soaked in water before planting?,Soaking not required. Treatment dip is sufficient. For rooting keep cuttings in water for 24 hours (optional).,
sweetpotato,Cultivation,How does cutting treatment affect rooting and early growth of sweet potato?,Treatment reduces rot improves rooting and protects from soil pests. Result: 20-30% better stand.,
sweetpotato,Cultivation,What is bio-priming for sweet potato cuttings?,Dip in Trichoderma harzianum solution (5g/L) for bio-control of soil fungi.,
sweetpotato,HarvestTime,How should treated sweet potato cuttings be stored before planting?,Plant immediately after treatment. Do not store.,
sweetpotato,Cultivation,What are the safety precautions when treating sweet potato cuttings?,Wear gloves avoid contact with skin wash hands after.,
sweetpotato,Pesticide,What are the major weeds in sweet potato fields?,Bathu Maina Peeli Buti wild oat Cyperus rotundus Cynodon dactylon.,
sweetpotato,Pesticide,What is the critical period of weed competition in sweet potato?,30-60 days after planting. Weeds cause 50-70% yield loss.,
sweetpotato,Pesticide,What herbicides are recommended for sweet potato?,Pre-emergence: Pendimethalin 600ml/acre. Post-emergence for grasses: Quizalofop 300ml/acre. Manual weeding for broadleaf.,
sweetpotato,Pesticide,How many manual weedings are recommended?,2-3 manual weedings at 20 40 and 60 days.,
sweetpotato,Pesticide,What are the major insect pests of sweet potato in Pakistan?,Sweet potato weevil (Cylas formicarius) - most destructive. Leaf folder aphids whitefly cutworms sweet potato hornworm.,
sweetpotato,Cultivation,What is the economic threshold level (ETL) for sweet potato weevil?,5-10% damaged roots or presence of adults. Quarantine pest.,
sweetpotato,Cultivation,How to identify sweet potato weevil damage?,Adult weevils make small holes on vines and roots. Larvae tunnel inside roots - brown tunnels bitter taste. Infested roots rot.,
sweetpotato,Cultivation,What damage does the leaf folder cause?,Larvae fold leaves and feed inside. Defoliation.,
sweetpotato,Cultivation,How to control sweet potato weevil?,Crop rotation clean planting material remove crop residues pheromone traps (1 per acre) use tolerant varieties.,
sweetpotato,Pesticide,What pesticides are recommended for sweet potato weevil?,Chlorpyrifos soil application but cultural control is better. No effective insecticides for larvae inside roots.,
sweetpotato,Pesticide,What pesticides are recommended for aphids in sweet potato?,Imidacloprid 250ml/acre.,
sweetpotato,Pesticide,What is the pre-harvest interval for pesticides on sweet potato?,Imidacloprid: 14 days. Chlorpyrifos: 15 days.,
sweetpotato,Pesticide,What are bio-pesticides for sweet potato pests?,Neem oil pheromone traps for weevil.,
sweetpotato,Cultivation,What IPM practices are recommended for sweet potato?,Crop rotation clean cuttings weevil pheromone traps resistant varieties field sanitation.,
sweetpotato,Cultivation,How can crop rotation help?,Avoid sweet potato after sweet potato (minimum 3-4 years). Rotate with cereals.,
sweetpotato,Fertilizer,What are the recommended fertilizers for sweet potato cultivation in Pakistan?,Sweet potato requires: 1) Nitrogen (moderate - excess N gives vines not roots). 2) Phosphorus - for root development. 3) Potassium - most important for root size and quality. 4) Organic matter (FYM). Avoid high N.,
sweetpotato,Fertilizer,What is the recommended NPK dose per acre for sweet potato in Pakistan?,Recommended NPK: 30-40 kg N + 40-50 kg P2O5 + 80-100 kg K2O per acre. In kg/acre: N=30-40 P=40-50 K=80-100. Potassium is critical.,
sweetpotato,Fertilizer,What is the recommended dose of nitrogen (N) fertilizer for sweet potato in Pakistan?,30-40 kg N per acre (low). Excess N causes lush vines and small roots. Apply 1/2 at planting 1/2 at 30 days.,
sweetpotato,Fertilizer,What is the recommended dose of phosphorus (P) fertilizer for sweet potato in Pakistan?,40-50 kg P2O5 per acre. Apply full dose at planting. Use DAP or SSP.,
sweetpotato,Fertilizer,What is the recommended dose of potassium (K) fertilizer for sweet potato in Pakistan?,80-100 kg K2O per acre - most critical nutrient. Apply full dose at planting. Use SOP (preferred) or MOP.,
sweetpotato,Fertilizer,When and how should the first dose of fertilizer (Basal Dose) be applied to sweet potato?,Basal: full P and K + 1/2 N applied at planting. Broadcast and incorporate into beds.,
sweetpotato,Cultivation,When and how should the second and subsequent doses (Top Dressing) be applied to sweet potato?,Top dressing: remaining 1/2 N at 30 days after planting (vine growth stage).,
sweetpotato,Fertilizer,What is the role of potassium (K) fertilizer in sweet potato cultivation?,Potassium is critical for: root bulking sugar content storage quality and disease resistance. Deficiency causes small low-quality roots.,
sweetpotato,Soil,What micronutrient deficiencies are commonly observed in sweet potato in Pakistani soils?,Boron (B) deficiency - causes cracked roots hollow heart. Zinc (Zn) deficiency - stunted growth. Apply borax 1-2 kg/acre.,
sweetpotato,Fertilizer,How can organic fertilizers (FYM compost) be used for sweet potato?,Apply FYM 8-10 tons/acre 15-20 days before planting. Improves soil structure and water holding capacity.,
sweetpotato,Fertilizer,What is the recommended dose of farmyard manure (FYM) for sweet potato in Pakistan?,8-10 tons (160-200 maunds) per acre. Well-rotted FYM.,
sweetpotato,Fertilizer,How does fertilizer application differ for irrigated vs. rainfed sweet potato cultivation?,Rainfed: all fertilizer at planting lower N (25-30 kg/acre). Band placement for efficiency.,
sweetpotato,Fertilizer,What are the signs of nitrogen deficiency in sweet potato?,Pale green leaves stunted vines small roots. Remedy: apply urea 10-15 kg/acre.,
sweetpotato,Fertilizer,What are the signs of phosphorus deficiency in sweet potato?,Purplish leaves poor root development.,
sweetpotato,Fertilizer,What are the signs of potassium deficiency in sweet potato?,Yellow leaf margins small roots poor storage quality.,
sweetpotato,Fertilizer,What happens if too much fertilizer (over-dose) is applied to sweet potato?,Excess N: lush vines no roots delayed maturity. Excess K: can cause Mg deficiency. Excess fertilizer: salt injury.,
sweetpotato,Fertilizer,What are the recommended fertilizer products for sweet potato in Pakistan?,Urea DAP SOP (preferred) MOP SSP borax ZnSO4.,
sweetpotato,Fertilizer,How should urea be applied to sweet potato to avoid losses?,Apply before irrigation or rain. Incorporate into soil.,
sweetpotato,Irrigation,How many irrigations does sweet potato require?,Sweet potato needs 6-10 irrigations. Schedule: 1st immediately after planting then every 10-15 days. Stop irrigation 10-15 days before harvest.,
sweetpotato,Irrigation,When should the first irrigation be given after planting sweet potato?,Immediately after planting cuttings. This settles soil around stems.,
sweetpotato,Irrigation,What are the critical growth stages of sweet potato for irrigation?,Root initiation (45-60 days) and root bulking (60-120 days) are critical. Water stress reduces yield 30-50%.,
sweetpotato,Irrigation,How many days apart should irrigations be given to sweet potato in summer?,Summer: interval 7-10 days. Light irrigations (2-3 acre-inches).,
sweetpotato,Irrigation,How many days apart should irrigations be given to sweet potato in winter?,Winter: interval 12-15 days. Cooler temperatures reduce water need.,
sweetpotato,Irrigation,What is the total water requirement of sweet potato per crop season?,300-500 acre-inches (7-12 million liters per acre). Drought tolerant but sensitive at root bulking.,
sweetpotato,Irrigation,What irrigation method is suitable for sweet potato?,Furrow or drip irrigation best. Drip saves 40-50% water. Avoid flood (causes waterlogging).,
sweetpotato,Irrigation,How does drip irrigation improve sweet potato production?,Saves water keeps foliage dry (reduces disease) allows fertigation increases yield 20-30%.,
sweetpotato,Irrigation,How should irrigation be managed during root bulking stage?,Maintain uniform moisture - stress causes small cracked roots. Avoid over-irrigation (rot).,
sweetpotato,Irrigation,What are the signs of water stress in sweet potato?,Wilting vines yellow leaves small roots cracked roots.,
sweetpotato,Irrigation,What are the signs of waterlogging in sweet potato?,Yellow leaves root rot vine death. Drain immediately.,
sweetpotato,Fertilizer,How should irrigation be managed after fertilizer application?,After basal: irrigate. After top dressing: irrigate within 2-3 days.,
sweetpotato,Irrigation,Should sweet potato irrigation be stopped before harvest?,Yes stop 10-15 days before harvest to improve root quality and reduce rot.,
sweetpotato,Irrigation,How does canal water vs. tube well (brackish) water affect sweet potato?,Canal water best. Brackish water (EC >2) reduces yield. Salt-tolerant varieties (SP-1) can be used.,
sweetpotato,Yield,What is the average yield of sweet potato per acre in Pakistan?,Average: 100-150 maunds/acre (4000-6000 kg). Progressive: 200-250 maunds. Potential: 300-400 maunds.,
sweetpotato,Yield,What are the main reasons for low sweet potato yield?,Poor soil weevil damage no K fertilizer water stress poor quality cuttings.,
sweetpotato,Yield,How can a farmer increase sweet potato yield?,Use improved variety (White Star) apply K fertilizer (80-100 kg K2O/acre) control weevil drip irrigation.,
sweetpotato,Yield,What are the top 5 things to double sweet potato yield?,1) Use certified cuttings. 2) Apply high K (80-100 kg/acre). 3) Control weevil with crop rotation and traps. 4) Drip irrigation. 5) Timely harvest.,
sweetpotato,Diseases,What are the major diseases of sweet potato in Pakistan?,Fusarium wilt root rot (Fusarium Rhizoctonia) scab (Elsinoe) soft rot (bacterial) leaf spot (Cercospora) viral diseases (SPFMV).,
sweetpotato,Diseases,How to identify Fusarium wilt in sweet potato?,Yellowing wilting vascular discoloration (brown ring).,
sweetpotato,Cultivation,How to identify scab in sweet potato?,Corky raised lesions on roots.,
sweetpotato,Diseases,How to control sweet potato diseases?,Use disease-free cuttings crop rotation (4-5 years) resistant varieties fungicide dip for cuttings.,
sweetpotato,Diseases,What fungicides are recommended for sweet potato?,Carbendazim dip for cuttings. Mancozeb foliar for leaf spots.,
sweetpotato,HarvestTime,When is sweet potato ready for harvest?,90-150 days after planting when roots reach marketable size (200-400g). Vines start yellowing. Harvest before frost.,
sweetpotato,HarvestTime,What are the visual signs of maturity?,Vines yellowing roots bulging at soil surface skin color developed.,
sweetpotato,HarvestTime,How is sweet potato harvested?,Manual: loosen soil with spade/fork lift roots. Mechanical harvesters rare. Handle carefully to avoid bruising.,
sweetpotato,HarvestTime,What is the correct harvesting time in Punjab?,Spring crop: August-September. Autumn crop: November-December.,
sweetpotato,HarvestTime,What post-harvest activities are done immediately?,Curing: 28-30°C 85-90% RH for 5-7 days to heal wounds. Then store at 12-15°C 80-85% RH.,
sweetpotato,HarvestTime,How long after planting is sweet potato harvested?,90-150 days depending on variety.,
sweetpotato,HarvestTime,How should sweet potato be stored after harvest?,Cure first then store in cool dark humid place (12-15°C 80-85% RH). Lasts 4-6 months.,
sweetpotato,HarvestTime,What is the ideal moisture content of sweet potato for safe storage?,Fresh roots stored (70-80% moisture). Do not store damaged roots.,
sweetpotato,HarvestTime,What are the major post-harvest losses for sweet potato?,Root rot weevil damage sprouting shriveling. Reduce by curing and proper storage.,
sweetpotato,HarvestTime,What storage structures or containers are recommended for sweet potato in rural Pakistan?,Cool dark room wooden crates sand storage (traditional). Cold storage best.,
sweetpotato,Weather,How does frost affect sweet potato?,Frost kills vines. Harvest before frost. Mulch for protection.,
sweetpotato,Cultivation,How does drought affect sweet potato?,Reduces root size causes cracking. Drought tolerant but needs water at bulking.,
sweetpotato,AskingHelp,What government schemes or subsidies are available for sweet potato farmers?,Kisan Card drip irrigation subsidy (60-80%) crop insurance.,
sweetpotato,Varieties,Which research institutes in Pakistan have developed improved sweet potato varieties?,Ayub Research (White Star Red Star) NARC (Orange Flesh) Sindh Agriculture University (SP-1).,
sweetpotato,Cultivation,Where can farmers in Pakistan get certified sweet potato cuttings?,Punjab Seed Corporation Agriculture Extension research stations.,

tobacco,Cultivation,What is tobacco and what is its agricultural importance in Pakistan?,Tobacco (Nicotiana tabacum) known as Tambaku is an important cash crop in Pakistan. Its agricultural importance includes: 1) High value cash crop for farmers (Rs. 300000-500000/acre profit). 2) Major source of government revenue (excise taxes). 3) Employment for rural labor (planting harvesting curing). 4) Export earnings. 5) Backward linkages to manufacturing (cigarettes bidis chewing tobacco). 6) Contract farming system provides inputs and technical support.,
tobacco,Cultivation,What are the main growing regions of tobacco in Pakistan?,Tobacco is grown primarily in KPK (Swabi Mardan Charsadda Peshawar Dera Ismail Khan) - over 70% of production. Punjab: Sahiwal Okara Multan Bahawalpur Gujrat. Sindh: Thatta Badin (lesser). Balochistan: small areas. Flue-cured Virginia tobacco in KPK while sun-cured and burley in other regions.,
tobacco,Cultivation,What are the climate and temperature requirements for successful cultivation of tobacco in Pakistan?,Tobacco requires warm frost-free climate. Optimum temperature: 20-30°C for growth 25-35°C for curing. Minimum for germination: 13-15°C. Frost kills seedlings and mature plants. Needs 500-600mm rainfall or irrigation. High humidity during curing dry at harvest. Grows best in well-drained loamy soils.,
tobacco,Cultivation,In which season(s) is tobacco cultivated in Pakistan (Rabi/Kharif)?,Tobacco is grown as a Rabi (winter) crop in Pakistan. Nursery sown September-October transplanted November-December harvested March-June. In some areas spring-sown crop (February-March) for sun-cured types.,
tobacco,HarvestTime,What is the typical crop duration/life cycle of tobacco from sowing to harvest?,Typical crop duration is 120-160 days. Nursery: 60-70 days (sowing to transplanting). Field: 60-90 days (transplanting to harvest). Total: 120-160 days. Flue-cured Virginia takes longer (140-160 days).,
tobacco,Cultivation,What are the growth stages of tobacco and what happens at each stage?,1) Nursery germination (0-15 days): Seeds sprout tiny seedlings. 2) Nursery seedling (15-60 days): Seedlings grow to 15-20 cm ready for transplant. 3) Transplant establishment (0-15 days): Seedlings establish in field. 4) Vegetative growth (15-45 days): Rapid leaf development topping (removing flower head). 5) Maturation (45-75 days): Leaves ripen from bottom to top. 6) Harvesting (60-90 days): Leaves picked in stages.,
tobacco,Cultivation,How does tobacco contribute to food security and the farming economy in Pakistan?,Tobacco contributes: 1) High cash income for small farmers (contract farming). 2) Employment during nursery transplanting harvesting curing (100-150 laborers/acre). 3) Government revenue through taxes (billions of rupees). 4) Export earnings. 5) Input support from tobacco companies (seed fertilizer pesticides). However it is not a food crop and has health risks.,
tobacco,Cultivation,How should land be prepared before transplanting tobacco in Pakistan?,Land prepared to fine tilth with raised beds. Sequence: 1) Deep ploughing. 2) 2-3 cultivations. 3) Planking. 4) Raised bed formation (15-20 cm high 90-120 cm wide). 5) Final planking. Beds spaced 90-120 cm apart.,
tobacco,Cultivation,How many ploughings are recommended for land preparation for tobacco?,5-7 ploughings: 1 deep ploughing + 3-4 cultivator passes + 2 plankings. In heavy clay: 6-7 passes.,
tobacco,Cultivation,What is the role of deep ploughing in tobacco cultivation?,Deep ploughing (25-30 cm): 1) Breaks hardpan for root penetration (taproot goes 50-60 cm). 2) Enhances drainage. 3) Exposes soil pests. 4) Incorporates organic matter.,
tobacco,Cultivation,What is the recommended land leveling (Laser Leveling) method before planting tobacco?,Laser leveling recommended for uniform irrigation and drainage. Saves water 20-30%.,
tobacco,Cultivation,Should ridges and furrows be made for tobacco cultivation in Pakistan? How?,Raised beds (ridges) are essential. Method: Make beds 15-20 cm high 90-120 cm wide (single or double row). Furrow depth 15-20 cm. Benefits: drainage root development disease control.,
tobacco,HarvestTime,How should previously harvested crop residue be managed before planting tobacco?,Incorporate previous crop residues (wheat maize). Avoid planting tobacco after tobacco or other solanaceous crops (tomato pepper) - minimum 3-4 year rotation.,
tobacco,Irrigation,What pre-sowing irrigation (Raunni) is required for tobacco land preparation?,Pre-planting irrigation given 10-15 days before transplanting if soil dry. Apply 3-4 acre-inches.,
tobacco,Cultivation,What implements and machinery are used for land preparation for tobacco in Pakistan?,Disc plough cultivator rotavator ridger/bed planter laser land leveler.,
tobacco,Cultivation,How many days before transplanting should land preparation begin for tobacco?,Start 15-20 days before transplanting. Timeline: Day 1-5: ploughing. Day 5-10: cultivation bed making.,
tobacco,Cultivation,How does land preparation differ for irrigated vs. rainfed tobacco cultivation?,Rainfed tobacco is not common (requires irrigation). For irrigated: raised beds laser leveling. Rainfed (limited): moisture conservation deeper ploughing mulching.,
tobacco,Cultivation,What is the recommended seed rate for tobacco nursery in Pakistan?,Tobacco seeds are very small. Seed rate: 50-100 grams per acre (1/20 to 1/10 of an acre nursery). One gram contains 10000-15000 seeds. Sow sparingly to avoid overcrowding.,
tobacco,Cultivation,What is the optimum row spacing and plant spacing for tobacco in the field?,Row spacing: 90-120 cm (36-48 inches). Plant spacing within row: 45-60 cm (18-24 inches). Target plant population: 6000-10000 plants per acre.,
tobacco,Cultivation,What is the recommended transplanting depth for tobacco seedlings?,Transplant at same depth as nursery (soil line on stem). Deep planting causes stem rot. Shallow planting causes poor anchoring. Plant in moist soil.,
tobacco,Cultivation,What transplanting method is best for tobacco?,Manual transplanting: make hole with dibber place seedling press soil firmly. Water immediately. Mechanical transplanters are rare.,
tobacco,Cultivation,How should tobacco be transplanted after a previous crop?,After wheat or maize: prepare land transplant Nov-Dec. Avoid after solanaceous crops.,
tobacco,Cultivation,What equipment or tools are used for transplanting tobacco?,Dibber (wooden or metal) string for row marking manual transplanters.,
tobacco,Cultivation,What are the major crop management activities for tobacco?,Nursery preparation sowing transplanting irrigation fertilization weeding (2-3 times) topping (removing flower head) de-suckering harvesting (leaf priming) curing.,
tobacco,Cultivation,What is topping in tobacco and why is it done?,Topping: removing the flower head when plants reach 50-60 cm. Redirects energy to leaf growth. Top at 10-12 leaves per plant.,
tobacco,Cultivation,What is de-suckering in tobacco?,Removing axillary shoots (suckers) that grow after topping. Done manually or with chemical suckericides. Essential for quality.,
tobacco,Pesticide,When should weeding be done?,Weeding at 20-30 days and 40-50 days after transplanting. Shallow cultivation.,
tobacco,Cultivation,What is the optimal plant population per acre for tobacco?,6000-10000 plants per acre depending on variety and region.,
tobacco,Varieties,What are the most commonly grown varieties of tobacco in Pakistan?,Commonly grown varieties: 1) Speight G-70 (flue-cured Virginia) - most popular. 2) K-399 (flue-cured). 3) NC-95 (burley). 4) Basma (aromatic small leaf). 5) Desi Tambaku (local sun-cured). 6) BR-9 (semi-aromatic). 7) PVH-1452 (high yield). Varieties are developed by Pakistan Tobacco Board and private companies.,
tobacco,Varieties,What are the improved and recommended varieties of tobacco approved by Pakistani agricultural research institutes?,Improved varieties approved by Pakistan Tobacco Board and research institutes: 1) Speight G-70 - flue-cured Virginia high yield (2000-2500 kg/acre) good nicotine disease resistant. 2) K-399 - early maturing. 3) PVH-1452 - heat tolerant. 4) BR-9 - semi-aromatic. 5) Basma - for oriental tobacco. 6) Burley varieties for northern areas. 7) Peshawar local selections.,
tobacco,Varieties,What are the early-maturing medium-maturing and late-maturing varieties of tobacco available in Pakistan?,Early-maturing (90-110 days): K-399 some flue-cured types. Medium-maturing (110-130 days): Speight G-70 PVH-1452. Late-maturing (130-150 days): Burley varieties Basma. Early varieties for rainfed or double cropping late for high yield.,
tobacco,Varieties,What are high-yielding varieties of tobacco?,Speight G-70 (2500-3000 kg) PVH-1452 BR-9.,
tobacco,Soil,What type of soil is best suited for growing tobacco in Pakistan?,Well-drained sandy loam or loamy soil rich in organic matter is best. Light friable soils produce thin high-quality leaves. Avoid heavy clays (poor drainage thick leaves) and very sandy soils (low fertility). Ideal soil depth 30-45 cm.,loamy
tobacco,Soil,What is the ideal soil pH range for tobacco cultivation in Pakistan?,Ideal pH range is 5.5 to 6.5 (slightly acidic). Tobacco is sensitive to high pH (>7.0) - causes micronutrient deficiencies (Fe Mn). Low pH (<5.0) causes Al toxicity. Flue-cured Virginia prefers pH 5.5-6.0.,loamy
tobacco,Soil,What soil texture (loamy sandy clayey) is most suitable for tobacco?,Sandy loam and loam are most suitable - provide good drainage aeration and root development. Sandy soils: produce thin leaves but low yield. Clayey soils: produce thick heavy leaves of lower quality.,clay
tobacco,Soil,Can tobacco be grown on saline or sodic soils (Kallar) in Pakistan? What are the precautions?,Tobacco is salt-sensitive (ECe <2 dS/m). Not recommended on saline soils. If unavoidable: 1) Apply gypsum. 2) Heavy leaching. 3) Use raised beds. 4) Use salt-tolerant varieties (limited). Better to avoid.,saline
tobacco,Soil,What soil drainage conditions are required for tobacco?,Excellent drainage is critical. Waterlogging causes root rot leaf yellowing and poor quality. Raised beds (15-20 cm high) essential in heavy soils.,clay
tobacco,Soil,How does soil organic matter content affect the yield of tobacco?,Higher organic matter (1.5-2.5%) improves: 1) Leaf quality (thin elastic). 2) Nutrient availability. 3) Water holding capacity. 4) Curing characteristics. Every 0.5% increase in OM boosts yield 10-15%.,loamy
tobacco,Soil,What soil testing should a farmer do before planting tobacco?,Essential tests: pH EC organic matter available N P K micronutrients (Fe Mn Zn). Chloride content (Cl) - high Cl harms burning quality. Sample depth 6-9 inches.,loamy
tobacco,Soil,How should soil fertility be maintained or improved for repeated cultivation of tobacco?,1) Crop rotation: tobacco after cereals (wheat maize) - not after tobacco (minimum 3-4 years). 2) Apply FYM 10-15 tons/acre every 2-3 years. 3) Green manuring. 4) Balanced NPK fertilization based on soil test.,loamy
tobacco,Soil,What are the signs of poor or unsuitable soil for tobacco cultivation?,Signs: 1) Water pooling (poor drainage). 2) White salt crust. 3) Stunted yellow plants. 4) Thick dark green leaves (excess N or heavy soil). 5) Poor burning quality (high Cl).,loamy
tobacco,Soil,What soil preparation practices improve the structure and health of soil for tobacco?,1) Deep ploughing (25-30 cm). 2) Add organic matter (FYM). 3) Green manuring. 4) Gypsum for sodic soils. 5) Raised bed preparation (15-20 cm high). 6) Laser leveling.,loamy
tobacco,SowingTime,When is the best time to sow tobacco nursery in Punjab Pakistan?,Nursery sowing: September 15 to October 31. Central Punjab: Oct 1-20. South Punjab: Sep 15-Oct 15. Transplanting 60-70 days later (Nov-Dec).,
tobacco,SowingTime,When is the best time to sow tobacco nursery in Sindh Pakistan?,Sindh: September 15 to October 15. Transplanting November-December.,
tobacco,SowingTime,When is the best time to sow tobacco nursery in KPK Pakistan?,KPK (main tobacco region): October 1 to November 15. Peshawar valley: Oct 15-Nov 15. Transplanting December-January.,
tobacco,SowingTime,When is the best time to sow tobacco nursery in Balochistan Pakistan?,Balochistan: October 15 to November 30 (plains). Spring nursery: February-March.,
tobacco,SowingTime,When is the best time to sow tobacco nursery in South Punjab (Multan Bahawalpur DG Khan)?,South Punjab: September 15 to October 15.,
tobacco,Cultivation,What happens if tobacco is transplanted too early or too late in Pakistan?,Too early (Oct): high temperature stress disease. Too late (Jan): reduced growing season lower yield frost risk.,
tobacco,Yield,How does transplanting time affect the yield and quality of tobacco?,Optimum transplanting (Nov-Dec) gives highest yield (2000-2500 kg/acre) and best quality (thin even leaves). Late transplanting reduces yield 30-50%.,
tobacco,Cultivation,What seed treatment is needed for tobacco seeds?,Tobacco seeds are very small; dry seed treatment with fungicide (Thiram 2g/kg seed). Also pelletization for easier handling.,
tobacco,Diseases,Which fungicide is recommended for tobacco seed treatment?,Thiram 2.5g/kg seed or Carbendazim 2g/kg. Controls damping off in nursery.,
tobacco,Pesticide,Which insecticide is recommended for tobacco seed treatment?,Imidacloprid 5ml/kg seed for early aphids and jassids.,
tobacco,Cultivation,What is the process of seed treatment for tobacco?,Mix dry seeds with fungicide powder. For pelletization: coat with clay/bentonite. Sow treated seeds immediately.,
tobacco,Cultivation,Should tobacco seeds be soaked before sowing?,No. Seeds are very small; soaking causes clumping.,
tobacco,Cultivation,How does seed treatment affect germination?,Increases germination from 70% to 90% and protects from damping off.,
tobacco,Cultivation,What is bio-priming for tobacco seeds?,Treat seeds with Trichoderma harzianum or Pseudomonas fluorescens for bio-control.,
tobacco,HarvestTime,How should treated tobacco seed be stored?,Sow within 24-48 hours. Do not store.,
tobacco,Cultivation,What are safety precautions for treating tobacco seeds?,Wear gloves and mask. Avoid inhalation of fine powder.,
tobacco,Pesticide,What are the major weeds in tobacco fields?,Bathu Maina Peeli Buti wild oat Cyperus rotundus Cynodon dactylon.,
tobacco,Pesticide,What herbicides are recommended for tobacco?,Pre-emergence: Pendimethalin 600ml/acre. Post-emergence: Quizalofop for grasses. Manual weeding for broadleaf.,
tobacco,Pesticide,How many manual weedings are recommended?,2-3 manual weedings at 20 40 and 60 days.,
tobacco,Pesticide,What are the major insect pests of tobacco in Pakistan?,Tobacco caterpillar (Spodoptera litura) - most destructive. Aphids (Myzus persicae) jassids whitefly cutworms tobacco budworm (Heliothis virescens) leaf miner.,
tobacco,Cultivation,What is the economic threshold level (ETL) for tobacco caterpillar?,2-3 larvae per plant or 20% leaf damage.,
tobacco,Cultivation,How to identify tobacco caterpillar damage?,Larvae feed on leaves causing large irregular holes. Severe: defoliation. Larvae are dark green with stripes.,
tobacco,Cultivation,How to control tobacco caterpillar?,Spinosad 80ml/acre Emamectin benzoate 200ml/acre Chlorpyrifos. Use pheromone traps.,
tobacco,Pesticide,What integrated pest management (IPM) practices are recommended for tobacco?,Crop rotation clean seed resistant varieties monitoring ETL biological control selective pesticides sanitation.,
tobacco,Cultivation,How can crop rotation help?,Avoid tobacco after tobacco or solanaceous crops (minimum 3-4 years). Rotate with cereals.,
tobacco,Pesticide,What is the role of pheromone traps in tobacco pest management?,Pheromone traps are used for tobacco caterpillar monitoring. 1 trap per acre. Count moths daily. Spray when catch exceeds threshold.,
tobacco,Pesticide,What cultural practices help prevent pest attacks on tobacco?,Timely transplanting avoid excess N proper spacing weed control field sanitation topping and de-suckering.,
tobacco,Fertilizer,What are the recommended fertilizers for tobacco cultivation in Pakistan?,Tobacco requires balanced NPK. High N increases yield but lowers quality. High K improves burn quality. Chloride is harmful (use SOP not MOP). Recommended: N=40-60 P=50-60 K=60-80 kg/acre.,
tobacco,Fertilizer,What is the recommended NPK dose per acre for tobacco in Pakistan?,NPK: 40-60 kg N + 50-60 kg P2O5 + 60-80 kg K2O per acre. Adjust based on soil test. Use SOP (sulfate of potash) - avoid MOP (chloride).,
tobacco,Fertilizer,What is the recommended dose of nitrogen (N) fertilizer for tobacco in Pakistan?,40-60 kg N per acre. Apply in 2 splits: 1/2 at transplanting 1/2 at 30 days. Excess N causes thick dark leaves (poor quality).,
tobacco,Fertilizer,What is the recommended dose of phosphorus (P) fertilizer for tobacco in Pakistan?,50-60 kg P2O5 per acre. Apply full dose at transplanting. Phosphorus improves root growth and leaf quality.,
tobacco,Fertilizer,What is the recommended dose of potassium (K) fertilizer for tobacco in Pakistan?,60-80 kg K2O per acre. Use SOP (50% K2O + 18% S) - never MOP (chloride ruins burning quality). Apply full dose at transplanting.,
tobacco,Fertilizer,When and how should the first dose of fertilizer (Basal Dose) be applied to tobacco?,Basal: full P and K + 1/2 N applied at transplanting. Broadcast and incorporate into beds.,
tobacco,Cultivation,When and how should the second and subsequent doses (Top Dressing) be applied to tobacco?,Top dressing: remaining 1/2 N at 30 days after transplanting (before topping). Broadcast between rows.,
tobacco,Fertilizer,What is the role of potassium (K) fertilizer in tobacco cultivation?,Potassium is critical for: leaf burn quality (combustibility) leaf color disease resistance and sugar content. Chloride from MOP ruins burn quality.,
tobacco,Fertilizer,What micronutrient deficiencies are commonly observed in tobacco?,Chloride (Cl) excess (harmful) Iron (Fe) deficiency in high pH soils Zinc (Zn) Boron (B). Apply micronutrients based on soil test.,
tobacco,Fertilizer,How can organic fertilizers (FYM compost) be used for tobacco?,Apply FYM 10-12 tons/acre 15-20 days before transplanting. Improves soil structure and leaf quality.,
tobacco,Fertilizer,What is the recommended dose of farmyard manure (FYM) for tobacco in Pakistan?,10-12 tons (200-240 maunds) per acre. Well-rotted FYM.,
tobacco,Fertilizer,What are the signs of nitrogen deficiency in tobacco?,Pale green leaves stunted growth early maturity. Remedy: apply urea 10-15 kg/acre.,
tobacco,Fertilizer,What are the signs of phosphorus deficiency in tobacco?,Dark green or purplish leaves delayed maturity.,
tobacco,Fertilizer,What are the signs of potassium deficiency in tobacco?,Yellow leaf margins brown spots poor burn quality.,
tobacco,Fertilizer,What happens if too much fertilizer (over-dose) is applied to tobacco?,Excess N: thick dark leaves poor burning high nicotine low quality. Excess Cl: non-combustible. Excess fertilizer: salt injury.,
tobacco,Fertilizer,What are the recommended fertilizer products for tobacco in Pakistan?,Urea DAP SOP (potassium sulfate - critical) SSP ZnSO4. Use chloride-free fertilizers.,
tobacco,Fertilizer,How should urea be applied to tobacco to avoid losses?,Apply before irrigation or rain. Incorporate into soil.,
tobacco,Irrigation,How many irrigations does tobacco require?,Tobacco needs 8-12 irrigations. Schedule: 1st immediately after transplanting then every 7-10 days. Stop irrigation 10-15 days before final harvest.,
tobacco,Irrigation,When should the first irrigation be given after transplanting tobacco?,Immediately after transplanting (same day). Second at 5-7 days.,
tobacco,Irrigation,What are the critical growth stages of tobacco for irrigation?,Transplant establishment (0-15 days) rapid leaf growth (30-60 days) are critical. Water stress reduces yield and quality.,
tobacco,Irrigation,How many days apart should irrigations be given to tobacco in summer?,Summer (spring-sown tobacco): interval 5-7 days.,
tobacco,Irrigation,How many days apart should irrigations be given to tobacco in winter?,Winter (main crop): interval 10-15 days.,
tobacco,Irrigation,What is the total water requirement of tobacco per crop season?,400-600 acre-inches (10-15 million liters per acre).,
tobacco,Irrigation,What irrigation method is suitable for tobacco?,Furrow irrigation best. Drip irrigation excellent - saves water reduces leaf disease. Avoid overhead irrigation (promotes disease).,
tobacco,Irrigation,How does drip irrigation improve tobacco production?,Saves 40-50% water keeps foliage dry (reduces leaf spot) allows fertigation increases yield 15-20%.,
tobacco,Irrigation,What are the signs of water stress in tobacco?,Wilting yellow leaves stunted growth thick dark leaves (stress response).,
tobacco,Irrigation,What are the signs of waterlogging in tobacco?,Yellowing root rot leaf drop. Drain immediately.,
tobacco,Irrigation,Should tobacco irrigation be stopped before harvest?,Yes stop 10-15 days before final harvest to improve leaf quality and curing.,
tobacco,Irrigation,How does canal water vs. tube well (brackish) water affect tobacco?,Canal water best. Brackish water (high EC high Cl) ruins burn quality. Avoid.,
tobacco,Yield,What is the average yield of tobacco per acre in Pakistan?,Average: 1800-2200 kg/acre (dried leaf). Progressive: 2500-3000 kg/acre. KPK has highest yields.,
tobacco,Yield,What is the maximum achievable yield of tobacco per acre under best management in Pakistan?,3000-3500 kg/acre under optimal conditions.,
tobacco,Yield,What are the main reasons for low tobacco yield in Pakistan?,Poor seed quality late transplanting nutrient imbalance pest/disease water stress.,
tobacco,Yield,How can a farmer increase the yield of tobacco?,Use certified seed balanced NPK with SOP topping and de-suckering pest control timely harvest.,
tobacco,Yield,What are the top 5 things a farmer can do to double the yield of tobacco in Pakistan?,1) Certified seed. 2) Balanced NPK with high K (SOP). 3) Topping and de-suckering. 4) Pest/disease control. 5) Proper curing.,
tobacco,Diseases,What are the major diseases of tobacco?,Damping off (nursery) black shank (Phytophthora) blue mold (Peronospora) tobacco mosaic virus (TMV) bacterial wilt (Ralstonia) root knot nematode.,
tobacco,Cultivation,How to identify black shank in tobacco?,Stem blackening at soil line wilting leaf yellowing. Favored by wet conditions.,
tobacco,Cultivation,How to control black shank in tobacco?,Resistant varieties crop rotation metalaxyl fungicide good drainage.,
tobacco,Cultivation,What is tobacco mosaic virus (TMV)?,Virus causes mottling leaf distortion stunting. Spread by handling (sap contact). Use resistant varieties sanitize tools.,
tobacco,Diseases,What fungicides are recommended for controlling diseases in tobacco?,Metalaxyl for black shank. Mancozeb for blue mold. Copper-based for bacterial wilt.,
tobacco,HarvestTime,When is tobacco ready for harvest?,Harvest when leaves show maturity: yellow-green color thickened texture tip curling. Harvest bottom leaves first (priming) over 4-6 weeks.,
tobacco,HarvestTime,What are the visual signs that tobacco has reached maturity and is ready to harvest?,Lower leaves: yellow-green distinct midrib. Upper leaves: slightly yellow firm. Harvest in morning.,
tobacco,HarvestTime,How is tobacco harvested?,Manual priming: pick leaves individually from bottom upward. 4-6 pickings per season. Handle carefully to avoid bruising.,
tobacco,HarvestTime,What is the correct harvesting time for tobacco in KPK?,Flue-cured Virginia: May-June (spring crop).,
tobacco,HarvestTime,What post-harvest activities are done immediately after tobacco harvest?,Curing (flue-curing air-curing sun-curing) sorting grading baling storage.,
tobacco,HarvestTime,How long after transplanting is tobacco harvested?,60-90 days after transplanting depending on variety.,
tobacco,Cultivation,What is flue-curing of tobacco?,Curing method using heated air (35-75°C over 5-7 days) to dry leaves develop color and flavor. Used for Virginia tobacco.,
tobacco,HarvestTime,What is the ideal moisture content of cured tobacco for safe storage?,After curing: 16-18% moisture. For storage: 12-14% to prevent mold.,
tobacco,HarvestTime,How should cured tobacco be stored?,Baled wrapped in jute or plastic stored in dry cool dark place (20-25°C 60-70% RH). Ferment for 1-2 years.,
tobacco,HarvestTime,What are the major post-harvest losses for tobacco?,Mold insect damage (cigarette beetle) over-drying. Control: proper curing storage hygiene fumigation.,
tobacco,Weather,How does frost affect tobacco?,Frost kills seedlings and mature plants. Transplant after frost risk passes.,
tobacco,Cultivation,How does drought affect tobacco?,Reduces leaf size causes premature ripening lowers quality.,
tobacco,Cultivation,How does hail damage tobacco?,Shreds leaves. After hail: apply fungicide to prevent disease.,
tobacco,AskingHelp,What government schemes or subsidies are available for tobacco farmers?,Limited. Kisan Card drip irrigation subsidy. Tobacco is highly taxed; government promotes alternatives.,
tobacco,Varieties,Which research institutes in Pakistan have developed improved tobacco varieties?,Pakistan Tobacco Board Tobacco Research Station (Khan Ghari Mardan) NARC.,
tobacco,Cultivation,Where can farmers in Pakistan get certified tobacco seed?,Pakistan Tobacco Board licensed seed companies (e.g. Premier Tobacco Pakistan Tobacco Company).,
tobacco,AskingHelp,What extension services are available for tobacco farmers?,Tobacco companies provide technical support to contract growers. Government extension limited.,
tobacco,AskingHelp,What loans or credit facilities are available for tobacco cultivation?,ZTBL Kisan Card. Tobacco companies also provide input credit.,
tobacco,AskingHelp,What agricultural insurance is available for tobacco crops?,PM Crop Insurance Scheme covers tobacco.,
tobacco,Pesticide,Where can a farmer in Pakistan report disease outbreaks or pest attacks on tobacco?,District Agriculture Office Pakistan Tobacco Board.,

tomato,Cultivation,What is tomato and what is its agricultural importance in Pakistan?,Tomato (Solanum lycopersicum) known as Tamaatar is the most important vegetable crop in Pakistan. Its agricultural importance includes: 1) Essential ingredient in Pakistani cuisine (curries salads ketchup). 2) High value cash crop (Rs. 100-200/kg in peak season). 3) Major source of vitamins A C and lycopene. 4) Processing industry (ketchup puree juice canned tomatoes). 5) Export potential to Afghanistan and Middle East. 6) Employment during harvesting (30-40 laborers/acre). 7) Can be grown in tunnels for off-season production.,
tomato,Cultivation,What are the main growing regions of tomato in Pakistan?,Tomato is grown throughout Pakistan. Major regions: Punjab: Lahore Kasur Okara Sahiwal Multan Faisalabad Gujranwala Sialkot Rawalpindi Attock. Sindh: Hyderabad Mirpurkhas Sukkur Tando Allahyar. KPK: Peshawar Mardan Swabi Mansehra Abbottabad Dera Ismail Khan. Balochistan: Quetta Pishin Mastung Kalat (spring/summer crop). Gilgit-Baltistan and Kashmir (summer). Tunnels in peri-urban areas.,
tomato,Cultivation,What are the climate and temperature requirements for successful cultivation of tomato in Pakistan?,Tomato requires moderate climate. Optimum temperature: 18-24°C for growth 15-20°C for fruit set. Minimum germination: 10-12°C. Maximum tolerance: 35°C (above this flowers drop fruit set fails). Frost kills plants (below 0°C). Needs 400-500mm rainfall or irrigation. Low humidity preferred (high humidity promotes diseases).,
tomato,Cultivation,In which season(s) is tomato cultivated in Pakistan (Rabi/Kharif)?,Tomato is grown in three seasons: 1) Rabi (winter) - main crop: nursery September-October transplanted October-November harvested January-March. 2) Spring - nursery January-February transplanted February-March harvested April-June. 3) Kharif (summer) - nursery March-April transplanted April-May harvested June-August (highlands only). 4) Tunnel production - off-season (September-March) for high prices.,
tomato,HarvestTime,What is the typical crop duration/life cycle of tomato from sowing to harvest?,Typical crop duration is 90-130 days from sowing. Nursery: 25-35 days. Transplant to first harvest: 45-60 days. Harvest period: 30-60 days (multiple pickings). Early varieties: 60-75 days total. Medium: 75-90 days. Late (processing): 90-110 days.,
tomato,Cultivation,What are the growth stages of tomato and what happens at each stage?,1) Nursery germination (0-10 days): Seed sprouts radicle emerges. 2) Seedling (10-30 days): True leaves develop transplant-ready at 4-6 leaves. 3) Transplant establishment (0-15 days): Roots establish in field. 4) Vegetative growth (15-45 days): Stem leaf development branching. 5) Flowering (45-60 days): Yellow flowers open fruit set begins. 6) Fruit development (60-85 days): Green fruits enlarge. 7) Ripening (85-110 days): Fruits turn red pink yellow. 8) Harvest (90-130 days): Multiple pickings of ripe fruits.,
tomato,Cultivation,How does tomato contribute to food security and the farming economy in Pakistan?,Tomato contributes: 1) Daily essential vegetable for 220 million people (vitamin C lycopene). 2) High income for small farmers (Rs. 300000-800000/acre profit for hybrids). 3) Processing industry (ketchup sauces puree) employs thousands. 4) Tunnel farming provides off-season income. 5) Export to Afghanistan UAE Central Asia. 6) Employment for women in harvesting and grading. 7) Cold storage and supply chain infrastructure.,
tomato,Cultivation,How should land be prepared before transplanting tomato in Pakistan?,Land prepared to fine tilth with raised beds. Sequence: 1) Deep ploughing. 2) 2-3 cultivations. 3) Planking after each cultivation. 4) Laser leveling. 5) Raised bed formation (15-20 cm high 60-120 cm wide). 6) Final planking just before transplanting. For heavy soils: add 1-2 more cultivations.,
tomato,Cultivation,How many ploughings are recommended for land preparation for tomato?,5-7 ploughings/tillage passes: 1 deep ploughing + 3-4 cultivator passes + 2 plankings. In heavy clay soils: 6-7 passes. In sandy soils: 4-5 passes.,
tomato,Cultivation,What is the role of deep ploughing in tomato cultivation?,Deep ploughing (25-30 cm): 1) Breaks hardpan and improves root penetration (tomato roots go 60-90 cm). 2) Enhances water infiltration and drainage. 3) Exposes soil pests (cutworms) to predators. 4) Incorporates organic matter. 5) Reduces weed seed bank.,
tomato,Cultivation,What is the recommended land leveling (Laser Leveling) method before planting tomato?,Laser leveling is highly recommended. Benefits: 1) Uniform irrigation (prevents waterlogging in low spots). 2) Saves 20-30% irrigation water. 3) Improves transplant survival uniformity. 4) Reduces weed patches.,
tomato,Cultivation,Should ridges and furrows be made for tomato cultivation in Pakistan? How?,Raised beds (ridges and furrows) are highly recommended for tomato especially in heavy soils and rainy areas. Method: 1) Make raised beds 15-20 cm high 60-120 cm wide (1-2 rows per bed). 2) Furrow depth 15-20 cm. 3) Transplant on beds. Benefits: prevents waterlogging improves drainage reduces root rot and fruit rot.,
tomato,HarvestTime,How should previously harvested crop residue be managed before planting tomato?,1) If previous crop was cereal (wheat rice maize): incorporate stubble by shallow ploughing. 2) Avoid planting tomato after other solanaceous crops (potato pepper eggplant) - minimum 3-4 year rotation. 3) Remove or deeply bury tomato residues after harvest (disease carryover - Fusarium bacterial wilt). 4) For rice stubble: manage with disc harrow + cultivator.,
tomato,Irrigation,What pre-planting irrigation (Raunni) is required for tomato land preparation?,"Pre-planting irrigation (raunni) given 10-15 days before transplanting when soil moisture is low. Apply 3-4 acre-inches water. After irrigation: allow soil to reach field capacity then cultivate when moisture at ""good tilth"".",
tomato,Cultivation,What implements and machinery are used for land preparation for tomato in Pakistan?,1) Disc plough. 2) Cultivator (3-4 passes). 3) Disc harrow. 4) Rotavator (fine seedbed). 5) Plank. 6) Laser land leveler. 7) Bed planter/ridger.,
tomato,Cultivation,How many days before transplanting should land preparation begin for tomato?,Start land preparation 15-20 days before transplanting. Timeline: Day 1: deep ploughing. Day 2-5: first cultivation. Day 7-10: second cultivation. Day 12-14: pre-transplant irrigation. Day 15-18: final cultivation + bed making. Day 18-20: transplanting.,
tomato,Cultivation,How does land preparation differ for irrigated vs. rainfed tomato cultivation?,Rainfed tomato is not common (needs irrigation). For irrigated: finer seedbed laser leveling raised beds pre-transplant irrigation. Rainfed (limited areas): moisture conservation focus fewer cultivations deeper ploughing mulching.,
tomato,Cultivation,What is the recommended seed rate for tomato nursery in Pakistan?,Seed rate: 100-150 grams per acre (for nursery covering 1 acre). For hybrid seeds: 50-80 grams (expensive). For open-pollinated: 150-200 grams. Nursery area: 1/10 to 1/8 acre (400-500 sq yards) for 1 acre main field.,
tomato,Cultivation,What is the optimum row spacing and plant spacing for tomato in the field?,Row spacing: 60-90 cm (24-36 inches). For determinate varieties: 60 cm. For indeterminate (staking): 90 cm. Plant to plant spacing: 45-60 cm (18-24 inches). On raised beds: 1-2 rows per bed (60-120 cm bed). Target population: 10000-15000 plants per acre (indeterminate) or 15000-20000 (determinate).,
tomato,Cultivation,What is the recommended transplanting depth for tomato seedlings?,Transplant at same depth as nursery (soil line on stem). Deep planting causes stem rot. Shallow planting causes poor anchoring. Plant in moist soil. For leggy seedlings: plant up to first true leaves.,
tomato,Cultivation,What transplanting method is best for tomato?,Manual transplanting: make hole with dibber place seedling press soil firmly. Water immediately. Mechanical transplanters are rare in Pakistan. For tunnel tomatoes: plant in raised beds with drip irrigation.,
tomato,Weather,How should tomato be transplanted after a previous crop (e.g. rice-wheat system)?,1) After rice: Allow field to dry (7-10 days). Prepare raised beds. Transplant tomato Oct-Nov. 2) After wheat: transplant as spring crop (Feb-Mar). 3) Ensure no herbicide carryover. 4) Best rotation: maize - tomato - wheat.,
tomato,Cultivation,What equipment or tools are used for transplanting tomato in Pakistan?,Dibber (wooden or metal) string for row marking manual transplanters. For large farms: mechanical transplanter (tractor-drawn).,
tomato,Cultivation,What are the major crop management activities for tomato?,Nursery management land preparation transplanting staking pruning weeding (2-3 times) irrigation fertilization pest control harvesting.,
tomato,Cultivation,What is staking and why is it important for tomato?,Staking: supporting plants with bamboo stakes or trellis. Benefits: keeps fruits off ground (reduces rot) improves air circulation (reduces disease) easier harvesting increases yield 30-50%.,
tomato,Cultivation,When and how should staking be done?,Install stakes at transplanting (bamboo 1.5-2m tall) or within 15 days. Tie plants every 15-20 cm using soft twine.,
tomato,Cultivation,What is pruning in tomato and when should it be done?,Pruning: removing side shoots (suckers) for indeterminate varieties. Keep 1-2 main stems. Start at 30 days after transplanting. Determinate varieties not pruned.,
tomato,Pesticide,How should weeding be done in tomato fields?,Weeding at 20-25 days and 40-45 days after transplanting. Shallow cultivation (5-8 cm) to avoid root damage.,
tomato,Cultivation,What is the optimal plant population per acre for tomato?,10000-15000 plants per acre for indeterminate (staking) varieties. 15000-20000 for determinate (bush) varieties.,
tomato,Varieties,What are the most commonly grown varieties of tomato in Pakistan?,Commonly grown varieties include: 1) Riogrande (processing determinate). 2) Roma (pear-shaped processing). 3) Sahel (determinate high yield). 4) T-1359 (indeterminate salad type). 5) Salar (heat tolerant). 6) Nageeb (long shelf life). 7) Pakit (local). 8) Hybrid varieties from seed companies (Nunhems Syngenta Seminis). Traditional varieties yield 150-200 maunds/acre hybrids 300-500 maunds.,
tomato,Varieties,What are the improved and recommended varieties of tomato approved by Pakistani agricultural research institutes?,Improved varieties approved by PARC/NARC/Ayub Research: 1) T-1359 (Ayub Research Faisalabad) - indeterminate high yield 300-400 maunds/acre good quality. 2) Nageeb (Vegetable Research Institute Sahiwal) - long shelf life 15-20 days after harvest. 3) Salar (NARC) - heat tolerant for Sindh and South Punjab. 4) Riogrande (processing) - high solids. 5) Pakit (local) - disease tolerant. 6) Hybrids: Sahel Avinash Diamond (private).,
tomato,Varieties,What are the early-maturing medium-maturing and late-maturing varieties of tomato available in Pakistan?,Early-maturing (60-75 days): Sahel Avinash (hybrids). Medium-maturing (75-90 days): T-1359 Nageeb Salar. Late-maturing (90-110 days): Riogrande (processing) Roma. Early varieties for tunnel and early market (higher price). Late varieties for processing and long storage.,
tomato,Soil,What type of soil is best suited for growing tomato in Pakistan?,Well-drained sandy loam or loamy soil rich in organic matter is best. Deep fertile soils (45-60 cm depth) with pH 6.0-6.8. Tomato requires good drainage (waterlogging causes root rot). Avoid heavy clays and very sandy soils.,
tomato,Soil,What is the ideal soil pH range for tomato cultivation in Pakistan?,Ideal pH range is 6.0 to 6.8 (slightly acidic). Tomato can tolerate pH 5.5-7.5 but yields decline below 5.5 (blossom end rot from Ca deficiency) and above 7.0 (micronutrient deficiency Fe Zn).,
tomato,Soil,What soil texture (loamy sandy clayey) is most suitable for tomato?,Sandy loam and loam are most suitable - provide good drainage aeration and root development. Sandy soils: require frequent irrigation and high organic matter (fruit may be small). Clayey soils: problematic due to poor drainage (root rot) and fruit cracking.,
tomato,Soil,Can tomato be grown on saline or sodic soils (Kallar) in Pakistan? What are the precautions?,Tomato is salt-sensitive (ECe <2 dS/m). Not recommended on saline or sodic soils. If unavoidable: 1) Apply gypsum at 100% GR. 2) Heavy leaching before planting. 3) Use raised beds. 4) Add FYM 15-20 tons/acre. 5) Use salt-tolerant varieties (Salar has moderate tolerance). 6) Better to avoid.,
tomato,Soil,What soil drainage conditions are required for tomato?,Excellent drainage is critical. Tomato is sensitive to waterlogging - 24-48 hours of standing water causes root rot (Phytophthora) and plant death. Raised beds (15-20 cm high) essential in heavy soils or high rainfall areas.,
tomato,Soil,How does soil organic matter content affect the yield of tomato?,Higher organic matter (2-3%) improves: 1) Water holding capacity. 2) Nutrient availability (especially N P K). 3) Soil structure and root growth. 4) Fruit quality (flavor firmness). Every 0.5% increase in OM can boost yield by 10-15 maunds/acre.,
tomato,Soil,What soil testing should a farmer do before planting tomato in Pakistan?,Essential soil tests: 1) pH and EC (salinity). 2) Organic matter. 3) Available N (NO3-N). 4) Available P (Olsen P). 5) Available K. 6) Calcium (Ca) - for blossom end rot prevention. 7) Micronutrients: Zinc (Zn) and Boron (B). Sample depth: 6-9 inches.,
tomato,Soil,How should soil fertility be maintained or improved for repeated cultivation of tomato?,1) Crop rotation: tomato after cereals (wheat maize) - not after other solanaceous crops (potato pepper eggplant) to avoid disease buildup (Fusarium bacterial wilt). 2) Apply FYM/compost 10-12 tons/acre every 2-3 years. 3) Green manuring before tomato. 4) Balanced NPK and Ca fertilization. 5) Incorporate crop residues (not tomato residues).,
tomato,Soil,What are the signs of poor or unsuitable soil for tomato cultivation?,Signs: 1) Water pooling after rain (poor drainage). 2) White salt crust (saline). 3) Stunted yellow plants (N deficiency or waterlogging). 4) Purple leaf margins (P deficiency). 5) Blossom end rot (Ca deficiency). 6) Cracked fruit (irregular moisture).,
tomato,Soil,What soil preparation practices improve the structure and health of soil for tomato?,1) Deep ploughing (25-30 cm) every 2-3 years. 2) Add organic matter (FYM 10-12 tons/acre). 3) Green manuring 6-8 weeks before transplanting. 4) Gypsum for sodic soils. 5) Laser leveling for uniform irrigation. 6) Raised bed preparation (15-20 cm high). 7) Avoid excessive tillage.,
tomato,SowingTime,When is the best time to sow tomato nursery in Punjab Pakistan?,Tomato nursery sowing: Rabi (winter): September 15 to October 31. Central Punjab: Oct 1-25. South Punjab: Sep 15-Oct 15. Spring: January 15-February 15. Summer (highlands): March-April. Tunnel: August-September.,
tomato,SowingTime,When is the best time to sow tomato nursery in Sindh Pakistan?,Sindh: Rabi crop: September 15 to November 15. Lower Sindh: Oct 1-Nov 15. Upper Sindh: Sep 15-Oct 31. Spring: January 1-31. Summer not recommended (too hot).,
tomato,SowingTime,When is the best time to sow tomato nursery in KPK Pakistan?,KPK: Rabi crop: October 1 to November 15. Peshawar valley: Oct 15-Nov 15. Spring: February-March. Summer (high elevations Swat Abbottabad): March-April.,
tomato,SowingTime,When is the best time to sow tomato nursery in Balochistan Pakistan?,Balochistan: Spring crop (main): February 15 to April 15. Quetta/Pishin: Mar 1-Apr 15. Summer (high valleys): April-May. Autumn (plains): August-September.,
tomato,SowingTime,When is the best time to sow tomato nursery in South Punjab (Multan Bahawalpur DG Khan)?,South Punjab: Autumn crop: September 15 to October 15. Spring crop: January 15-February 15. Summer not recommended (heat stress).,
tomato,Cultivation,What happens if tomato is transplanted too early or too late in Pakistan?,Too early (September): high temperature stress (>35°C) causes flower drop poor fruit set. Too late (January-February): shortened growing season reduced yield (30-50% loss) higher disease pressure.,
tomato,Yield,How does transplanting time affect the yield and quality of tomato?,Each week delay after optimum reduces yield by 5-10%. Optimum transplanting (Oct-Nov) gives 300-500 maunds/acre (hybrid). Late transplanting (Jan-Feb) gives 150-200 maunds. Quality: late planting produces smaller fruits more cracks.,
tomato,Cultivation,What seed treatment (Zahar-alood) should be done before sowing tomato seeds?,Seed treatment is essential: 1) Fungicide for seed-borne diseases (Fusarium Alternaria). 2) Insecticide for early pests. 3) Bio-priming (optional). Treat seeds 24 hours before sowing.,
tomato,Diseases,Which fungicide is recommended for seed treatment of tomato?,Carbendazim (Bavistin) 2g per kg seed. Thiram 2.5g per kg seed. Metalaxyl (Apron) 2g per kg - effective against damping off. For hot water treatment: soak seeds at 50°C for 25 minutes.,
tomato,Pesticide,Which insecticide is recommended for seed treatment of tomato?,Imidacloprid (Confidor) 5ml per kg seed - controls early aphids and whitefly. Thiamethoxam 4ml per kg seed.,
tomato,Cultivation,What is the process of seed treatment for tomato?,Process: 1) Calculate seed quantity (100-150g/acre). 2) Mix fungicide + insecticide in 20-30ml water per 100g seed. 3) Spread seeds on clean polythene sheet. 4) Pour solution while mixing. 5) Dry in shade for 1-2 hours. 6) Sow within 24-48 hours.,
tomato,Cultivation,Should tomato seeds be soaked in water before sowing?,Soaking is optional for old seeds (6-12 hours). For fresh seeds dry sowing is fine. Soaked seeds must be sown immediately.,
tomato,Cultivation,How does seed treatment affect germination rate?,Seed treatment increases germination from 70-80% to 90-95% and protects from damping off.,
tomato,Cultivation,What is bio-priming or microbial seed treatment for tomato?,Treat seeds with Trichoderma harzianum (5g per kg seed) or Pseudomonas fluorescens for bio-control of soil-borne diseases.,
tomato,HarvestTime,How should treated tomato seed be stored before sowing?,Sow within 24-48 hours. Do not store for more than 7 days.,
tomato,Cultivation,What are the safety precautions for seed treatment?,Wear gloves and mask. Avoid inhalation. Wash hands after.,
tomato,Pesticide,What are the major weeds in tomato fields?,Bathu Maina Peeli Buti wild oat Cyperus rotundus Cynodon dactylon.,
tomato,Pesticide,What is the critical period of weed competition?,15-45 days after transplanting. Weeds cause 40-70% yield loss.,
tomato,Pesticide,What herbicides are recommended for tomato?,Pre-emergence: Pendimethalin 600ml/acre or Metribuzin 200g/acre. Post-emergence: Quizalofop for grasses. Manual weeding for broadleaf.,
tomato,Pesticide,How many manual weedings are recommended?,2-3 manual weedings at 20 40 and 60 days.,
tomato,Pesticide,What are the major insect pests of tomato in Pakistan?,Tomato fruit borer (Helicoverpa armigera) - most destructive. Whitefly (Bemisia tabaci) - virus vector. Aphids. Leaf miner. Cutworms. Red spider mite. Thrips.,
tomato,Pesticide,What is the economic threshold level (ETL) for tomato fruit borer?,5-10% fruit damage or 2-3 eggs per plant. Spray when threshold reached.,
tomato,Pesticide,How to identify tomato fruit borer damage?,Larvae bore into green fruits causing holes. Fruits rot or drop. Larvae green/brown with stripes.,
tomato,Pesticide,How to control tomato fruit borer?,Spinosad 80ml/acre Emamectin benzoate 200ml/acre Chlorantraniliprole 60ml/acre. Use pheromone traps (1 per acre).,
tomato,Pesticide,What damage does whitefly cause?,Sucks sap causes yellowing. Transmits Tomato Leaf Curl Virus (TLCV) - most destructive viral disease. Sooty mold from honeydew.,
tomato,Pesticide,How to control whitefly?,Imidacloprid 250ml/acre Pyriproxyfen 200ml/acre yellow sticky traps. Remove infected plants (virus).,
tomato,Diseases,What are the major diseases of tomato in Pakistan?,Late blight (Phytophthora infestans) - most destructive. Early blight (Alternaria solani). Bacterial wilt (Ralstonia). Tomato leaf curl virus (TLCV) - whitefly transmitted. Fusarium wilt. Septoria leaf spot.,
tomato,Diseases,How to identify late blight?,Water-soaked spots on leaves white fuzzy growth on underside. Dark lesions on stems. Fruits develop greasy brown rot. Favored by cool humid weather.,
tomato,Diseases,How to control late blight?,Mancozeb 500g/acre (preventive) Metalaxyl + Mancozeb 400g/acre (curative). Remove infected plants.,
tomato,Diseases,How to identify early blight?,Target-like concentric rings on lower leaves. Yellow halo. Fruits infected at stem end.,
tomato,Diseases,How to control early blight?,Mancozeb Chlorothalonil Tebuconazole. Crop rotation.,
tomato,Diseases,How to identify bacterial wilt?,Sudden wilting plants remain green. Cut stem oozes white slime in water. Vascular browning.,
tomato,Diseases,How to control bacterial wilt?,No cure. Use resistant varieties (e.g. Nageeb). Crop rotation (5 years). Soil solarization.,
tomato,Cultivation,How to identify Tomato Leaf Curl Virus (TLCV)?,Leaves curl upward become yellow between veins. Plants stunted. Fruits small. Transmitted by whitefly.,
tomato,Cultivation,How to control TLCV?,Control whitefly. Remove infected plants. Use resistant varieties. Netting for tunnels.,
tomato,Fertilizer,What are the recommended fertilizers for tomato cultivation in Pakistan?,Tomato requires: Nitrogen (leaf growth) Phosphorus (root and fruit set) Potassium (fruit quality) Calcium (prevents blossom end rot). Use: Urea DAP SOP (not MOP) and Calcium nitrate. Also FYM 10-12 tons/acre.,
tomato,Fertilizer,What is the recommended NPK dose per acre for tomato in Pakistan?,NPK: 60-80 kg N + 50-60 kg P2O5 + 60-80 kg K2O per acre. For low fertility: N=80 P=60 K=80. For high fertility: N=60 P=50 K=60. Calcium: 20-25 kg Ca/acre (as calcium nitrate).,
tomato,Fertilizer,What is the recommended dose of nitrogen (N) fertilizer for tomato in Pakistan?,60-80 kg N per acre. Apply in 3 splits: 1/3 at transplanting 1/3 at 30 days (flowering) 1/3 at 50 days (fruit set). On sandy soils split into 4 applications.,
tomato,Fertilizer,What is the recommended dose of phosphorus (P) fertilizer for tomato in Pakistan?,50-60 kg P2O5 per acre. Apply full dose at transplanting (basal). Phosphorus is critical for root development and fruit set.,
tomato,Fertilizer,What is the recommended dose of potassium (K) fertilizer for tomato in Pakistan?,60-80 kg K2O per acre. Use SOP (sulfate of potash) - tomato is chloride sensitive (MOP causes poor fruit quality). Apply full dose at transplanting or 1/2 at transplanting + 1/2 at flowering.,
tomato,Fertilizer,When and how should the first dose of fertilizer (Basal Dose) be applied to tomato?,Basal dose applied at transplanting: full P and K + 1/3 of N. Broadcast and incorporate into beds before transplanting. Avoid direct contact with roots.,
tomato,Cultivation,When and how should the second and subsequent doses (Top Dressing) be applied to tomato?,Top dressing: Apply remaining N in two splits - at 30 days (flowering) and 50 days (fruit set). Broadcast urea between rows. Apply just before irrigation.,
tomato,Fertilizer,What is the role of calcium (Ca) fertilizer in tomato cultivation?,Calcium prevents blossom end rot (BER). Deficiency causes black sunken spots on fruit bottom. Apply calcium nitrate (20-25 kg/acre) at transplanting and as foliar spray (0.5%) at flowering.,
tomato,Fertilizer,What is the role of boron (B) fertilizer in tomato?,Boron improves fruit set and prevents cracking. Apply borax 1-2 kg/acre at transplanting. Foliar spray 0.1% boric acid at flowering.,
tomato,Soil,What micronutrient deficiencies are commonly observed in tomato in Pakistani soils?,Calcium (Ca) - blossom end rot. Boron (B) - fruit cracking poor set. Zinc (Zn) - stunted growth. Iron (Fe) - interveinal chlorosis in high pH soils.,
tomato,Fertilizer,How can organic fertilizers (FYM compost Green Manure) be used for tomato?,Apply FYM 10-12 tons/acre 15-20 days before transplanting. Green manuring adds 40-50 kg N/acre. Organic sources improve soil health and fruit quality.,
tomato,Fertilizer,What is the recommended dose of farmyard manure (FYM) for tomato in Pakistan?,10-12 tons (200-240 maunds) per acre. Well-rotted FYM. Fresh FYM may cause scab and weed problems.,
tomato,Fertilizer,How does fertilizer application differ for irrigated vs. rainfed tomato cultivation?,Rainfed tomato not common. For irrigated: split N (3 splits). Rainfed: all fertilizer at transplanting lower N (40-50 kg/acre).,
tomato,Fertilizer,What are the signs of nitrogen deficiency in tomato?,Pale green leaves stunted growth small fruits. Remedy: apply urea 10-15 kg/acre as top dressing.,
tomato,Fertilizer,What are the signs of phosphorus deficiency in tomato?,Purplish leaves delayed maturity poor fruit set.,
tomato,Fertilizer,What are the signs of potassium deficiency in tomato?,Yellow leaf margins brown scorching small poor-quality fruits.,
tomato,Cultivation,What are the signs of calcium deficiency in tomato?,Blossom end rot (black sunken lesion on fruit bottom) on young fruits. Remedy: calcium nitrate foliar spray.,
tomato,Fertilizer,What happens if too much fertilizer (over-dose) is applied to tomato?,Excess N: lush growth poor fruit set more disease (early blight). Excess K: can cause Mg deficiency. Excess fertilizer: salt injury leaf burn.,
tomato,Fertilizer,What are the recommended fertilizer products for tomato in Pakistan?,Urea DAP SOP (potassium sulfate) Calcium nitrate SSP ZnSO4 Borax. Avoid MOP (chloride).,
tomato,Fertilizer,How should urea be applied to tomato to avoid losses?,Apply just before irrigation. Incorporate into soil. Use neem-coated urea.,
tomato,Irrigation,How many irrigations does tomato require in total?,Tomato needs 10-15 irrigations depending on soil and season. Schedule: 1st immediately after transplanting then every 5-7 days in summer every 7-10 days in winter. Drip irrigation reduces frequency.,
tomato,Irrigation,When should the first irrigation be given after transplanting?,Immediately after transplanting (same day). Second at 5-7 days.,
tomato,Irrigation,What are the critical growth stages for irrigation?,Flowering (45-60 days) and fruit set (60-75 days) are critical. Water stress at flowering causes flower drop (30-50% loss). Stress at fruit set causes small fruits and cracking.,
tomato,Irrigation,How many days apart should irrigations be given in summer?,Summer tomato (highlands): interval 5-7 days.,
tomato,Irrigation,How many days apart should irrigations be given in winter?,Winter tomato (main crop): interval 7-12 days.,
tomato,Irrigation,What is the total water requirement of tomato?,400-600 acre-inches (10-15 million liters per acre).,
tomato,Irrigation,What irrigation method is suitable for tomato?,Drip irrigation is best (saves 40-50% water reduces disease). Furrow irrigation also good. Avoid overhead irrigation (promotes late blight).,
tomato,Irrigation,How does drip irrigation improve tomato production?,Saves water allows fertigation keeps foliage dry (reduces blight) reduces fruit cracking increases yield 20-30%.,
tomato,Irrigation,What are the signs of water stress in tomato?,Wilting flower drop fruit cracking small fruits blossom end rot (calcium uptake affected).,
tomato,Irrigation,What are the signs of waterlogging in tomato?,Yellow leaves root rot plant death. Drain immediately.,
tomato,Irrigation,Should tomato irrigation be stopped before harvest?,No - maintain uniform moisture. Fluctuations cause fruit cracking. Reduce irrigation slightly as fruits ripen.,
tomato,Irrigation,How does canal water vs. tube well (brackish) water affect tomato?,Canal water best. Brackish water (EC >1.5) causes leaf burn reduced yield. If only saline: mix with canal water apply gypsum.,
tomato,Yield,What is the average yield of tomato per acre in Pakistan?,Average: 150-200 maunds/acre (6000-8000 kg) for open-pollinated. Hybrid: 300-500 maunds/acre. Tunnel: 500-800 maunds/acre.,
tomato,Yield,What is the maximum achievable yield?,800-1000 maunds/acre (32000-40000 kg) in tunnel with hybrid varieties.,
tomato,Yield,What are the main reasons for low yield?,Fruit borer (20-40% loss) late blight (30-50% loss) TLCV (50-80% loss) poor pollination (flower drop) nutrient imbalance.,
tomato,Yield,How can a farmer increase yield?,Use hybrid seed staking and pruning drip irrigation balanced NPK + Ca pest/disease control.,
tomato,Varieties,What are high-yielding varieties?,Sahel (hybrid) 400-500 maunds T-1359 300-400 maunds Nageeb 300-350 maunds.,
tomato,Yield,What are the top 5 things to double yield?,1) Hybrid seed. 2) Staking + pruning. 3) Drip irrigation + fertigation. 4) Fruit borer and late blight control. 5) Calcium and boron application.,
tomato,HarvestTime,When is tomato ready for harvest?,Harvest when fruits reach full color (red pink yellow) but still firm. For local market: 75-90% color. For long distance: 30-50% color (breaker stage).,
tomato,HarvestTime,What are the visual signs of maturity?,Fruit color changes from green to red/orange. Firmness (slight give). Easy separation from calyx.,
tomato,HarvestTime,How is tomato harvested?,Manual picking. Twist and pull fruits with calyx attached. Handle gently. Pick every 3-5 days. Harvest in morning.,
tomato,HarvestTime,What is the correct harvesting time in Punjab?,Spring crop: April-May. Autumn crop: January-March. Tunnel: December-March.,
tomato,HarvestTime,How long after transplanting is tomato harvested?,45-60 days after transplanting for first pick. Harvest continues for 30-60 days.,
tomato,HarvestTime,How should tomato be stored after harvest?,Store at 12-15°C (not below 10°C - chilling injury). Humidity 85-90%. Shelf life 7-14 days. Do not store with ethylene-producing fruits.,
tomato,HarvestTime,What is the ideal temperature for tomato storage?,Green tomatoes: 12-15°C. Ripe tomatoes: 8-10°C. Below 10°C causes chilling injury (watery texture).,
tomato,HarvestTime,What are major post-harvest losses?,Bruising (10-20%) rot (5-15%) over-ripening. Reduce by careful handling grading cold storage.,
tomato,Weather,How does frost affect tomato?,Frost kills plants. Transplant after frost risk (Feb in plains). In tunnels use heaters.,
tomato,Weather,How does extreme heat (above 35°C) affect tomato?,Flower drop poor fruit set small fruits. Use heat-tolerant varieties (Salar). Shade net in summer.,
tomato,Cultivation,How does hail damage tomato?,Shreds leaves bruises fruits. After hail apply fungicide (Mancozeb).,
tomato,AskingHelp,What government schemes are available for tomato farmers?,Kisan Card (fertilizer subsidy) Green Tractor Scheme drip irrigation subsidy (60-80%) crop insurance.,
tomato,Varieties,Which institutes developed tomato varieties?,Ayub Research (T-1359) Vegetable Research Institute Sahiwal (Nageeb) NARC (Salar).,
tomato,Cultivation,Where to get certified tomato seed?,Punjab Seed Corporation Agriculture Extension private seed companies (Syngenta Nunhems Seminis).,
tomato,AskingHelp,What extension services are available?,Kisan Helpline 0800-15000 SMS alerts farmer field schools mobile apps.,
tomato,AskingHelp,What loans are available for tomato?,ZTBL Bank of Punjab (Kisan Dost) Kisan Card.,
tomato,AskingHelp,What agricultural insurance is available for tomato?,PM Crop Insurance Scheme covers tomato. Premium subsidy 50%.,
tomato,Diseases,Where to report tomato disease outbreaks?,District Agriculture Office Kisan Helpline local Field Assistant.,

turnip,Cultivation,What is turnip and what is its agricultural importance in Pakistan?,Turnip (Brassica rapa) known as Shaljam is an important rabi vegetable and fodder crop in Pakistan. Its agricultural importance includes: 1) Edible root consumed raw in salads or cooked in curries. 2) Leaves (saag) used as green vegetable. 3) High-value cash crop for winter markets (Rs. 40-80/kg). 4) Short duration (50-70 days) fits in multiple cropping systems. 5) Excellent fodder for livestock (roots and leaves). 6) Can be grown on marginal soils. 7) Pickling and processing potential.,
turnip,Cultivation,What are the main growing regions of turnip in Pakistan?,Turnip is grown throughout Pakistan. Major regions: Punjab: Lahore Kasur Okara Sahiwal Multan Faisalabad Gujranwala Sialkot Rawalpindi Attock Chakwal. Sindh: Hyderabad Mirpurkhas Sukkur Larkana. KPK: Peshawar Mardan Swabi Mansehra Abbottabad Dera Ismail Khan. Balochistan: Quetta Pishin Mastung Kalat (spring/summer crop). Grown in both plains and hills.,
turnip,Cultivation,What are the climate and temperature requirements for successful cultivation of turnip in Pakistan?,Turnip requires cool temperate climate. Optimum temperature: 10-18°C for root development. Minimum germination: 5-7°C. High temperature (>25°C) causes pithiness (hollow roots) and pungency. Frost improves sweetness (converts starch to sugar). Needs 300-400mm rainfall or irrigation. Long days promote bolting short days favor root growth.,
turnip,Cultivation,In which season(s) is turnip cultivated in Pakistan (Rabi/Kharif)?,Turnip is primarily a Rabi (winter) crop in plains: sown September-November harvested October-February. In high altitude areas (Balochistan KPK hills) it is grown as spring/summer crop: sown March-April harvested June-July. Also autumn crop in August-September.,
turnip,HarvestTime,What is the typical crop duration/life cycle of turnip from sowing to harvest?,Typical crop duration is 50-80 days depending on variety. Early varieties: 45-55 days. Medium: 55-70 days. Late (fodder/storage): 70-90 days. In warm conditions: shorter duration (45-55 days). In cool conditions: longer (60-80 days).,
turnip,Cultivation,What are the growth stages of turnip and what happens at each stage?,1) Germination (0-8 days): Seed absorbs water radicle emerges. 2) Seedling (8-20 days): First true leaves taproot begins to swell. 3) Root enlargement (20-50 days): Hypocotyl thickens rapidly (edible root forms). 4) Maturity (50-80 days): Root reaches marketable size (5-10 cm diameter). 5) Bolting (if delayed): Flower stalk emerges root becomes pithy (not marketable).,
turnip,Cultivation,How does turnip contribute to food security and the farming economy in Pakistan?,Turnip contributes: 1) Affordable winter vegetable for daily consumption. 2) Quick returns (50-70 days) - ideal for catch cropping after rice. 3) Generates income for small farmers (Rs. 150000-250000/acre profit). 4) Leaves as nutritious fodder for livestock (reduces feed cost). 5) Can be stored for 2-3 months in winter. 6) Fits in rice-wheat system as a short-duration crop.,
turnip,Cultivation,How should land be prepared before sowing turnip in Pakistan?,Land prepared to fine tilth. Sequence: 1) Deep ploughing. 2) 2-3 cultivations. 3) Planking. 4) Laser leveling. 5) Raised bed formation (10-15 cm high 60-120 cm wide). 6) Final planking.,
turnip,Cultivation,How many ploughings are recommended for land preparation for turnip?,4-6 ploughings: 1 deep ploughing + 2-3 cultivator passes + 2 plankings. In heavy clay: 5-6 passes.,
turnip,Cultivation,What is the role of deep ploughing in turnip cultivation?,Deep ploughing (20-25 cm): 1) Breaks hardpan for root penetration. 2) Enhances drainage. 3) Exposes soil pests. 4) Incorporates organic matter.,
turnip,Cultivation,What is the recommended land leveling (Laser Leveling) method before planting turnip?,Laser leveling recommended for uniform irrigation and drainage. Saves water 20-30%.,
turnip,Cultivation,Should ridges and furrows be made for turnip cultivation in Pakistan? How?,Raised beds (ridges and furrows) recommended for heavy soils. Method: Make beds 10-15 cm high 60-120 cm wide (2-4 rows per bed). Furrow depth 10-15 cm. Benefits: drainage root shape easy harvest.,
turnip,HarvestTime,How should previously harvested crop residue be managed before planting turnip?,Incorporate previous crop residues (wheat rice maize). Avoid planting turnip after other brassicas - minimum 3-year rotation.,
turnip,Irrigation,What pre-sowing irrigation (Raunni) is required for turnip land preparation?,Pre-sowing irrigation given 10-15 days before sowing if soil dry. Apply 2-3 acre-inches.,
turnip,Cultivation,What implements and machinery are used for land preparation for turnip in Pakistan?,Disc plough cultivator rotavator plank laser land leveler bed planter/ridger.,
turnip,Cultivation,How many days before sowing should land preparation begin for turnip?,Start 10-15 days before sowing. Day 1-5: ploughing. Day 5-10: cultivation bed making.,
turnip,Cultivation,How does land preparation differ for irrigated vs. rainfed turnip cultivation?,Rainfed turnip is limited. Irrigated: finer seedbed laser leveling raised beds. Rainfed: moisture conservation deeper ploughing rougher seedbed mulching.,
turnip,Cultivation,What is the recommended seed rate (kg/acre) for turnip in Pakistan?,Seed rate: 3-4 kg per acre for direct sowing. For small-seeded varieties: 2.5-3 kg. For bold-seeded: 4-5 kg. Use fresh high-germination seed (>80%).,
turnip,Cultivation,What is the optimum row spacing and plant spacing for turnip in Pakistan?,Row spacing: 30-45 cm. Plant to plant spacing: 8-12 cm after thinning. On raised beds: 2-4 rows per bed. Target population: 200000-300000 plants per acre.,
turnip,Cultivation,What is the recommended sowing depth for turnip seeds in Pakistan?,Sowing depth: 1.5-2.5 cm. In sandy soils: 2.5-3 cm. In heavy soils: 1-1.5 cm. Deeper than 3 cm reduces emergence.,
turnip,Cultivation,What sowing method is best for turnip — broadcast (Chatha) drill dibbling or transplanting?,Drill sowing is best for uniform spacing. Broadcasting is common but leads to overcrowding. Transplanting NOT practiced for turnip (taproot sensitive).,
turnip,Weather,How should turnip be sown after a previous crop (e.g. rice-wheat system)?,After rice: allow field to dry 7-10 days sow turnip Sep-Oct. After wheat: sow as spring crop (Jan-Feb). Best rotation: maize - turnip - wheat.,
turnip,Cultivation,Can turnip be sown using zero-till or minimum-till techniques in Pakistan?,Zero-till possible. Sow directly into standing stubble (after rice). Use zero-till drill. Benefits: saves time moisture conservation.,
turnip,Cultivation,What equipment or tools are used for sowing turnip in Pakistan?,Seed drill manual dibber string for row marking. Broadcasting by hand common.,
turnip,Cultivation,What are the major crop management activities for turnip?,Land prep sowing thinning (10-15 days) weeding (2 times) irrigation fertilization pest control harvest.,
turnip,Cultivation,When should thinning (Gidai) be done in turnip?,Thinning at 10-15 days after sowing when plants 5-8 cm tall. Remove excess plants to achieve spacing 8-12 cm.,
turnip,Cultivation,How should inter-cultivation be done in turnip fields?,Weeding at 15-20 days and 30-35 days. Shallow cultivation (2-3 cm) to avoid root damage.,
turnip,Cultivation,What is the optimal plant population per acre for turnip?,200000-300000 plants per acre (spacing 30-45 cm row × 8-12 cm plant).,
turnip,Varieties,What are the most commonly grown varieties of turnip in Pakistan?,Commonly grown varieties include: 1) Purple Top White Globe (purple shoulder white bottom) - most popular. 2) Golden Ball (yellow flesh). 3) Early White (white all over). 4) Desi Shaljam (local small round). 5) Peshawar Local (adapted to cooler areas). 6) Snowball (cold tolerant). 7) Forage turnip (large roots for livestock). Traditional varieties yield 150-250 maunds/acre.,
turnip,Varieties,What are the improved and recommended varieties of turnip approved by Pakistani agricultural research institutes?,Improved varieties approved by PARC/NARC/Ayub Research: 1) Purple Top White Globe (Vegetable Research Institute Sahiwal) - purple shoulder white flesh yield 200-300 maunds/acre excellent storage. 2) Golden Ball (Ayub Research Faisalabad) - yellow flesh high sugar content. 3) Early White (NARC) - early maturing 50-55 days. 4) Snowball (for northern areas) - frost tolerant. 5) Forage Turnip (Ayub Research) - high biomass for livestock.,
turnip,Varieties,What are the early-maturing medium-maturing and late-maturing varieties of turnip available in Pakistan?,Early-maturing (45-55 days): Early White Desi Local. Medium-maturing (55-70 days): Purple Top White Globe Snowball. Late-maturing (70-90 days): Golden Ball Forage Turnip. Early varieties for early market (higher price). Late varieties for storage and livestock.,
turnip,Varieties,What are high-yielding varieties of turnip?,Purple Top White Globe (250-300 maunds) Golden Ball (200-250).,
turnip,Soil,What type of soil is best suited for growing turnip in Pakistan?,Well-drained sandy loam or loamy soil rich in organic matter is best. Deep loose soil (30-45 cm) allows round root development. Avoid heavy clays (roots become misshapen forked) and very sandy soils (low water holding). pH 6.0-7.0.,loamy
turnip,Soil,What is the ideal soil pH range for turnip cultivation in Pakistan?,Ideal pH range is 6.0 to 7.0 (slightly acidic to neutral). Turnip can tolerate pH 5.5-7.5 but roots become pungent and misshapen below 5.5. At high pH >7.0: clubroot disease risk increases.,loamy
turnip,Soil,What soil texture (loamy sandy clayey) is most suitable for turnip?,Sandy loam and loam are most suitable - provide good drainage aeration and easy root expansion. Sandy soils: produce smaller roots but good for early crop. Clayey soils: problematic - roots become forked hairy misshapen and difficult to harvest.,clay
turnip,Soil,Can turnip be grown on saline or sodic soils (Kallar) in Pakistan? What are the precautions?,Turnip is moderately salt-sensitive (ECe <3 dS/m). Not recommended on saline soils. If unavoidable: 1) Apply gypsum. 2) Heavy leaching. 3) Use raised beds. 4) Add FYM 15-20 tons/acre. 5) Use salt-tolerant varieties (limited).,saline
turnip,Soil,What soil drainage conditions are required for turnip?,Good drainage is essential. Turnip is sensitive to waterlogging - standing water causes root rot and splitting. Raised beds (10-15 cm high) recommended in heavy soils.,clay
turnip,Soil,How does soil organic matter content affect the yield of turnip?,Higher organic matter (2-3%) improves: 1) Root size and uniformity (no forking). 2) Water holding capacity. 3) Nutrient availability. 4) Flavor (sweet not pungent). Every 0.5% increase in OM boosts yield by 5-10 maunds/acre.,loamy
turnip,Soil,What soil testing should a farmer do before planting turnip in Pakistan?,Essential tests: pH EC organic matter available N P K Boron (B) - prevents hollow roots. Sample depth 6-9 inches.,loamy
turnip,Soil,How should soil fertility be maintained or improved for repeated cultivation of turnip?,1) Crop rotation: turnip after cereals (wheat maize) - not after other brassicas (cabbage cauliflower radish) to avoid clubroot. 2) Apply FYM 8-10 tons/acre every 2-3 years. 3) Green manuring. 4) Balanced NPK fertilization.,loamy
turnip,Soil,What are the signs of poor or unsuitable soil for turnip cultivation?,Signs: 1) Water pooling (poor drainage). 2) White salt crust. 3) Forked hairy misshapen roots (clay or compacted soil). 4) Hollow pithy roots (boron deficiency or heat). 5) Stunted plants (N deficiency).,loamy
turnip,Soil,What soil preparation practices improve the structure and health of soil for turnip?,1) Deep ploughing (20-25 cm). 2) Add organic matter (FYM). 3) Green manuring. 4) Gypsum for sodic soils. 5) Laser leveling. 6) Raised bed preparation (10-15 cm high).,loamy
turnip,SowingTime,When is the best time to sow turnip in Punjab Pakistan?,Optimum sowing: Rabi: September 15 to November 15. Central Punjab: Oct 1-Nov 15. South Punjab: Sep 15-Oct 31. Spring: January 15-February 28. Summer (highlands): March-April.,
turnip,SowingTime,When is the best time to sow turnip in Sindh Pakistan?,Sindh: September 15 to November 30. Lower Sindh: Oct 1-Nov 30. Upper Sindh: Sep 15-Oct 31. Spring: January 1-February 15.,
turnip,SowingTime,When is the best time to sow turnip in KPK Pakistan?,KPK: September 1 to October 31. Peshawar valley: Sep 15-Oct 31. Spring: February-March. Summer (high elevations): March-April.,
turnip,SowingTime,When is the best time to sow turnip in Balochistan Pakistan?,Balochistan: Spring crop: February 15 to April 15. Quetta/Pishin: Mar 1-Apr 15. Summer (high valleys): April-May. Autumn (plains): September-October.,
turnip,SowingTime,When is the best time to sow turnip in South Punjab (Multan Bahawalpur DG Khan)?,South Punjab: Autumn: September 15 to October 31. Spring: January 15-February 15.,
turnip,SowingTime,What happens if turnip is sown too early or too late in Pakistan?,Too early (August): high temperatures cause pithiness (hollow roots) bolting pungent bitter roots. Too late (December): slow growth (cold) small roots lower yield (30-50% loss).,
turnip,SowingTime,How does sowing time affect the yield and quality of turnip?,Each week delay after Oct 15 reduces yield 5-10%. Optimum Oct sowing gives 200-300 maunds/acre. Quality: late sowing produces small roots early sowing causes pithiness and bolting.,
turnip,Cultivation,What seed treatment (Zahar-alood) should be done before sowing turnip seeds?,Seed treatment recommended: 1) Fungicide for seed-borne diseases (Alternaria). 2) Insecticide for early pests. Treat seeds 24 hours before sowing.,
turnip,Diseases,Which fungicide is recommended for seed treatment of turnip?,Carbendazim 2g per kg seed. Thiram 2.5g per kg seed. Metalaxyl 2g per kg - effective against downy mildew.,
turnip,Pesticide,Which insecticide is recommended for seed treatment of turnip?,Imidacloprid 5ml per kg seed - controls early aphids and flea beetles. Chlorpyrifos 2-3ml per kg for cutworms.,
turnip,Cultivation,What is the process of seed treatment for turnip?,Mix fungicide + insecticide in 30-50ml water per kg seed. Spread seeds on polythene. Pour solution while mixing. Dry in shade. Sow within 24-48 hours.,
turnip,Cultivation,Should turnip seeds be soaked in water before sowing?,No. Soaking causes clumping and rot. Dry seed treatment is best.,
turnip,Cultivation,How does seed treatment affect germination rate?,Increases germination from 70-80% to 90-95% and protects from damping off.,
turnip,Cultivation,What is bio-priming for turnip seeds?,Treat seeds with Trichoderma harzianum 5g per kg seed or Pseudomonas fluorescens for bio-control.,
turnip,HarvestTime,How should treated turnip seed be stored before sowing?,Sow within 24-48 hours. Do not store more than 7 days.,
turnip,Cultivation,What are safety precautions for seed treatment?,Wear gloves and mask. Avoid inhalation. Wash hands after.,
turnip,Pesticide,What are the major weeds in turnip fields?,Bathu Maina Peeli Buti wild oat Cyperus rotundus Cynodon dactylon.,
turnip,Pesticide,What is the critical period of weed competition?,10-35 days after sowing. Weeds cause 50-70% yield loss.,
turnip,Pesticide,What herbicides are recommended for turnip?,Pre-emergence: Pendimethalin 500-600ml/acre. Post-emergence: Quizalofop for grasses. Manual weeding for broadleaf.,
turnip,Pesticide,How many manual weedings are recommended?,2 manual weedings at 15-20 days and 30-35 days.,
turnip,Pesticide,What are the major insect pests of turnip in Pakistan?,Flea beetle (Phyllotreta) - most damaging on seedlings. Aphids (Lipaphis erysimi). Cutworms. Cabbage white butterfly (caterpillar). Leaf miner.,
turnip,Cultivation,How to identify flea beetle damage?,Small round holes (shot holes) on leaves. Severe: skeletonized leaves. Seedlings can be killed.,
turnip,Cultivation,How to control flea beetle?,Imidacloprid 250ml/acre. Carbaryl 400g/acre. For organic: neem oil.,
turnip,Diseases,What are the major diseases of turnip?,Alternaria leaf spot (black spots). Downy mildew (yellow patches with fuzz). Clubroot (swollen distorted roots) - soil-borne. White rust.,
turnip,Cultivation,How to identify clubroot?,Roots become swollen distorted (clubs). Plants stunted yellow. Soil-borne fungus persists 10+ years.,
turnip,Cultivation,How to control clubroot?,No cure. Crop rotation (7-10 years). Lime to raise pH above 7.2. Resistant varieties (limited).,
turnip,Cultivation,How to identify Alternaria leaf spot?,Small dark brown spots with concentric rings on leaves. Yellow halo.,
turnip,Cultivation,How to control Alternaria?,Mancozeb 500g/acre. Chlorothalonil. Crop rotation.,
turnip,Fertilizer,What are the recommended fertilizers for turnip cultivation in Pakistan?,Turnip requires: Nitrogen (leaf growth) Phosphorus (root development) Potassium (root quality). Use Urea DAP SOP. Boron prevents hollow roots. FYM 8-10 tons/acre.,
turnip,Fertilizer,What is the recommended NPK dose per acre for turnip in Pakistan?,NPK: 30-40 kg N + 40-50 kg P2O5 + 40-50 kg K2O per acre. For low fertility: N=40 P=50 K=50. Boron: 1-2 kg/acre (borax).,
turnip,Fertilizer,What is the recommended dose of nitrogen (N) fertilizer for turnip in Pakistan?,30-40 kg N per acre. Apply in 2 splits: 1/2 at sowing 1/2 at 20-25 days (root enlargement). Excess N causes pithiness.,
turnip,Fertilizer,What is the recommended dose of phosphorus (P) fertilizer for turnip in Pakistan?,40-50 kg P2O5 per acre. Apply full dose at sowing (basal).,
turnip,Fertilizer,What is the recommended dose of potassium (K) fertilizer for turnip in Pakistan?,40-50 kg K2O per acre. Apply full dose at sowing. Potassium improves root size sweetness and storage.,
turnip,Fertilizer,When and how should the first dose of fertilizer (Basal Dose) be applied to turnip?,Basal: full P and K + 1/2 N applied at sowing. Broadcast and incorporate into soil.,
turnip,Cultivation,When and how should the second and subsequent doses (Top Dressing) be applied to turnip?,Top dressing: remaining 1/2 N at 20-25 days after sowing. Broadcast between rows before irrigation.,
turnip,Fertilizer,What is the role of boron (B) fertilizer in turnip cultivation?,Boron prevents hollow root (pithiness) and internal browning. Deficiency causes cracked roots. Apply borax 1-2 kg/acre at sowing. Foliar spray 0.1% boric acid at 20 days.,
turnip,Soil,What micronutrient deficiencies are commonly observed in turnip in Pakistani soils?,Boron (B) - hollow roots cracking. Zinc (Zn) - stunted growth. Iron (Fe) - interveinal chlorosis in high pH soils.,
turnip,Fertilizer,How can organic fertilizers (FYM compost) be used for turnip?,Apply FYM 8-10 tons/acre 15-20 days before sowing. Improves root quality and soil structure.,
turnip,Fertilizer,What is the recommended dose of farmyard manure (FYM) for turnip in Pakistan?,8-10 tons (160-200 maunds) per acre. Well-rotted FYM.,
turnip,Fertilizer,How does fertilizer application differ for irrigated vs. rainfed turnip cultivation?,Rainfed turnip limited. Irrigated: split N. Rainfed: all fertilizer at sowing lower N (25-30 kg/acre).,
turnip,Fertilizer,What are the signs of nitrogen deficiency in turnip?,Pale green leaves stunted growth small roots. Remedy: apply urea 10-15 kg/acre.,
turnip,Fertilizer,What are the signs of phosphorus deficiency in turnip?,Purplish leaves delayed maturity poor root development.,
turnip,Fertilizer,What are the signs of potassium deficiency in turnip?,Yellow leaf margins small roots poor storage quality.,
turnip,Fertilizer,What are the signs of boron deficiency in turnip?,Hollow pithy roots cracking internal browning. Remedy: borax application.,
turnip,Fertilizer,What happens if too much fertilizer (over-dose) is applied to turnip?,Excess N: lush leaves hollow roots poor quality. Excess fertilizer: salt injury leaf burn.,
turnip,Fertilizer,What are the recommended fertilizer products for turnip in Pakistan?,Urea DAP SOP SSP borax ZnSO4.,
turnip,Fertilizer,How should urea be applied to turnip to avoid losses?,Apply before irrigation. Incorporate into soil. Use neem-coated urea.,
turnip,Irrigation,How many irrigations does turnip require in total?,Turnip needs 6-10 irrigations. Schedule: 1st immediately after sowing then every 7-10 days. Stop 5-7 days before harvest.,
turnip,Irrigation,When should the first irrigation be given after sowing?,Immediately after sowing (same day). Second at 5-7 days.,
turnip,Irrigation,What are the critical growth stages for irrigation?,Root enlargement (20-40 days) is critical. Water stress causes small pithy pungent roots (30-50% loss).,
turnip,Irrigation,How many days apart should irrigations be given in winter?,Winter: interval 7-12 days. Sandy soils: 5-7 days. Loamy: 7-10 days. Clay: 10-12 days.,
turnip,Irrigation,What is the total water requirement of turnip?,300-500 acre-inches (7-12 million liters per acre).,
turnip,Irrigation,What irrigation method is suitable for turnip?,Furrow irrigation best. Drip excellent (saves water reduces leaf disease). Avoid overhead irrigation (promotes downy mildew).,
turnip,Irrigation,How does drip irrigation improve turnip production?,Saves 40-50% water keeps foliage dry reduces disease increases yield 20-30%.,
turnip,Irrigation,What are the signs of water stress in turnip?,Wilting leaves small pithy roots pungent taste premature bolting.,
turnip,Irrigation,What are the signs of waterlogging in turnip?,Yellow leaves root rot splitting. Drain immediately.,
turnip,Irrigation,Should turnip irrigation be stopped before harvest?,Yes stop 5-7 days before harvest to improve root firmness and sweetness.,
turnip,Irrigation,How does canal water vs. tube well (brackish) water affect turnip?,Canal water best. Brackish water (EC >1.5) damages turnip. Avoid.,
turnip,Yield,What is the average yield of turnip per acre in Pakistan?,Average: 150-200 maunds/acre (6000-8000 kg). Progressive: 250-300 maunds.,
turnip,Yield,What is the maximum achievable yield?,350-400 maunds/acre (14000-16000 kg) with improved variety and drip irrigation.,
turnip,Yield,What are the main reasons for low yield?,Flea beetle damage (20-40% loss) clubroot (50% loss) pithiness from heat late sowing poor soil.,
turnip,Yield,How can a farmer increase yield?,Use Purple Top White Globe variety boron application flea beetle control timely sowing (Oct).,
turnip,Yield,What are the top 5 things to double yield?,1) Improved variety (Purple Top). 2) Boron application (prevents hollow). 3) Flea beetle control. 4) Timely sowing (Oct). 5) Raised beds + drip irrigation.,
turnip,Diseases,What diseases affect turnip?,Alternaria leaf spot (black spots). Downy mildew (yellow patches with fuzz). Clubroot (swollen distorted roots) - soil-borne. White rust.,
turnip,HarvestTime,When is turnip ready for harvest?,50-80 days after sowing when roots reach 5-10 cm diameter. Harvest when roots are firm smooth not pithy.,
turnip,HarvestTime,What are the visual signs of maturity?,Root shoulder visible above soil. Size appropriate for variety. Leaves still green but not overgrown.,
turnip,HarvestTime,How is turnip harvested?,Manual: loosen soil with khurpa/spade then pull by leaves. Remove leaves (leave 1-2 cm stem). Grade by size.,
turnip,HarvestTime,What is the correct harvesting time in Punjab?,Autumn crop: October-December. Spring crop: March-April.,
turnip,HarvestTime,How long after sowing is turnip harvested?,45-80 days depending on variety.,
turnip,HarvestTime,How should turnip be stored after harvest?,Remove leaves. Store in cool dark place (0-5°C 90-95% RH) in perforated bags. Lasts 2-3 months.,
turnip,HarvestTime,What is the ideal temperature for turnip storage?,0-2°C for long-term storage (2-3 months). High humidity (90-95%) prevents shriveling.,
turnip,HarvestTime,What are major post-harvest losses?,Shriveling (10-20%) rot (5-15%) pithiness (if harvested late). Reduce by proper storage.,
turnip,Weather,How does frost affect turnip?,Frost improves sweetness (converts starch to sugar). Heavy frost (-5°C) damages roots. Mulch for protection.,
turnip,Weather,How does extreme heat (above 25°C) affect turnip?,Causes pithiness (hollow roots) pungency bolting. Avoid summer sowing in plains.,
turnip,Varieties,What are heat-tolerant turnip varieties?,Early White - short duration escapes heat. Not recommended for summer in plains.,
turnip,Irrigation,How should irrigation be adjusted during drought?,Prioritize root enlargement stage (20-40 days). Drip irrigation most efficient.,
turnip,AskingHelp,What government schemes are available for turnip farmers?,Kisan Card drip irrigation subsidy (60-80%) crop insurance.,
turnip,Varieties,Which institutes developed turnip varieties?,Ayub Research (Golden Ball) Vegetable Research Institute Sahiwal (Purple Top White Globe) NARC (Early White).,
turnip,Cultivation,Where to get certified turnip seed?,Punjab Seed Corporation Agriculture Extension progressive dealers.,
turnip,AskingHelp,What extension services are available?,Kisan Helpline SMS alerts farmer field schools.,
turnip,AskingHelp,What loans are available for turnip?,ZTBL Bank of Punjab (Kisan Dost) Kisan Card.,
turnip,AskingHelp,What agricultural insurance is available for turnip?,PM Crop Insurance Scheme covers turnip. Premium subsidy 50%.,
turnip,Diseases,Where to report turnip disease outbreaks?,District Agriculture Office Kisan Helpline local Field Assistant.,
turnip,AskingHelp,What role does the Provincial Agriculture Department play?,Extension services subsidized inputs soil testing pest forecasting subsidy administration.,

wheat,Weather,What is wheat and what is its agricultural importance in Pakistan?,Wheat (Triticum aestivum) known as Gandum is the staple food crop and the most important cereal in Pakistan. Its agricultural importance includes: 1) Primary source of calories (60-70% of daily diet) for 220 million people. 2) Covers the largest area of any crop (over 9 million hectares). 3) Provides employment for millions of farmers and laborers. 4) Government procurement and price support system ensures food security. 5) Wheat straw is valuable livestock feed. 6) Contributes 1.5-2% to national GDP. 7) Foundation of the rice-wheat cropping system that feeds South Asia.,
wheat,Weather,What are the main growing regions of wheat in Pakistan?,Wheat is grown in all provinces but major regions: Punjab: entire province especially central Punjab (Faisalabad Sahiwal Okara Sargodha) south Punjab (Multan Bahawalpur Rahim Yar Khan) and north Punjab (Rawalpindi Attock Chakwal). Sindh: Sukkur Jacobabad Larkana Hyderabad Mirpurkhas. KPK: Peshawar Mardan Dera Ismail Khan Swabi. Balochistan: Nasirabad Jaffarabad Quetta valley. Rainfed (Barani) areas: Pothwar plateau.,
wheat,Weather,What are the climate and temperature requirements for successful cultivation of wheat in Pakistan?,Wheat requires cool temperate climate. Optimum temperature: 20-25°C for germination 15-20°C for tillering 20-25°C for grain filling. Minimum temperature for growth: 4-5°C. Maximum tolerance: 35°C (above this causes forced maturity and shriveled grain). Frost at flowering (>-2°C) damages flowers. Needs 300-400mm rainfall or equivalent irrigation. Dry weather at harvest essential.,
wheat,Weather,In which season(s) is wheat cultivated in Pakistan (Rabi/Kharif)?,Wheat is exclusively a Rabi (winter) crop in Pakistan. Sown from October to December and harvested from March to May. In high altitude areas of Balochistan and KPK it can be sown as late as December-January (spring wheat) but yields are lower.,
wheat,HarvestTime,What is the typical crop duration/life cycle of wheat from sowing to harvest?,Typical crop duration is 130-160 days depending on variety and climate. Early varieties: 130-140 days. Medium: 140-150 days. Late: 150-160 days. In warm plains (Sindh): shorter duration (120-135 days). In cooler areas (Pothwar): longer (150-165 days).,
wheat,Weather,What are the growth stages of wheat and what happens at each stage?,1) Germination (0-10 days): Seed absorbs water radicle and shoot emerge. 2) Seedling (10-25 days): First leaves develop root system establishes. 3) Tillering (25-45 days): Secondary shoots (tillers) form - determines number of grain heads. 4) Stem elongation (45-60 days): Internodes lengthen flag leaf emerges. 5) Booting (60-70 days): Head swells in leaf sheath. 6) Heading (70-80 days): Head emerges from flag leaf. 7) Flowering (80-90 days): Anthesis occurs - critical for grain set. 8) Grain filling (90-120 days): Kernels fill and harden. 9) Maturity (120-160 days): Plants turn golden brown grain hard.,
wheat,Weather,How does wheat contribute to food security and the farming economy in Pakistan?,Wheat is the foundation of Pakistan's food security. It provides: 1) Daily bread (roti) for 220 million people. 2) Employment for millions of farmers and laborers. 3) Government procurement (over 8 million tons annually) stabilizes prices. 4) Wheat straw is essential livestock feed. 5) Export surplus in good years earns foreign exchange. 6) Supports flour milling industry (over 2000 mills). 7) The rice-wheat system is the backbone of Punjab agriculture.,
wheat,Weather,How should land be prepared before sowing wheat in Pakistan?,Land should be prepared to fine tilth but not over-pulverized. Sequence: After rice: 1-2 disc harrowings + 2 cultivations + planking. After cotton: 2-3 cultivations + planking. After fallow: 3 cultivations + 2 plankings. Laser leveling for uniform moisture. For zero-till: direct drilling without cultivation.,
wheat,Weather,How many ploughings are recommended for land preparation for wheat?,3-5 ploughings/tillage passes depending on previous crop. After rice: 3-4 passes. After cotton: 2-3 passes. After fallow: 4-5 passes. In heavy clay soils: 4-5 passes. In sandy soils: 2-3 passes. Each pass should be at different angles.,
wheat,Weather,What is the role of deep ploughing in wheat cultivation?,Deep ploughing (30-35 cm) with disc plough: 1) Breaks hardpan (common in rice-wheat system). 2) Improves water infiltration and root penetration. 3) Exposes soil pests (termites) to predators. 4) Incorporates crop residues. 5) Reduces weed seed bank. Do once every 3-4 years.,
wheat,Weather,What is the recommended land leveling (Laser Leveling) method before planting wheat?,Laser leveling is highly recommended. Benefits: 1) Uniform irrigation saves 20-30% water. 2) Improves germination uniformity. 3) Reduces weed patches. 4) Essential for rice-wheat system to manage water. Field leveled to ±1 cm variation. Service cost: Rs. 2000-3000/acre. Subsidy available.,
wheat,Weather,Should ridges and furrows be made for wheat cultivation in Pakistan? How?,Bed planting (ridges and furrows) is recommended for waterlogged areas and rice-wheat system. Method: 1) Make 60-70 cm wide beds with 2-3 rows per bed. 2) Row spacing 20-25 cm. 3) Furrow depth 15-20 cm. Benefits: saves 30-40% irrigation water reduces lodging improves root growth. Not essential for well-drained flat fields.,
wheat,HarvestTime,How should previously harvested crop residue be managed before planting wheat?,Rice-wheat system: Use Happy Seeder or zero-till drill to sow wheat into standing rice stubble without burning. Conventional: incorporate stubble with disc harrow + cultivator. Avoid burning (pollution loss of organic matter). For cotton-wheat: shred cotton stalks and incorporate.,
wheat,Irrigation,What pre-sowing irrigation (Raunni) is required for wheat land preparation?,"Pre-sowing irrigation (raunni) is given 15-20 days before sowing when soil moisture is low. Apply 3-4 acre-inches water. After irrigation: allow soil to reach field capacity then cultivate when moisture is at ""good tilth"" (soil crumbles but does not stick to tools). Essential for late sowing and rainfed areas.",
wheat,Weather,What implements and machinery are used for land preparation for wheat in Pakistan?,1) Disc plough (deep ploughing). 2) Disc harrow (for rice stubble). 3) Cultivator (2-3 passes). 4) Rotavator (for fine seedbed - use sparingly). 5) Plank (for leveling). 6) Laser land leveler. 7) Zero-till drill. 8) Happy Seeder. 9) Bed planter.,
wheat,Weather,How many days before sowing should land preparation begin for wheat?,Start land preparation 15-20 days before sowing. Timeline: Day 1: deep ploughing (if needed). Day 2-5: first cultivation + planking. Day 7-10: second cultivation + planking. Day 12-14: pre-sowing irrigation (if needed). Day 15-18: final cultivation + planking. Day 18-20: sowing.,
wheat,Weather,How does land preparation differ for irrigated vs. rainfed (Barani) wheat cultivation?,Irrigated: finer seedbed laser leveling important pre-sowing irrigation optional. Rainfed (Barani): focus on moisture conservation - fewer cultivations (3-4 passes) deep ploughing for water storage no pre-sowing irrigation rougher seedbed to reduce evaporation mulching. Use drought-tolerant varieties (Chakwal-50).,
wheat,Weather,What is the recommended seed rate (kg/acre) for wheat in Pakistan?,Recommended seed rate: 50-60 kg/acre (1-1.25 maunds). For late sowing (Dec): increase to 65-75 kg. For rainfed: 55-65 kg. For bold-seeded varieties: 60-70 kg. For zero-till: increase by 10-15%. Use certified seed for best germination.,
wheat,Weather,What is the optimum row spacing and plant spacing for wheat in Pakistan?,Row spacing: 22.5-30 cm (9-12 inches). For bed planting: 60-70 cm beds with 2-3 rows (20-25 cm between rows). Plant to plant spacing: 2-3 cm after emergence (not thinned). Target plant population: 100-120 plants per square meter (400000-480000 plants/acre).,
wheat,Weather,What is the recommended sowing depth for wheat seeds in Pakistan?,Sowing depth: 3-5 cm (1.5-2 inches). In sandy soils: 5-6 cm. In heavy soils: 2-3 cm. Deeper than 6 cm reduces emergence. Shallower than 2 cm risks drying out or bird damage. Seed should be placed in moist soil.,
wheat,Weather,What sowing method is best for wheat — broadcast (Chatha) drill dibbling or transplanting?,Drill sowing is best: 1) Uniform depth and spacing. 2) Seed saving (20-30% less seed). 3) Better germination. 4) Easier weed control. 5) Higher yield (10-15% more). Broadcasting (chatha) is traditional but inefficient. Dibbling too labor intensive. Transplanting not practiced.,
wheat,Weather,How should wheat be sown after a previous crop (e.g. rice-wheat or cotton-wheat system)?,Rice-wheat system: Use zero-till drill or Happy Seeder to sow wheat immediately after rice harvest (Nov 10-30). For cotton-wheat: Sow by Nov 30 maximum. Use relay cropping: sow wheat 15 days before cotton harvest. Short-duration cotton varieties help timely wheat sowing.,
wheat,Weather,Can wheat be sown using zero-till or minimum-till techniques in Pakistan?,Yes zero-till is highly successful especially after rice. Benefits: 1) Saves 15-20 days and Rs. 3000-4000/acre land prep. 2) Sows earlier. 3) Moisture conservation. 4) Reduced weed pressure. Use zero-till drill with inverted T-type furrow opener. Happy Seeder technology allows sowing in standing rice stubble without burning.,
wheat,Weather,What equipment or tools (Seed Drill Planter) are used for sowing wheat in Pakistan?,1) Conventional seed drill (most common) - 9-11 row. 2) Zero-till drill (for after rice). 3) Happy Seeder (for rice stubble). 4) Bed planter (for bed planting). 5) Broadcaster (chatha) - traditional. Calibrate drill for 50-60 kg/acre seed rate. Row spacing 22.5-30 cm.,
wheat,HarvestTime,What are all the major crop management activities for wheat from sowing to harvest?,Timeline: 0-10 days: sowing seed treatment. 10-25 days: germination check gap filling. 25-35 days: first irrigation + top dressing N + first weeding. 35-50 days: second weeding inter-cultivation. 50-65 days: second irrigation + second top dressing N. 65-80 days: third irrigation (flowering) - pest/disease monitoring. 80-100 days: grain filling - fourth irrigation if needed. 100-120 days: maturity - stop irrigation. 120-140 days: harvest.,
wheat,Weather,What is the complete activity calendar (timeline) for wheat cultivation in Pakistan?,October: land preparation (15-30 Oct). November: sowing (1-25 Nov). November-December: germination emergence (15 Nov-10 Dec) first irrigation (20-30 Nov). December: first weeding (1-15 Dec) inter-cultivation (15-31 Dec). January: second irrigation + top dressing (1-15 Jan) second weeding (15-31 Jan). February: third irrigation (1-15 Feb) flowering (15-28 Feb) pest monitoring. March: grain filling (1-31 Mar) fourth irrigation if needed. April-May: harvest (15 Apr-15 May).,
wheat,Weather,When should thinning (Gidai) be done in wheat cultivation and how?,Thinning is generally NOT practiced for wheat because seed rate is calibrated to achieve desired plant density. If overcrowding occurs due to excessive seed rate: no thinning (wheat tillers adjust). If poor emergence: gap filling may be done but not common.,
wheat,Weather,When should earthing up (Mitti charhana) be done for wheat and why?,Earthing up is generally not required for wheat. On bed planting systems: soil may be pulled from furrows to beds (earthing) at 30-35 days. Benefits: supports stems prevents lodging covers weeds. Not practiced in flat sowing.,
wheat,Weather,How should inter-cultivation (Godi) be done in wheat fields?,Inter-cultivation at 25-30 days and 40-45 days after sowing (before canopy closes). Method: 1) Use hand hoe (khurpa) or wheel hoe. 2) Cultivate between rows at 3-5 cm depth. 3) Avoid damaging roots. 4) Also breaks soil crust removes weeds aerates soil. For large areas: use cultivator with adjustable tines set to avoid plants. Common in irrigated areas.,
wheat,Weather,What is the process of transplanting wheat seedlings (if applicable) and when should it be done?,Transplanting is NOT practiced for wheat. Wheat is always direct seeded. Transplanting would damage the fibrous root system and is not economical.,
wheat,Weather,What is the optimal plant population per acre for wheat in Pakistan?,Optimal plant population: 400000-480000 plants per acre (100-120 plants per square meter). Achieved by: seed rate 50-60 kg/acre. Higher population causes lodging and more disease. Lower population reduces yield (fewer tillers).,
wheat,Weather,How is gap filling done in wheat cultivation if germination is poor?,Gap filling at 10-15 days after sowing. Method: 1) Pre-soak seeds overnight (for gap filling only). 2) Dibble 3-4 seeds per gap (missing plant area). 3) Irrigate lightly after gap filling. 4) If gaps >30%: consider replanting (if early enough). Use same variety as original sowing.,
wheat,Weather,When and how should staking or support be provided to wheat plants?,Staking is not required for wheat. Wheat stems are self-supporting. Lodging prevention: avoid excess N use lodging-resistant varieties (Punjab-2011) plant on beds.,
wheat,Weather,What is pinching or pruning in wheat and when should it be done?,Pinching (removal of apical meristem) is NOT recommended for wheat. It reduces yield. Wheat naturally stops growth after flowering.,
wheat,Weather,How should wheat be managed during flowering to maximize fruit/grain set?,1) Ensure adequate soil moisture (irrigate if dry). 2) Avoid pesticide sprays during peak flowering (9 AM-4 PM) to protect pollinators (wheat is self-pollinated but bees may visit). 3) Provide boron (foliar 0.1% boric acid) at booting if deficient. 4) Protect from frost (irrigation before frost night). 5) Manage aphids (honeydew interferes with pollination). 6) Avoid overhead irrigation which washes pollen.,
wheat,Weather,What is the process of ratooning (Munda) for wheat in Pakistan? Is it recommended?,Ratooning is NOT recommended for wheat. Unlike sugarcane wheat does not regrow after harvest. Secondary growth is poor low yielding and disease-prone. Always plant fresh seed each season.,
wheat,Yield,How does crop canopy management improve yield of wheat?,Canopy management: 1) Optimum plant population (400000-480000 plants/acre) prevents overcrowding. 2) Proper row spacing (22.5-30 cm) allows light penetration. 3) Avoid excess N which causes dense canopy and lodging. 4) Inter-cultivation improves air circulation reducing disease (rust powdery mildew). Good canopy = balanced tillering + high grain yield.,
wheat,Weather,What field monitoring activities should a farmer do weekly during wheat season?,Weekly monitoring: 1) Germination % (first 2 weeks). 2) Plant stand and gaps. 3) Tillering count (30-45 days). 4) Weed presence and type. 5) Pest scouting: aphids (check under leaves and on heads) jassids. 6) Disease signs: rust (orange/brown pustules on leaves) powdery mildew (white powder) karnal bunt (black powder in heads). 7) Nutrient deficiency symptoms. 8) Soil moisture. Record observations.,
wheat,Varieties,What are the most commonly grown varieties of wheat in Pakistan?,Commonly grown varieties include: 1) Galaxy-2013 (high yield 55-65 maunds/acre). 2) Faisalabad-2008 (rust tolerant). 3) Sehar-2006 (heat tolerant for late sowing). 4) Punjab-2011 (drought and heat tolerant). 5) Millat-2020 (new high yielder). 6) Inqalab-91 (older but widely adapted). 7) Chakwal-50 (rainfed). 8) Benazir-2013 (for Sindh). 9) Zincol-2016 (zinc biofortified).,
wheat,Varieties,What are the improved and recommended varieties of wheat approved by Pakistani agricultural research institutes?,Improved varieties approved by PARC/NARC/Ayub Research/AARI: 1) Galaxy-2013 (Ayub Research) - high yield 55-65 maunds/acre rust resistant. 2) Millat-2020 (AARI) - triple rust resistance yield 60+ maunds. 3) Faisalabad-2008 (AARI) - leaf rust tolerant. 4) Punjab-2011 (AARI) - heat and drought tolerant. 5) Sehar-2006 (NARC) - heat tolerant for late sowing. 6) Zincol-2016 (NARC/AARI) - zinc biofortified. 7) Akbar-2019 (NARC) - drought tolerant. 8) Benazir-2013 (Sindh) - heat tolerant for Sindh. 9) Kiran-95 (salt tolerant). 10) Chakwal-50 (Barani) - drought tolerant for rainfed.,
wheat,Varieties,What are the early-maturing medium-maturing and late-maturing varieties of wheat available in Pakistan?,Early-maturing (130-140 days): Sehar-2006 Ujala-2016 AARI-2011. Medium-maturing (140-150 days): Galaxy-2013 Faisalabad-2008 Punjab-2011 Millat-2020. Late-maturing (150-160 days): Inqalab-91 local landraces. Early varieties suit rice-wheat system and late sowing. Late varieties for full-season irrigated areas.,
wheat,Varieties,What are the drought-tolerant varieties of wheat recommended for rainfed areas of Pakistan?,1) Chakwal-50 (Barani) - high yield under drought. 2) Dharabi-2011 (NARC) - drought tolerant. 3) Fatehjang-16 (short duration). 4) NARC-2009 (rainfed). 5) Akbar-2019 (drought tolerant). 6) Local landraces from Pothwar. These varieties have deeper roots earlier maturity and osmotic adjustment. Yield under rainfed: 15-25 maunds/acre.,
wheat,Varieties,What heat-tolerant varieties of wheat are suitable for hot regions like Sindh and South Punjab?,1) Sehar-2006 (heat tolerant for late sowing). 2) Benazir-2013 (Sindh). 3) NARC-2011 (terminal heat). 4) Mairaj-2008 (temperature up to 35°C). 5) Punjab-2011 (moderate tolerance). 6) Galaxy-2013 (good for central Punjab). Key management: early sowing (Nov 1-15) to complete grain filling before March heat.,
wheat,Varieties,What high-yielding varieties of wheat give the best production in Pakistan?,Highest yielders: Galaxy-2013 (55-65 maunds/acre). Millat-2020 (60+ maunds). Faisalabad-2008 (50-60 maunds). Anaj-2017 (50-55 maunds). Ujala-2016 (50-60 maunds). Pakistan-2013 (50-55 maunds). Also Zincol-2016 (zinc enriched 50-55 maunds).,
wheat,Soil,What type of soil is best suited for growing wheat in Pakistan?,Well-drained loamy or clay loam soil rich in organic matter is best. Deep fertile soils (45-60 cm depth) with pH 6.0-7.5. Wheat tolerates a range of soils from sandy loam to clay loam. Avoid waterlogged and highly saline soils. Heavy clays require careful water management.,clay
wheat,Soil,What is the ideal soil pH range for wheat cultivation in Pakistan?,Ideal pH range is 6.0 to 7.5 (neutral to slightly alkaline). Wheat can tolerate pH 5.5-8.5 but yields decline below 5.5 (Al toxicity) and above 8.5 (micronutrient deficiency). At pH >8.0: iron and zinc deficiency common.,loamy
wheat,Soil,What soil texture (loamy sandy clayey) is most suitable for wheat?,Clay loam and loam are most suitable - provide good water holding capacity and nutrient retention. Sandy soils: require frequent irrigation and high fertilizer. Clay soils: good fertility but risk of waterlogging if drainage poor.,clay
wheat,Soil,Can wheat be grown on saline or sodic soils (Kallar) in Pakistan? What are the precautions?,Wheat has moderate salt tolerance (ECe up to 6-8 dS/m for yield reduction <25%). On saline/sodic soils: 1) Apply gypsum at 50-100% GR based on soil test. 2) Use salt-tolerant varieties (Kiran-95 LU-26 SARC-1). 3) Pre-sowing leaching with 6-8 acre-inches good water. 4) Add FYM 10-12 tons/acre. 5) Avoid saline irrigation water (EC >2 dS/m).,saline
wheat,Soil,What soil drainage conditions are required for wheat?,Moderate to good drainage is essential. Wheat can tolerate brief waterlogging but standing water for >48 hours causes root damage and yellowing. Clay soils require proper leveling and drainage channels. Rice-wheat system soils often have drainage issues.,clay
wheat,Soil,How does soil organic matter content affect the yield of wheat?,Higher organic matter (1-2%) improves: 1) Water holding capacity (critical in rainfed). 2) Nutrient availability (especially N and P). 3) Soil structure and root penetration. 4) Beneficial microbial activity. Every 0.5% increase in OM can boost yield by 2-3 maunds/acre.,loamy
wheat,Soil,What soil testing should a farmer do before planting wheat in Pakistan?,Essential soil tests: 1) pH and EC (salinity). 2) Organic matter. 3) Available N (NO3-N). 4) Available P (Olsen P). 5) Available K. 6) Zinc (Zn) - very common deficiency. 7) Boron (B) in sandy soils. Sample depth: 6-9 inches. Send to provincial soil testing lab (free or low cost).,loamy
wheat,Soil,How should soil fertility be maintained or improved for repeated cultivation of wheat?,1) Crop rotation: wheat after legumes (mungbean gram) or fallow. 2) Apply FYM/compost 8-10 tons/acre every 2-3 years. 3) Green manuring (dhaincha) before wheat. 4) Balanced NPK fertilization (not just urea). 5) Incorporate crop residues (wheat stubble). 6) Use biofertilizers (PSB for phosphorus).,loamy
wheat,Soil,What are the signs of poor or unsuitable soil for wheat cultivation?,Signs: 1) Water pooling after irrigation (poor drainage). 2) White salt crust (saline). 3) Stunted yellow plants (N deficiency or waterlogging). 4) Purple leaf tips (P deficiency). 5) Yellowing between veins (Zn deficiency). 6) Poor root development (compacted soil).,loamy
wheat,Soil,What soil preparation practices improve the structure and health of soil for wheat?,1) Deep ploughing (30-35 cm) every 3-4 years to break hardpan. 2) Add organic matter (FYM 8-10 tons/acre). 3) Green manuring 6-8 weeks before sowing. 4) Gypsum application for sodic soils. 5) Laser leveling for uniform irrigation and drainage. 6) Zero-till or minimum-till in rice-wheat system.,loamy
wheat,SowingTime,When is the best time to sow wheat in Punjab Pakistan?,Optimum sowing: October 25 to November 25. Central Punjab: Oct 25-Nov 20. South Punjab (Multan Bahawalpur): Nov 1-25. North Punjab (Rawalpindi): Oct 15-Nov 15. Early sowing (Oct) increases rust risk. Late sowing (Dec) reduces yield by 1-1.5% per day.,
wheat,SowingTime,When is the best time to sow wheat in Sindh Pakistan?,Sindh: November 1 to November 30. Lower Sindh (Hyderabad): Nov 1-20. Upper Sindh (Sukkur): Nov 10-30. Use short-duration varieties if sowing after December. Sukkur region: best sowing Nov 15-25.,
wheat,SowingTime,When is the best time to sow wheat in KPK Pakistan?,KPK: October 20 to November 15. Peshawar valley: Oct 25-Nov 15. Dera Ismail Khan: Nov 1-20. Higher elevations (Swat Abbottabad): Oct 15-30. Use cold-tolerant varieties for late sowing.,
wheat,SowingTime,When is the best time to sow wheat in Balochistan Pakistan?,Balochistan: October 15 to November 20. Quetta region: Oct 15-30. Sibi/Naseerabad: Nov 1-20. Use drought-tolerant varieties for rainfed areas (e.g. NARC-2009).,
wheat,SowingTime,When is the best time to sow wheat in South Punjab (Multan Bahawalpur DG Khan)?,South Punjab: November 1 to November 25. Warmer winter allows later sowing. Sow by Nov 25 maximum. Delay reduces yield 1-1.5% per day.,
wheat,SowingTime,What happens if wheat is sown too early or too late in Pakistan?,Too early (September-early October): 1) High temperatures (>30°C) reduce germination. 2) Vegetative growth excessive. 3) Higher risk of yellow rust. 4) More pest pressure (aphids). Too late (December onward): 1) Shortened growing season. 2) Heat stress during grain filling - shriveled grain. 3) Lower yield (1-1.5% loss per day). 4) Higher seed rate required.,
wheat,SowingTime,How does sowing time affect the yield and quality of wheat?,Yield: Each week delay after Nov 15 reduces yield by 5-10%. Optimum Nov sowing gives 50-60 maunds/acre. December sowing gives 30-40 maunds. Quality: Late sowing produces shriveled grains with lower protein content. Early sowing (Oct) may give good yield but higher rust risk.,
wheat,Weather,What seed treatment (Zahar-alood) should be done before sowing wheat in Pakistan?,Seed treatment is essential: 1) Fungicide for seed-borne diseases (karnal bunt loose smut). 2) Insecticide for termites and early aphids. 3) Bio-fertilizer (optional). Treat seeds 24-48 hours before sowing. Use 20-30 ml water per kg seed.,
wheat,Soil,Which fungicide is recommended for seed treatment of wheat to prevent soil-borne diseases?,Recommended fungicides: 1) Carbendazim (Bavistin) 2g per kg seed. 2) Thiram 2.5g per kg seed. 3) Tebuconazole (Raxil) 1.5ml per kg seed. 4) Vitavax (Carboxin) 2g per kg for loose smut and karnal bunt. For severe disease history: double dose.,
wheat,Pesticide,Which insecticide is recommended for seed treatment of wheat to protect against early pests?,1) Imidacloprid (Confidor) 5ml per kg seed - controls early aphids and termites up to 30 days. 2) Chlorpyrifos 2-3ml per kg - for termites. 3) Thiamethoxam (Cruiser) 4ml per kg - broad spectrum.,
wheat,Weather,What is the process of seed treatment for wheat — dose method and timing?,Process: 1) Calculate seed quantity (50-60 kg/acre). 2) Mix required fungicide + insecticide in 1-1.5 liters water per 50 kg seed. 3) Spread seeds on clean polythene sheet. 4) Pour solution gradually while mixing manually (wear gloves). 5) Ensure uniform coating. 6) Dry in shade for 1-2 hours (not direct sun). 7) Sow within 24-48 hours.,
wheat,Weather,Should wheat seeds be soaked in water before sowing? For how long?,Soaking is not recommended for wheat. Soaked seeds may rot in cold soil and are difficult to drill. Dry seed treatment followed by direct sowing is best.,
wheat,Weather,How does seed treatment affect germination rate and early growth of wheat?,Seed treatment increases germination from 70-80% (untreated) to 90-95% (treated). It protects seedlings from soil-borne pathogens (damping off) and early pests. Treated seeds establish faster more uniform stands and have better root development. Result: 10-15% higher yield potential.,
wheat,Weather,What is bio-priming or microbial seed treatment for wheat in Pakistan?,Bio-priming involves treating seeds with beneficial microbes: 1) Azotobacter or Azospirillum (N-fixers) - 1 packet (500g) for 15-20 kg seed. 2) PSB (Phosphorus Solubilizing Bacteria) - 1 packet for 15 kg seed. 3) Trichoderma harzianum (bio-fungicide) - 5g per kg seed. Mix with jaggery solution (50g jaggery in 1L water) as adhesive. Dry in shade. Reduces chemical fertilizer need by 15-25%.,
wheat,HarvestTime,How should treated wheat seed be stored before sowing?,Treated seeds should be sown within 24-48 hours maximum. Do not store treated seeds for more than 7 days as fungicides degrade. If storage unavoidable: keep in cool dry place in breathable (not plastic) bags. Never mix treated seeds with untreated seeds.,
wheat,Weather,What are the safety precautions when doing seed treatment for wheat?,1) Wear gloves and mask. 2) Do not eat/drink during treatment. 3) Treat in well-ventilated area. 4) Wash hands thoroughly after treatment. 5) Keep treated seed away from children and livestock. 6) Dispose empty chemical containers properly (triple rinse then crush). 7) Do not use treated seed for consumption or feed.,
wheat,Pesticide,What are the major weeds (Khar-palwar) found in wheat fields in Pakistan?,Major weeds: Broadleaf: 1) Bathu (Chenopodium album). 2) Maina (Asphodelus tenuifolius). 3) Peeli Buti (Fumaria parviflora). 4) Lehli (Sonchus asper). 5) Jangli palak (Rumex dentatus). 6) Kandiar (Convolvulus arvensis). Grasses: 1) Wild oat (Avena fatua) - most problematic. 2) Phalaris minor (Dumbi sitti) - resistant to many herbicides. 3) Cyperus rotundus (Deela). 4) Cynodon dactylon (Khabbal grass).,
wheat,Pesticide,What is the critical period of weed competition in wheat cultivation?,Critical period: 15 to 60 days after sowing (from tillering to flowering). Weeds competing during this period cause 40-70% yield loss. First 30 days are most critical. Keep weed-free during this window. After 60 days wheat canopy closes and suppresses late weeds.,
wheat,Pesticide,How does weed competition affect the yield of wheat in Pakistan?,Weed competition can reduce yield by 40-70%. Heavy infestation: yield drop from 50 maunds to 15-20 maunds/acre. Grassy weeds (wild oat Phalaris) are more damaging than broadleaf. Weeds compete for water (critical in rainfed) nutrients (especially N) light and space. Also harbor pests (aphids) and diseases (rust).,
wheat,Pesticide,What are the recommended herbicides (Zahar) for weed control in wheat in Pakistan?,1) Broadleaf weeds: Buctril M (Bromoxynil+MCPA) 400ml/acre Starane M (Fluroxypyr) 300ml/acre Logran (Triasulfuron) 200g/acre 24-D Na salt 600g/acre. 2) Grassy weeds: Puma Super (Fenoxaprop) 500ml/acre Axial (Pinoxaden) 300ml/acre Atlantis (Mesosulfuron+Iodosulfuron) 14.4g/acre. Apply at 30-40 days after sowing.,
wheat,Pesticide,What pre-emergence herbicides are used for wheat weed control?,Pre-emergence (apply within 3 days of sowing before weed emergence): 1) Pendimethalin (Stomp) 500-600ml/acre - effective on grasses and small-seeded broadleaf weeds. 2) Trifluralin (Treflan) 400-500ml/acre - incorporate into top 5-8 cm soil within 24 hours. Apply on moist soil. Do not use on sandy soils (leaching risk).,
wheat,Pesticide,What post-emergence herbicides are used for wheat weed control?,Post-emergence (apply at 25-40 days after sowing at 3-4 leaf stage of weeds): For broadleaf weeds: Buctril M 400ml/acre Starane M 300ml/acre 24-D 600g/acre (avoid before tillering - causes twisting). For grassy weeds: Puma Super 500ml/acre (wild oat) Axial 300ml/acre Atlantis 14.4g/acre (Phalaris resistant strains).,
wheat,Pesticide,What is the correct dose and timing of herbicide application in wheat?,Pendimethalin: 500-600 ml/acre within 3 days of sowing. Puma Super: 500ml/acre at 30-40 days (wild oat 3-4 leaf). Axial: 300ml/acre. Buctril M: 400ml/acre at 30-40 days. 24-D: 600g/acre at 35-45 days (after tillering). Use 100-120 liters water/acre. Flat fan nozzle. Apply in morning when no wind/rain forecast. Temperature 15-25°C.,
wheat,Pesticide,How should manual weeding (Khurpa/Godi) be done in wheat fields?,Manual weeding: 1st weeding at 20-25 days (after first irrigation). 2nd weeding at 40-45 days (before canopy closure). Method: 1) Use khurpa (hand hoe) to cut weeds just below soil surface. 2) Remove weeds from field (don't leave uprooted weeds). 3) Be careful not to disturb wheat roots. 4) Weeding also aerates soil. Labor requirement: 15-20 person-days/acre for two weedings.,
wheat,Pesticide,How many manual weedings are recommended for wheat cultivation in Pakistan?,Two manual weedings are recommended: 1st at 20-25 days after sowing. 2nd at 40-45 days after sowing. In low weed pressure areas: one weeding at 25-30 days may suffice. In heavy weed infestation: two weedings + pre-emergence herbicide. Rainfed areas: timely weeding critical due to limited moisture.,
wheat,Pesticide,What mechanical methods (Weeders) can be used for weed control in wheat?,1) Wheel hoe (hand-operated) - for row spacing 22.5-30 cm. 2) Tractor-drawn cultivator with adjustable tines - for large fields (set to avoid plant rows). 3) Cono-weeder (for narrow rows). Mechanical weeding at 25-30 and 40-45 days. Inter-cultivation should be shallow (3-5 cm) to avoid root damage. Followed by manual removal of intra-row weeds.,
wheat,Pesticide,How can mulching help control weeds in wheat cultivation?,Mulching is not common for wheat but effective in rainfed areas: 1) Straw mulch (previous crop residue) at 2-3 tons/acre - suppresses weeds. 2) Reduces weed germination by blocking light. 3) Also conserves soil moisture (valuable for rainfed). 4) Zero-till wheat with residue retention (Happy Seeder) provides natural mulch. 5) Plastic mulch not economical for wheat.,
wheat,Pesticide,What safety precautions should be taken when applying herbicides to wheat?,1) Wear PPE (gloves mask goggles). 2) Read label instructions. 3) Calibrate sprayer correctly. 4) Do not spray on windy days (drift damages nearby crops especially cotton/vegetables from 24-D). 5) Avoid application before rain. 6) Clean equipment thoroughly after use. 7) Dispose containers properly. 8) Observe pre-harvest interval (PHI - usually 30-40 days). 9) Do not enter field for 24 hours after spraying.,
wheat,Pesticide,What are the major insect pests of wheat in Pakistan?,Major pests: 1) Wheat aphid (Rhopalosiphum padi Schizaphis graminum Sitobion avenae) - most damaging. 2) Armyworm (Spodoptera exigua). 3) Cutworm (Agrotis spp.) - seedling stage. 4) Wheat stem borer (rare). 5) Termites (Microtermes spp.) - in rainfed areas. 6) Jassids (Amrasca spp.). 7) Whitefly (occasional).,
wheat,Pesticide,What is the economic threshold level (ETL) for major pests of wheat in Pakistan?,Aphids: 10-15 per tiller or 20% plants infested (at flowering). Armyworm: 3-4 larvae per square meter. Cutworm: 2-3 cut seedlings per square meter. Termites: 5-10% plants infested. Spray only when ETL reached (avoid unnecessary pesticides to protect natural enemies).,
wheat,Pesticide,How can I identify sucking pests (aphids whitefly thrips jassids) attacking wheat?,Aphids: Small (2-3mm) pear-shaped green/brown/black insects in colonies on leaves stems and developing grain heads. Sticky honeydew + sooty mold. Whitefly: Tiny white winged insects fly when plant disturbed (rare in wheat). Thrips: Tiny (1mm) slender insects. Silvery streaks on leaves. Jassids: Pale green wedge-shaped insects. Leaves curl downward with white edges.,
wheat,Pesticide,What damage does the stem borer cause to wheat and how to identify it?,Stem borer is rare in wheat but occasional. Damage: Larva bores into stem causing wilting of terminal shoot (dead heart). Plant may break at bored point. Identification: Small hole near base frass (sawdust) around hole. Control: Remove and destroy affected plants. Not common in Pakistan wheat.,
wheat,Pesticide,What damage does the fruit borer / bollworm cause to wheat and how to identify it?,Wheat does not have fruit. Bollworm is not a pest of wheat.,
wheat,Weather,What damage does the leaf miner cause to wheat and how to identify it?,Leaf miner is not a major pest of wheat. Occasional on young leaves - winding white mines. Not economically significant.,
wheat,Pesticide,What damage do armyworms / cutworms cause to wheat seedlings in Pakistan?,Cutworms: Larvae cut seedlings at ground level at night. Damage: Plants fall over as if cut by knife. Patchy missing plants. Armyworms: Defoliation - skeletonized leaves. Large larvae eat entire leaves. Identification: Larvae curled (C-shape) when disturbed in soil near damaged plants. Control: Chlorpyrifos drench around base.,
wheat,Pesticide,What damage does the whitefly cause to wheat and how to identify infestation?,Whitefly is not a major pest of wheat in Pakistan. Occasional in warmer areas. Damage: 1) Suck sap causing yellowing and stunting. 2) Honeydew leads to sooty mold. Identification: Tiny white moths fly up when plant disturbed.,
wheat,Pesticide,What damage does the red spider mite cause to wheat and when does it appear?,Red spider mite is rare in wheat. Appears in dry hot conditions (Feb-March late season). Damage: Stippling (tiny yellow/white spots) on leaves. Fine webbing. Identification: Tiny red dots visible with hand lens. Control: Abamectin if severe.,
wheat,Pesticide,How do locusts and grasshoppers damage wheat in Pakistan?,Locusts (desert locust) and grasshoppers: 1) Defoliation - eat entire leaves and stems. 2) Can completely destroy crop in hours during swarms. 3) Grasshoppers cause irregular chewing damage. Identification: Presence of insects. Droppings on leaves. Control: Chlorpyrifos or Deltamethrin. District agriculture department issues alerts.,
wheat,Pesticide,What are the signs of termite infestation in wheat fields?,Signs: 1) Dried dead plants that pull out easily with no roots. 2) Mud tubes on plant stems near base. 3) Hollowed stems. 4) White/cream insects inside roots/stem when dug up. 5) Patchy plant death. More common in rainfed areas and fields with crop residues. Control: Chlorpyrifos seed treatment or soil drench.,
wheat,Pesticide,What are the signs of nematode infestation in wheat roots in Pakistan?,Cereal cyst nematode (Heterodera avenae): Signs: 1) Stunted yellow patches in field. 2) Poor root development with cysts (white/yellow pinhead size). 3) Reduced tillering. More common in sandy soils and rainfed areas. Control: crop rotation (with non-host crops) resistant varieties.,
wheat,Pesticide,How does the pest population in wheat vary across different regions of Pakistan?,Aphids: Severe in all wheat areas - peak February-March. Armyworm: More in central Punjab and KPK. Cutworms: Problem in rainfed areas (Pothwar). Termites: More in sandy and low organic matter soils (Thal Cholistan). Nematodes: More in rainfed areas and sandy soils.,
wheat,Pesticide,What pests are more severe for wheat during the Kharif season?,Wheat is not grown in Kharif (summer). Pests that persist in off-season: aphids and armyworm may survive on grasses.,
wheat,Pesticide,What pests are more severe for wheat during the Rabi season?,Rabi (winter) pests: Aphids (most severe Nov-Apr). Armyworm (Feb-Mar). Cutworms (Nov-Dec on seedlings). Termites (throughout). Aphid population peaks in February-March.,
wheat,Pesticide,What pesticides are recommended for controlling aphids in wheat in Pakistan?,1) Imidacloprid (Confidor) 250ml/acre. 2) Thiamethoxam (Actara) 80g/acre. 3) Acetamiprid 200g/acre. 4) Dimethoate (Rogor) 400ml/acre. 5) Malathion 500ml/acre (less toxic to natural enemies). 6) Pirimicarb (Aphox) - specific for aphids. Spray when ETL reached (10-15 aphids/tiller). Alternate products to avoid resistance.,
wheat,Pesticide,What pesticides are recommended for controlling whitefly in wheat in Pakistan?,Whitefly is not a major pest of wheat. If infestation occurs: Imidacloprid 250ml/acre or Diafenthiuron 300ml/acre.,
wheat,Pesticide,What pesticides are recommended for controlling thrips in wheat in Pakistan?,Thrips are rare in wheat. If needed: Spinosad 80ml/acre.,
wheat,Pesticide,What pesticides are recommended for controlling stem borer in wheat in Pakistan?,Stem borer rare. If present: Chlorpyrifos 800ml/acre. Remove and destroy infested plants.,
wheat,Pesticide,What pesticides are recommended for controlling fruit borer/bollworm in wheat in Pakistan?,Not applicable (wheat has no fruit).,
wheat,Pesticide,What pesticides are recommended for controlling leaf miner in wheat in Pakistan?,Not a major pest. If needed: Abamectin 200ml/acre.,
wheat,Pesticide,What pesticides are recommended for controlling red spider mite in wheat in Pakistan?,Rare. If needed: Abamectin 200ml/acre or Sulfur 80% WP 500g/acre.,
wheat,Pesticide,What pesticides are recommended for controlling cutworm/armyworm in wheat seedlings?,1) Chlorpyrifos (Lorsban) 800ml/acre - soil drench around base. 2) Lambda-cyhalothrin 250ml/acre - evening spray. 3) Carbaryl (Sevin) 400g/acre. 4) Bait: Mix 1kg bran + 10g Carbaryl + 1L water - spread in evening. Apply when cutting damage first seen. Remove weeds around field (alternate hosts).,
wheat,Pesticide,What is the recommended dose and spray schedule for pesticide application on wheat?,Aphids: Spray when 10-15/tiller or 20% infested. Schedule: Feb-Mar (peak). Armyworm: spray when larvae seen. Use 100-120 L water/acre. Rotate pesticides every 15-20 days. Stop spraying 14 days before harvest (PHI).,
wheat,Pesticide,How should pesticides be mixed and applied correctly for wheat pest control?,1) Fill spray tank 1/3 with clean water. 2) Add required pesticide dose (measure accurately). 3) Add adjuvant/wetter if recommended. 4) Fill to full volume while agitating. 5) Calibrate sprayer for 100-120 L/acre. 6) Use flat fan or hollow cone nozzles. 7) Spray in morning (6-9 AM) or evening (4-7 PM). 8) Avoid windy/rainy conditions. 9) Clean sprayer after use.,
wheat,Pesticide,What is the pre-harvest interval (PHI) for pesticides used on wheat in Pakistan?,Common PHI: Imidacloprid: 14 days. Thiamethoxam: 14 days. Dimethoate: 14 days. Chlorpyrifos: 15 days. Lambda-cyhalothrin: 14 days. Malathion: 7 days. Do not harvest or graze animals on wheat before PHI. Check product label for specific PHI.,
wheat,Pesticide,What are the bio-pesticides or organic alternatives for pest control in wheat?,1) Neem oil (Azadirachtin) 1% - 2-3 L/acre for aphids. 2) Garlic-chili extract (10g garlic + 10g chili in 1L water boil strain dilute 1:10). 3) Tobacco extract (100g tobacco in 1L water soak 24h strain) - effective for aphids but toxic to humans. 4) Entomopathogenic fungi: Beauveria bassiana for aphids. 5) Yellow sticky traps for aphids.,
wheat,Pesticide,How can pheromone traps be used for pest monitoring in wheat fields?,For armyworm: Use pheromone lures in delta traps (1 trap per 2 acres). For cutworm: use specific lures. Place traps at canopy height (30-40 cm). Check daily for moth catch. Spray when catch exceeds threshold (e.g. 8-10 moths/trap/night). Replace lures every 4-6 weeks.,
wheat,Pesticide,What safety equipment should a farmer wear while spraying pesticide on wheat?,1) Chemical-resistant gloves (nitrile rubber). 2) Face shield or goggles. 3) Respirator (N95 or charcoal mask for organic vapors). 4) Long-sleeved shirt and full pants. 5) Apron or coverall. 6) Rubber boots (not cloth shoes). 7) Hat. Wash PPE after use. Never reuse empty pesticide containers. Shower after spraying.,
wheat,Pesticide,What should a farmer do if accidental pesticide poisoning occurs during wheat spraying?,1) Remove person from contaminated area immediately. 2) Remove contaminated clothing. 3) Wash skin with soap and water for 15 minutes. 4) If swallowed: Do not induce vomiting (unless label says) - give water. 5) If inhaled: Move to fresh air. 6) Take pesticide container to hospital (for identification). 7) Seek immediate medical attention. 8) Call Poison Control (115 or local emergency).,
wheat,Pesticide,How should pesticide resistance be managed in wheat pests in Pakistan?,1) Rotate pesticides with different modes of action (IRAC groups). 2) Do not use same pesticide group repeatedly. 3) Spray only when ETL reached (not calendar-based). 4) Use recommended doses (not sub-lethal). 5) Integrate biological and cultural controls (IPM). 6) Leave untreated refuges (unsprayed areas) for susceptible pests. 7) Use pheromone traps for monitoring.,
wheat,Pesticide,When is the best time of day (morning/evening) to spray pesticide on wheat?,Best time: Early morning (6-9 AM) or late evening (4-7 PM). Reasons: 1) Bees and pollinators less active (protect beneficials). 2) Temperature moderate (15-25°C) - better efficacy. 3) Less evaporation. 4) Lower wind speeds. Avoid spraying: 1) Mid-day heat (>30°C). 2) Strong wind (>15 km/h). 3) When rain expected within 6 hours. 4) When leaves are wet (dew/rain).,
wheat,Pesticide,What integrated pest management (IPM) practices are recommended for wheat in Pakistan?,IPM components: 1) Use resistant varieties (for rust). 2) Crop rotation (3-4 years with non-cereals). 3) Clean seed (certified disease-free). 4) Balanced fertilizer (no excess N). 5) Optimum plant population (avoid dense canopy). 6) Monitoring (weekly scouting). 7) Economic thresholds (spray only when needed). 8) Biological control (conserve ladybirds lacewings). 9) Selective pesticides. 10) Sanitation (remove crop debris).,
wheat,Pesticide,How can crop rotation help reduce pests and diseases in wheat cultivation?,Crop rotation breaks pest/disease cycles: 1) Wheat after legumes (gram mungbean) - adds N reduces diseases. 2) Avoid wheat after wheat (minimum 1-2 years) to reduce rust and smut inoculum. 3) Rotate with non-host crops: maize sorghum mustard. 4) Reduces cereal cyst nematode. 5) Improves soil health. Sample rotation: Wheat - fallow - gram - wheat.,
wheat,Varieties,How does selection of disease-resistant wheat varieties reduce losses in Pakistan?,Resistant varieties (Millat-2020 Aas-2011) provide: 1) 80-90% reduction in rust severity. 2) No need for fungicide sprays (saves Rs. 2000-3000/acre). 3) Higher yield (55-65 vs 40-45 maunds). 4) Better grain quality. 5) Reduced inoculum for neighboring fields. Always use resistant varieties where available.,
wheat,Pesticide,What cultural practices help prevent pest attacks on wheat?,1) Timely sowing (Nov 1-15) - avoids peak aphid and rust seasons. 2) Avoid excess nitrogen (lush growth attracts aphids and rust). 3) Proper spacing (22.5-30 cm) - air circulation reduces disease. 4) Weed control (weeds host aphids). 5) Remove crop debris after harvest. 6) Deep ploughing in summer (exposes pupae). 7) Balanced irrigation (no waterlogging).,
wheat,Diseases,How does field sanitation (removing crop debris) prevent disease in wheat?,1) Removes rust-infected plant material (overwintering inoculum). 2) Reduces smut and bunt survival structures. 3) Removes volunteer wheat plants (alternative hosts for rust). 4) Destroys pest hiding places (cutworms). 5) Practice: After harvest collect and burn or deep plough (>30cm) wheat stubble. Do not compost infected debris. Clean cultivation equipment between fields.,
wheat,Pesticide,How can border cropping or trap cropping reduce pests in wheat fields?,Border crop: Surround wheat field with 2-3 rows of mustard or barley. Mustard attracts aphids away from wheat (trap crop). When border crop is infested with aphids spray only the border (not main crop). Reduces pesticide use by 50-70%. Barley as border reduces rust spread.,
wheat,Pesticide,What beneficial insects should be protected to help control pests in wheat?,Beneficial insects: 1) Ladybird beetles (Coccinella) - eat aphids (up to 50/day). 2) Lacewings (Chrysoperla) - larvae eat aphids. 3) Syrphid flies (hoverflies) - larvae eat aphids. 4) Parasitic wasps (Aphidius) - parasitize aphids. 5) Spiders - generalist predators. 6) Ground beetles - eat cutworms. Avoid broad-spectrum insecticides (pyrethroids organophosphates) to conserve them.,
wheat,Irrigation,How does proper irrigation management reduce disease risk in wheat?,1) Avoid over-irrigation - reduces humidity and rust/mildew. 2) Furrow irrigation (not flood) - keeps foliage drier. 3) Irrigate in morning - leaves dry by evening. 4) Avoid waterlogging - reduces root rot. 5) Stop irrigation 2 weeks before harvest - prevents late season disease. Wet foliage + cool nights = disease explosion.,
wheat,Fertilizer,How does proper fertilizer management help prevent disease in wheat?,1) Balanced NPK (not excess N) - excess N causes lush growth dense canopy high humidity more rust/mildew and more aphids. 2) Adequate P and K - strengthen cell walls improve disease resistance. 3) Apply K (potassium) - reduces rust severity. 4) Micronutrients (Zn) - prevent stress-induced susceptibility. 5) Organic matter (FYM) - improves soil health and beneficial microbes.,
wheat,Pesticide,What is the role of light traps and pheromone traps in wheat pest management?,Light traps: 1) Attract night-flying pests (armyworm cutworm moths). 2) Place 1 trap per 2 acres. 3) Operate from dusk to dawn. 4) Helps monitor pest emergence. Pheromone traps: 1) Species-specific (e.g. armyworm). 2) 1 trap per 2 acres. 3) Count moths daily. 4) Spray when catch exceeds threshold. Both are monitoring tools not direct control.,
wheat,Pesticide,How should wheat fields be monitored regularly to catch pest/disease problems early?,Weekly monitoring schedule: 1) Walk in W pattern across field. 2) Check 10-20 random plants per acre. 3) Aphids: Count on flag leaf and head at flowering. 4) Diseases: Check lower leaves for rust pustules (orange/yellow) white powder. 5) Record observations (notebook/phone). 6) Use hand lens for small pests. 7) Check field borders first (pests enter from edges). 8) Monitor weather forecasts (disease risk alerts). 9) Act when thresholds reached.,
wheat,Weather,What are the early warning signs that a wheat field needs immediate intervention?,1) Aphids: >10 per tiller or sooty mold appears. 2) Yellow rust: Orange stripes on >5% leaves. 3) Leaf rust: Pustules on >5% leaves. 4) Powdery mildew: White powder on >10% leaves. 5) Armyworm: Larvae seen (3-4 per sq m). 6) Cutworms: >5% seedlings cut. 7) Karnal bunt: Black powder in heads. Don't wait - intervene immediately for rust.,
wheat,Pesticide,How does intercropping reduce pest and disease pressure in wheat?,Intercropping wheat with mustard (6:2 rows) reduces aphid colonization (mustard attracts aphids away). Intercropping with legumes (gram) improves N fixation. Benefits: 20-30% reduction in pests + additional income. Not common in wheat but practiced in rainfed areas.,
wheat,Weather,What quarantine or phytosanitary measures apply to wheat planting material in Pakistan?,1) Certified seed from Punjab Seed Corporation or provincial seed corporations is disease-tested (karnal bunt free). 2) Imported wheat seed requires phytosanitary certificate from country of origin. 3) Karnal bunt is a quarantine disease - strict controls. 4) Local movement: No restrictions but recommended to use certified seed. 5) Report unusual disease outbreaks to Department of Plant Protection.,
wheat,Fertilizer,What are the recommended fertilizers for wheat cultivation in Pakistan?,Recommended fertilizers: 1) Nitrogen: Urea (46% N) or CAN (26% N). 2) Phosphorus: DAP (18-46-0) or SSP (18% P2O5 + 12% S). 3) Potassium: SOP (50% K2O + 18% S) or MOP (60% K2O). 4) Micronutrients: Zinc sulphate (33% Zn) - very important. 5) Organic: FYM 8-10 tons/acre.,
wheat,Fertilizer,What is the recommended NPK dose per acre for wheat in Pakistan?,Recommended NPK: 48-24-16 kg per acre (120-60-40 kg/hectare). For high yield target (50+ maunds): 60-30-20 kg/acre. For low fertility soils: 60-30-20. For high fertility soils (after legumes): 40-20-15. Adjust based on soil test.,
wheat,Fertilizer,What is the recommended dose of nitrogen (N) fertilizer for wheat in Pakistan?,48-60 kg N per acre. This equals: Urea 105-130 kg (2.1-2.6 bags) per acre OR CAN 185-230 kg per acre. Apply in 3 splits: 1/3 at sowing (basal) 1/3 at first irrigation (20-25 days) 1/3 at second irrigation (45-50 days). For late sown: 2 splits only (basal + first irrigation).,
wheat,Fertilizer,What is the recommended dose of phosphorus (P) fertilizer for wheat in Pakistan?,24-30 kg P2O5 per acre. This equals: DAP 52-65 kg (1.0-1.3 bags) OR SSP 135-165 kg per acre. Apply full dose at sowing (basal). Phosphorus is critical for root development and tillering. On P-deficient soils increase to 30-35 kg P2O5.,
wheat,Fertilizer,What is the recommended dose of potassium (K) fertilizer for wheat in Pakistan?,16-20 kg K2O per acre. This equals: MOP 25-35 kg (0.5-0.7 bag) OR SOP 32-40 kg per acre. Apply full dose at sowing. Potassium improves water stress tolerance disease resistance and grain quality. On sandy or intensively cropped soils use 20-25 kg K2O.,
wheat,Fertilizer,When and how should the first dose of fertilizer (Basal Dose) be applied to wheat?,Basal dose applied at sowing time: 1) Full P and K + 1/3 of N. 2) Apply in furrow 2-3 cm below and 2-3 cm to side of seed (drill placement). 3) If broadcasting: mix into top 5-8 cm soil during final cultivation. 4) Do not place fertilizer directly with seed (can damage germination). Use DAP (contains N+P) for basal.,
wheat,Weather,When and how should the second and subsequent doses (Top Dressing) be applied to wheat?,Top dressing: Apply remaining 2/3 N in two splits: 1st at first irrigation (20-25 days after sowing) - 1/3 N. 2nd at second irrigation (45-50 days) - 1/3 N. Method: Broadcast urea evenly. Apply just before irrigation or light rain. Avoid application when leaves are wet (causes leaf burn). For rainfed: apply all N at sowing.,
wheat,Fertilizer,What is the role of zinc (Zn) fertilizer in wheat cultivation in Pakistan?,Zinc is essential for: 1) Auxin synthesis (IAA) for growth. 2) Enzyme activation. 3) Grain formation and protein synthesis. Deficiency symptoms: interveinal chlorosis (white bands) on young leaves stunted growth reduced grain filling. Apply ZnSO4 10-15 kg/acre at sowing (mix with basal fertilizer). Foliar spray 0.3% ZnSO4 at tillering for quick correction. Zinc deficiency is widespread in Pakistani soils.,
wheat,Fertilizer,What is the role of boron (B) fertilizer in wheat cultivation in Pakistan?,Boron is important for: 1) Pollen tube growth and grain set. 2) Cell wall formation. Deficiency causes: poor grain set hollow grains sterility (no grain in spike). Apply borax (11% B) 1-2 kg/acre at sowing (mix with fertilizer). Do not exceed 3 kg - boron toxicity. Foliar spray 0.1% boric acid at booting stage. Important in sandy and alkaline soils.,
wheat,Soil,What micronutrient deficiencies are commonly observed in wheat in Pakistani soils?,Common deficiencies: 1) Zinc (Zn) - most common in calcareous soils of Punjab (white bands on leaves). 2) Boron (B) - in sandy and alkaline soils (poor grain set). 3) Iron (Fe) - in high pH soils (interveinal chlorosis in young leaves). 4) Manganese (Mn) - in organic matter deficient soils. 5) Copper (Cu) - in sandy soils (twisted flag leaves).,
wheat,Fertilizer,How can organic fertilizers (FYM compost Green Manure) be used for wheat cultivation?,1) FYM/compost: Apply 8-10 tons/acre 15-20 days before sowing. Mix thoroughly into soil. 2) Green manuring: Sow guar (cluster bean) or dhaincha in July-August incorporate at 50% flowering (45-50 days) - adds 40-50 kg N/acre. 3) Vermicompost: 2-3 tons/acre at sowing. Organic sources reduce chemical fertilizer need by 25-30% and improve soil health.,
wheat,Fertilizer,What is the recommended dose of farmyard manure (FYM) for wheat in Pakistan?,8-10 tons (160-200 maunds) per acre. Apply well-rotted FYM (6-8 months old) 15-20 days before sowing. Spread uniformly and incorporate by cultivation. Fresh FYM should not be used (may contain weed seeds pathogens). FYM provides micronutrients improves soil structure and water holding capacity - valuable for rainfed wheat.,
wheat,Fertilizer,How does fertilizer application differ for irrigated vs. rainfed (Barani) wheat cultivation?,Irrigated: Split N (3 splits). Higher N (60 kg/acre). P and K as per soil test. Irrigated after fertilizer application. Rainfed (Barani): All N and P applied at sowing (no top dressing - may not activate due to dry spell). Lower N (30-40 kg/acre) to avoid vegetative growth that exceeds available moisture. Band placement (not broadcast) for efficiency. Use slow-release or organic sources.,
wheat,Fertilizer,What are the signs of nitrogen deficiency in wheat?,Signs: 1) Uniform pale green to yellow leaves (starting from older leaves). 2) Stunted growth reduced tillering. 3) Short thin stems. 4) Small shriveled grain heads. 5) Premature leaf senescence. Remedy: apply urea 15-20 kg/acre as top dressing with irrigation.,
wheat,Fertilizer,What are the signs of phosphorus deficiency in wheat?,Signs: 1) Dark green or purplish tint on leaves (especially underside and leaf margins). 2) Delayed maturity. 3) Poor root development reduced tillering. 4) Thin stems and lodging. 5) Reduced grain size. Remedy: apply DAP or SSP at sowing in future crops. Cannot correct after sowing.,
wheat,Fertilizer,What are the signs of potassium deficiency in wheat?,Signs: 1) Yellowing and browning of leaf margins (scorching) starting from older leaves. 2) Weak stems prone to lodging. 3) Small shriveled grain. 4) Increased disease susceptibility (rust). 5) Leaf tip burn. Remedy: apply MOP or SOP at sowing. For severe: potassium sulphate foliar spray 0.5%.,
wheat,Fertilizer,What are the signs of zinc deficiency in wheat?,Signs: 1) Interveinal chlorosis (yellow bands between green veins) on young leaves - white bud in severe cases. 2) Stunted growth with short internodes. 3) Small distorted leaves. 4) Poor tillering. 5) Reduced grain set. Remedy: ZnSO4 10-15 kg/acre soil application or foliar spray 0.3% ZnSO4 at tillering.,
wheat,Fertilizer,What happens if too much fertilizer (over-dose) is applied to wheat?,1) Excess N: Excessive vegetative growth lodging delayed maturity increased aphid and rust attack reduced grain protein (paradoxically) burnt leaf tips. 2) Excess P: Induces Zn deficiency. 3) Excess K: Can cause Mg deficiency. 4) Excess fertilizer (any): Salt injury to roots groundwater pollution wasted money. Always follow recommended doses.,
wheat,Fertilizer,What are the recommended fertilizer products available in Pakistan for wheat?,1) Urea: Sona Urea Engro Urea Fauji Urea. 2) DAP: Engro DAP Fauji DAP ICI DAP. 3) SOP: Fauji SOP Engro SOP. 4) MOP: Engro MOP FFC MOP. 5) SSP: Pakarab SSP. 6) ZnSO4: Fauji Zinc Engro Zinc. 7) Borax: Madak Borax. 8) NPK blends: Sarsabz 18-46-0 15-15-15.,
wheat,Fertilizer,How should urea be applied to wheat to avoid losses from volatilization?,1) Apply urea just before irrigation (within 1-2 days) or light rain. 2) Incorporate into soil by light cultivation (2-3 cm depth) if no irrigation. 3) Do not broadcast urea on dry soil without incorporation - ammonia loss up to 30%. 4) Use neem-coated urea (slower release lower loss). 5) Split application (three splits) reduces loss per application.,
wheat,Irrigation,How many irrigations does wheat require in total during its growing season in Pakistan?,Wheat requires 4-6 irrigations in irrigated areas. Rainfed (Barani): 0-2 supplemental irrigations if available. Irrigation schedule: 1st: Crown root initiation (20-25 days) - CRITICAL. 2nd: Tillering (45-50 days). 3rd: Flowering (75-80 days) - CRITICAL. 4th: Grain filling (100-105 days). 5th: Dough stage (120-125 days - optional).,
wheat,Irrigation,When should the first irrigation (Pehl-pani) be given to wheat after sowing?,First irrigation at 20-25 days after sowing (crown root initiation stage). This is the most critical irrigation. Delay increases tiller mortality. Early (before 20 days) causes waterlogging and poor root development. Light irrigation of 2.5-3 acre-inches. For sandy soil: 15-18 days.,
wheat,Irrigation,What are the critical growth stages of wheat that require mandatory irrigation?,Most critical: Crown root initiation (1st irrigation) - determines number of tillers and yield potential. Flowering stage (3rd irrigation) - water stress causes poor pollination and grain set. Grain filling (4th irrigation) - stress reduces grain weight. Water stress at any of these stages reduces yield 30-50%.,
wheat,Irrigation,How many days apart should irrigations be given to wheat in summer (Kharif) in Pakistan?,Wheat is not grown in Kharif (summer) season. It is strictly a Rabi (winter) crop.,
wheat,Irrigation,How many days apart should irrigations be given to wheat in winter (Rabi) in Pakistan?,Winter irrigation interval: 15-25 days depending on soil type and temperature. Sandy soils: 10-15 days. Loamy soils: 15-20 days. Clay soils: 20-25 days. Cool temperatures (10-20°C) reduce evapotranspiration. Do not irrigate if soil is already wet or if frost is forecast.,
wheat,Irrigation,What is the total water requirement (acre-inches) of wheat per crop season?,Total water requirement: 350-450 acre-inches (8-12 million liters per acre). This is equivalent to 4-6 irrigations of 3-4 acre-inches each plus effective rainfall (100-150mm). Wheat consumes 300-400mm of water.,
wheat,Irrigation,What irrigation method is suitable for wheat in Pakistan — flood furrow drip or sprinkler?,1) Furrow irrigation: Best method - saves water reduces lodging prevents waterlogging. 2) Border strip/flood: Acceptable on level fields but can cause waterlogging. 3) Sprinkler: Excellent for sandy soils and rainfed areas - saves 25-30% water. 4) Drip: Not economical for wheat (low value crop) but works. Avoid basin flooding on heavy soils.,
wheat,Irrigation,How does drip irrigation improve the water use efficiency of wheat in Pakistan?,Drip irrigation can save 40-50% water compared to flood but is not cost-effective for wheat (Rs. 120000-150000/acre setup cost). For high-value seed production or water-scarce areas drip allows precise water delivery reduces weed growth and prevents foliar diseases. Government 60% subsidy available. Not common for wheat.,
wheat,Irrigation,How should irrigation be managed during the flowering stage of wheat?,Flowering stage (75-85 days) is critical. Management: 1) Ensure adequate soil moisture - avoid water stress. 2) Light irrigation (2-3 acre-inches) rather than heavy. 3) Avoid overhead sprinkler during peak flowering (can wash off pollen). 4) Irrigate in morning hours. 5) Do not irrigate if strong winds or frost expected. 6) Water stress at flowering reduces yield 30-50%.,
wheat,Irrigation,How should irrigation be managed during the grain-filling stage of wheat?,Grain filling stage (90-110 days): 1) Maintain moderate soil moisture. 2) Stress at this stage reduces grain weight and causes shriveled kernels. 3) One irrigation at 95-100 days if no rainfall. 4) Avoid over-irrigation which delays maturity and increases lodging risk. 5) Stop irrigation 10-15 days before harvest to allow uniform ripening.,
wheat,Irrigation,What are the signs of water stress (drought) in wheat and what is the immediate remedy?,Signs: 1) Wilting during day (leaves roll and droop). 2) Leaves turn dull bluish-green. 3) Stunted growth. 4) Premature flag leaf drying. 5) Small shriveled grain heads. 6) Reduced tiller survival. Immediate remedy: Apply light irrigation (2-3 acre-inches) immediately. If no irrigation available: spray water early morning (emergency).,
wheat,Irrigation,What are the signs of waterlogging in wheat and how to drain excess water?,Signs: 1) Yellowing of lower leaves. 2) Wilting despite wet soil. 3) Root rot (black/brown roots). 4) Plant death in patches. 5) Fungal growth on soil surface. Drainage: 1) Immediately stop irrigation. 2) Open drains/furrows to remove standing water. 3) On flat fields: make temporary channels. 4) For future: plant on beds or improve land leveling.,
wheat,Fertilizer,How should irrigation be managed after fertilizer application to wheat?,After basal fertilizer (at sowing): Irrigate within 5-7 days if no rain. After top dressing urea (20-25 and 45-50 days): Irrigate within 2-3 days to incorporate N and prevent ammonia loss. Apply irrigation when leaves are dry (morning). Light irrigation (2-3 inches) is sufficient - heavy irrigation leaches nutrients.,
wheat,Irrigation,Should wheat irrigation be stopped before harvest? How many days before?,Yes stop irrigation 10-15 days before harvest. This allows: 1) Uniform ripening of grain. 2) Reduction in grain moisture content. 3) Prevention of lodging. 4) Easier harvesting (soil dries). Late irrigation delays maturity and can cause grain sprouting if rain occurs.,
wheat,Irrigation,How does canal water vs. tube well (brackish/salty) water affect wheat cultivation in Pakistan?,Canal water: Best for wheat - low EC (<1 dS/m). Fresh tube well water (EC <1.5): Acceptable. Brackish/saline tube well water (EC >2.5): Damages wheat - causes leaf burn reduced germination and yield loss up to 40%. Wheat has moderate salt tolerance. If only saline water available: 1) Mix with canal water (1:1). 2) Apply gypsum. 3) Use salt-tolerant varieties (Kiran-95 LU-26). 4) Avoid irrigation at germination and flowering.,
wheat,Yield,What is the average yield of wheat per acre in Pakistan?,National average: 30-35 maunds/acre (1200-1400 kg). Punjab: 32-38 maunds. Sindh: 28-32 maunds. KPK: 25-30 maunds. Balochistan: 20-25 maunds. Progressive farmers: 50-55 maunds. Research stations: 65+ maunds. Yield gap 40% due to practices.,
wheat,Yield,What is the maximum achievable yield (Potential Yield) of wheat per acre under best management in Pakistan?,Potential yield: 65-75 maunds per acre (2600-3000 kg) under optimal conditions (improved variety timely sowing balanced fertilizer irrigation pest/disease control). Research station yields: 70-80 maunds/acre. Progressive farmer yields: 55-65 maunds/acre. Yield gap between average (35 maunds) and potential (70 maunds) is 100%.,
wheat,Yield,What are the main reasons for low wheat yield in Pakistan?,1) Late sowing (after Nov 25) - 1-1.5% loss per day. 2) Low-yielding traditional varieties. 3) Poor soil fertility (low OM N P). 4) Imbalanced fertilizer (only urea no P K Zn). 5) Rust diseases (10-30% loss). 6) Weed competition (20-40% loss). 7) Water stress (rainfed areas). 8) Poor seed quality (farm-saved). 9) Lack of irrigation at critical stages.,
wheat,Yield,How can a farmer increase the yield of wheat from 20 maunds to 40+ maunds per acre?,To increase from 20 to 40+ maunds: 1) Use certified high-yielding variety (Galaxy-2013 Millat-2020). 2) Timely sowing (Nov 1-15). 3) Balanced NPK + Zn fertilizer (48-24-16 + Zn). 4) Weed control (pre+post herbicide). 5) 4-5 irrigations at critical stages. 6) Rust control (if needed). 7) Use zero-till/Happy Seeder for rice-wheat system. These steps can increase from 20 to 50 maunds.,
wheat,Yield,How does timely sowing affect the final yield of wheat in Pakistan?,Each week delay after Nov 15 reduces yield by 5-10%. Nov 1-15 sowing: 50-60 maunds/acre. Nov 15-30: 40-50 maunds. Dec 1-15: 25-35 maunds. Dec 15+: 15-20 maunds. Timely sowing allows optimum tillering and grain filling before heat stress.,
wheat,Fertilizer,How does proper fertilizer management (Balanced use) increase the yield of wheat?,Balanced NPK (48-24-16 kg/acre) + Zn increases yield by 50-80% over no fertilizer or only urea. Specific gains: N (48 kg) = +40% yield (tillering grain protein). P (24 kg) = +25% yield (root development grain set). K (16 kg) = +15% yield (stress tolerance). Zn = +10-15% yield. Combined effect: can increase from 25 to 50 maunds/acre.,
wheat,Irrigation,How does proper irrigation management increase the yield of wheat?,One irrigation at crown root initiation (20-25 days) increases yield 30-40% over rainfed. Two irrigations (CRI + flowering) increase 60-80%. Three irrigations (CRI + tillering + flowering) increase 80-100%. Four irrigations (add grain filling) increase 100-120%. In rainfed areas (0 irrigation): 10-15 maunds. With 4 irrigations: 50-60 maunds.,
wheat,Pesticide,What role does pest and disease control play in increasing wheat yield?,Rust (uncontrolled): 20-40% yield loss. Aphids (uncontrolled): 10-20% loss. Weeds (uncontrolled): 30-50% loss. Combined: can cause 70%+ loss (yield 15-20 maunds). Effective control: 2 fungicide sprays (rust) + aphicide at ETL + herbicide = 50-70% yield protection.,
wheat,Yield,What are the best agronomic practices recommended by PARC/NARC for high-yield wheat production?,PARC/NARC recommendations: 1) Variety: Galaxy-2013 or Millat-2020. 2) Sowing: Nov 1-15 at 22.5 cm spacing 50-60 kg seed/acre. 3) Seed treatment: Carbendazim + Imidacloprid. 4) Fertilizer: 48-24-16 NPK + ZnSO4 10 kg/acre. 5) Irrigation: 4-5 irrigations (CRI tillering flowering grain filling). 6) Weed control: Pendimethalin pre + Puma Super post. 7) Rust control: Tebuconazole spray if needed. 8) Harvest: At 20-25% moisture.,
wheat,Yield,How can improved seed quality (Certified Seed) increase the production of wheat in Pakistan?,Certified seed provides: 1) Higher genetic purity (>98%). 2) Higher germination (85%+ vs 60-70% farm-saved). 3) Disease-free (no seed-borne smut bunt). 4) True-to-type (uniform maturity plant height). 5) Yield increase: 15-25% over farm-saved seed. Cost: Rs. 2000-2500/40kg vs farm-saved Rs. 1500-2000. Available at Punjab Seed Corporation.,
wheat,Soil,What role does soil health improvement play in boosting wheat yield in Pakistan?,Improved soil health (1.5-2% organic matter) boosts yield 30-50% through: 1) Better water holding capacity (critical in rainfed). 2) Higher nutrient availability (especially N P). 3) Improved soil structure (root penetration). 4) Beneficial microbes. 5) Reduced crusting (better emergence). Practices: FYM 8-10 tons/acre green manuring crop rotation minimum tillage.,
wheat,Yield,How does the use of growth regulators (Plant Hormones) affect wheat yield?,Not commonly used in wheat in Pakistan. Research shows: Gibberellic acid (GA3) 20-40 ppm at tillering - increases plant height (not needed). Chlormequat chloride (CCC) - reduces lodging in tall varieties. Not recommended for general use. Focus on basic agronomy.,
wheat,Weather,What intercropping or relay cropping strategies can increase income from wheat farming?,1) Wheat + Mustard (6:2 rows) - additional income from mustard (5-8 maunds/acre). 2) Wheat + Gram (6:2 rows) - legume fixes N. 3) Relay cropping: Sow wheat into standing rice 10-15 days before rice harvest (rice-wheat system). 4) Wheat as catch crop after potato. Intercropping land equivalent ratio (LER) >1.3 - more productive than sole cropping.,
wheat,Yield,What are the top 5 things a farmer can do to double the yield of wheat in Pakistan?,1) Switch from traditional variety to Galaxy-2013 or Millat-2020 (+30% yield). 2) Apply balanced NPK + Zn (48-24-16-10) instead of only urea (+50% yield). 3) Provide 4-5 irrigations (CRI tillering flowering grain filling) instead of rainfed (+100% yield). 4) Control weeds with herbicide (+40% yield). 5) Sow on time (Nov 1-15) (+30% yield). Combined effect: 15-20 maunds to 50-60 maunds (2-3x increase).,
wheat,Yield,How can precision agriculture or modern technology improve wheat production in Pakistan?,1) Laser land leveling: uniform irrigation saves water 20-30%. 2) Soil testing: precise fertilizer recommendation saves cost. 3) Drone monitoring: detect rust hotspots early (available as service). 4) Variable rate technology: apply inputs based on soil variability (not common yet). 5) Mobile apps: pest scouting weather alerts market prices (e.g. AgriApp). 6) Happy Seeder: zero-till with residue management. Adoption gradually increasing.,
wheat,Fertilizer,How does climate change affect wheat yield in Pakistan and how can farmers adapt?,Climate change impacts: 1) Temperature rise - wheat yield declines 6-8% per 1°C increase. 2) Heat stress at grain filling - shriveled grain. 3) Erratic rains - drought/flood. 4) Increased rust pressure. Adaptations: 1) Heat-tolerant varieties (Sehar-2006). 2) Shift sowing dates (earlier in warm areas). 3) Supplemental irrigation. 4) Mulching for moisture conservation. 5) Climate-smart practices (zero-till intercropping). 6) Early warning systems.,
wheat,Diseases,What are the major fungal diseases (Uli) of wheat in Pakistan?,Major fungal diseases: 1) Yellow rust (Puccinia striiformis) - most destructive. 2) Leaf rust (Puccinia triticina). 3) Stem rust (Puccinia graminis). 4) Powdery mildew (Blumeria graminis). 5) Karnal bunt (Tilletia indica) - quarantine disease. 6) Loose smut (Ustilago tritici). 7) Flag smut. 8) Fusarium head blight (Scab).,
wheat,Diseases,What are the major bacterial diseases of wheat in Pakistan?,Bacterial diseases are rare in wheat. Occasional: Bacterial leaf blight (Xanthomonas translucens). Not economically significant in Pakistan.,
wheat,Diseases,What are the major viral diseases of wheat in Pakistan?,Viral diseases are rare. Occasional: Wheat dwarf virus (leafhopper transmitted). Barley yellow dwarf virus (BYDV) - transmitted by aphids. Not economically significant.,
wheat,Diseases,How can I identify rust disease (Kungi) in wheat fields?,Yellow rust: Yellow-orange pustules (uredinia) arranged in stripes on leaves. Leaf rust: Orange-brown pustules scattered randomly on leaves. Stem rust: Dark brown pustules on stems and leaf sheaths. All rusts cause premature leaf death shriveled grain. Yellow rust is most common in Pothwar region.,
wheat,Diseases,How can I identify powdery mildew in wheat and what causes it?,Powdery mildew (Blumeria graminis). Causes: High humidity (60-80%) moderate temperatures (15-22°C) dense canopy. Symptoms: White powdery coating on upper leaf surfaces (looks like flour dusted). Spreads to sheaths and stems. Leaves turn yellow then brown. Premature defoliation. Appears in January-February.,
wheat,Diseases,How can I identify downy mildew in wheat and what causes it?,Downy mildew is not a major disease of wheat. Some references mention but rare.,
wheat,Diseases,How can I identify blight (early/late) in wheat and what causes it?,Fusarium head blight (scab): Symptoms - Bleached spikelets on wheat head. Pink/orange fungal growth on infected spikelets. Shriveled lightweight grain (tombstones). Favored by warm humid weather at flowering.,
wheat,Diseases,How can I identify damping off disease in wheat seedlings?,Damping off (Rhizoctonia/Pythium) - rare in wheat. Symptoms: Pre-emergence: seeds rot. Post-emergence: seedlings collapse at soil line. More common in wet cold conditions.,
wheat,Diseases,What is wilt (Sokra) disease in wheat and how to identify it?,Wilt is not a major disease of wheat. Some root rots cause wilting but rare.,
wheat,Diseases,What is smut or bunt (Siyah-rooli) disease in wheat and how to identify it?,Karnal bunt (Tilletia indica): Partial bunt - only some grains in head turn black. Fishy odor. Loose smut: Entire head becomes black powder mass (spores). Flag smut: Black stripes on leaves. All smuts reduce grain quality significantly.,
wheat,Diseases,What virus diseases affect wheat in Pakistan and what are their symptoms?,Barley Yellow Dwarf Virus (BYDV): Leaves turn yellow from tip downward (starting from older leaves). Stunted plants. Transmitted by aphids. Wheat dwarf virus: Stunting yellowing. Rare in Pakistan.,
wheat,Diseases,How do diseases spread from one wheat plant or field to another?,1) Rusts: Wind-borne spores (urediniospores) travel long distances. 2) Powdery mildew: Wind-dispersed conidia. 3) Smuts: Seed-borne + wind. 4) Karnal bunt: Seed-borne + soil-borne + wind. 5) Fusarium head blight: Rain splash + wind from crop debris. Prevention: clean seed crop rotation resistant varieties field sanitation.,
wheat,Diseases,What weather conditions (humidity/rain) favor disease development in wheat?,Rusts: Cool (10-20°C) high humidity (>80% RH) with dew/fog. Powdery mildew: Moderate temps (15-22°C) high humidity. Karnal bunt: Cool (15-20°C) high humidity at flowering. Fusarium head blight: Warm (20-25°C) wet conditions at flowering. Jan-Feb foggy conditions in Punjab favor rust and powdery mildew.,
wheat,Diseases,Which regions of Pakistan are most affected by wheat diseases and why?,Yellow rust: Most severe in Pothwar region (Rawalpindi Attock Chakwal) and northern Punjab due to cool humid foggy winters. Leaf rust: Widespread in all wheat areas. Karnal bunt: More in central Punjab (Faisalabad Sahiwal). Loose smut: All areas - seed-borne. Powdery mildew: Irrigated areas with dense canopy.,
wheat,Fertilizer,What is the difference between nutrient deficiency symptoms and disease symptoms in wheat?,Nutrient deficiency: Symmetrical pattern often interveinal chlorosis uniform across field usually on older leaves first (N P K) or young leaves (Zn Fe). No pathogen signs (no spores pustules). Corrected by fertilizer. Disease: Irregular patches pustules (rust) white powder (mildew) black heads (smut) often with pathogen structures. Spreads over time. Fungicides may help.,
wheat,Diseases,What fungicides are recommended for controlling rust in wheat in Pakistan?,1) Tebuconazole (Folicur) 250ml/acre. 2) Propiconazole (Tilt) 250ml/acre. 3) Triadimefon (Bayleton) 200g/acre. 4) Pyraclostrobin + Epoxiconazole (Opera) 200ml/acre. 5) Azoxystrobin (Amistar) 200ml/acre. Apply at first rust appearance. Repeat after 10-14 days if needed. Use resistant varieties (Aas-2011 Millat-2020).,
wheat,Diseases,What fungicides are recommended for controlling powdery mildew in wheat?,1) Sulfur (80% WP) 500g/acre - effective cheap. 2) Tebuconazole 250ml/acre. 3) Propiconazole 250ml/acre. 4) Myclobutanil 200g/acre. 5) Hexaconazole 250ml/acre. Apply at first sign of white powder. Sulfur is organic-friendly. Avoid sulfur when temperature >30°C (phytotoxicity).,
wheat,Diseases,What fungicides are recommended for controlling blight (Fusarium head blight) in wheat?,1) Tebuconazole 250ml/acre. 2) Prothioconazole + Tebuconazole (Prosaro) 250ml/acre. 3) Metconazole 200ml/acre. Apply at early flowering (50% anthesis). Timely application critical.,
wheat,Diseases,What fungicides are recommended for controlling wilt in wheat in Pakistan?,Wilt is not a major disease. No specific recommendation.,
wheat,Diseases,What bactericides are used for bacterial diseases of wheat in Pakistan?,Bacterial diseases are rare. If bacterial leaf blight occurs: Copper oxychloride 400g/acre. Not routinely needed.,
wheat,Diseases,What is the spray schedule for disease management in wheat in Pakistan?,Rust-prone areas (Pothwar): 1st spray at tillering (Dec-Jan) if rust seen. 2nd spray 10-14 days later. Powdery mildew: Spray when white powder seen (Jan-Feb). General schedule: Monitor weekly from December. Spray only when disease reaches threshold (e.g. rust pustules on 5-10% leaves). Use protectant fungicides (Mancozeb) before disease arrives.,
wheat,Diseases,What is the correct dose and method of fungicide application on wheat?,1) Calculate field area and required product dose. 2) Use 100-120 liters water per acre. 3) Add fungicide to water while agitating. 4) Use flat fan or hollow cone nozzles. 5) Spray to cover all leaves. 6) For rust/mildew: ensure good coverage. 7) Spray in morning (6-9 AM). 8) Avoid spraying during flowering if possible (protect bees).,
wheat,Diseases,What systemic vs. contact fungicides are recommended for wheat?,Systemic (absorbed by plant): Tebuconazole Propiconazole Azoxystrobin - curative (can be used after infection) longer protection (10-14 days). Contact (surface only): Mancozeb Chlorothalonil Sulfur - preventive (must be applied before infection) shorter protection (5-7 days). Strategy: Use protectants early then systemics when disease appears. Alternate both to prevent resistance.,
wheat,Pesticide,How often should fungicide be sprayed during the wheat growing season?,Depends on disease pressure: Low pressure: 0-1 spray (only if disease appears). Moderate pressure: 2 sprays at 10-14 day interval. High pressure (Pothwar rust): 2-3 sprays (Dec-Jan-Feb). Do not exceed 3 sprays to avoid resistance and cost. Stop spraying after grain filling stage (100 days).,
wheat,Diseases,What are the bio-fungicides or organic disease control methods for wheat?,1) Sulfur (organic approved) for powdery mildew. 2) Neem oil (0.5%) for mildew and rust suppression. 3) Trichoderma harzianum (2kg/acre) soil application for root diseases. 4) Pseudomonas fluorescens (seed treatment). 5) Crop rotation (3-4 years). 6) Resistant varieties (Millat-2020 Aas-2011).,
wheat,HarvestTime,When is wheat ready for harvest in Pakistan?,Wheat is ready for harvest in March to May (110-130 days after sowing). Northern Punjab: April 15-May 15. Central Punjab: April 1-30. Southern Punjab: March 25-April 20. Sindh: March 1-30. KPK: May 1-June 15. Balochistan: May-June.,
wheat,HarvestTime,What are the visual signs that wheat has reached maturity and is ready to harvest?,Signs: 1) Grains hard (bite test - cannot be dented by fingernail). 2) Straw golden yellow to brown. 3) Moisture content 20-25%. 4) Flag leaf and stem dried. 5) Heads bent down. Harvest at physiological maturity. Late harvest: lodging shattering rain damage.,
wheat,HarvestTime,What is the recommended moisture content of wheat at time of harvest?,Harvest at 20-25% grain moisture content. At this stage: 1) Grains are mature but not too dry. 2) Minimal shattering during harvest. 3) Can be combined without excessive cracking. After harvest dry to 12-14% moisture for storage. Use moisture meter.,
wheat,HarvestTime,How is wheat harvested in Pakistan — manually (Daranti) or mechanically?,Manual harvesting (traditional): Using daranti (sickle) to cut wheat. Manual harvesting followed by threshing (bullock or machine thresher). Mechanical: Combine harvester (increasing adoption) - cuts threshes and cleans in one operation. Combine saves labor (cost Rs. 3000-5000/acre) but causes more grain cracking if not adjusted. Manual is common on small farms.,
wheat,HarvestTime,What machinery (Combine Harvester/Thresher) is used for harvesting wheat in Pakistan?,1) Combine harvester (e.g. New Holland John Deere Claas) - for large fields (>5 acres). Settings: cylinder speed 500-700 RPM concave clearance 10-15 mm. 2) Reaper (tractor-mounted) - cuts and windrows then pick up with thresher. 3) Stationary thresher - for manually harvested bundles. 4) Manual beating - on tarpaulin (traditional).,
wheat,HarvestTime,How should wheat be harvested to minimize shattering or field losses?,1) Harvest at 20-25% moisture (not fully dry). 2) Harvest early morning when dew present (grain less brittle). 3) Use sharp sickles (clean cut reduces shatter). 4) For combine: reduce cylinder speed (500-600 RPM) and open concave clearance. 5) Keep header low (5-10 cm above ground). 6) Harvest promptly - don't leave over-ripe. Losses can be 10-20% if mismanaged.,
wheat,HarvestTime,What is the correct harvesting time for wheat in Punjab?,Punjab: March 25 to May 15. Southern Punjab (Multan Bahawalpur): March 25-April 20. Central Punjab (Faisalabad Sahiwal): April 5-30. Northern Punjab (Rawalpindi): April 15-May 15.,
wheat,HarvestTime,What is the correct harvesting time for wheat in Sindh?,Sindh: March 1 to March 30. Lower Sindh (Hyderabad): March 1-20. Upper Sindh (Sukkur): March 10-30.,
wheat,HarvestTime,What is the correct harvesting time for wheat in KPK?,KPK: April 20 to June 15. Peshawar valley: April 20-May 15. Dera Ismail Khan: April 15-May 10. Higher elevations (Swat): May 15-June 15.,
wheat,HarvestTime,What is the correct harvesting time for wheat in Balochistan?,Balochistan: April to June. Quetta region: May 15-June 15. Sibi/Naseerabad: April 1-30.,
wheat,HarvestTime,What post-harvest activities are done immediately after wheat harvest?,1) Threshing: separate grain from straw. 2) Winnowing: remove chaff using wind or fan. 3) Cleaning: remove dust stones and immature grain. 4) Drying: sun dry to 12-14% moisture (spread on tarpaulin). 5) Bagging: store in clean jute bags. 6) Straw baling for livestock feed.,
wheat,HarvestTime,How long after sowing is wheat typically harvested in Pakistan?,110-130 days after sowing depending on variety and climate. Early varieties: 110-120 days. Medium: 120-130 days. Late: 130-140 days. In warm plains (Sindh): shorter (100-120 days). In cooler areas (Pothwar): longer (140-150 days).,
wheat,HarvestTime,What are the common mistakes farmers make during wheat harvesting in Pakistan?,1) Harvesting too early (grain soft) - shriveled grain low test weight. 2) Harvesting too late (over-ripe) - shattering loss up to 30%. 3) Cutting too high - leaving lower heads in field. 4) Rough handling - causes grain cracking. 5) Not drying properly - mold in storage. 6) Threshing on bare ground - mixing with soil/stones. 7) Using combine at wrong settings - cracked grain. 8) Mixing varieties - inconsistent quality.,
wheat,HarvestTime,How should wheat be stored after harvest in Pakistan?,1) Dry grain to 12-14% moisture (sun dry 3-5 days). 2) Clean thoroughly (remove weed seeds broken grain). 3) Store in clean dry jute bags or hermetic (PICS) bags. 4) Stack bags on wooden pallets (not direct floor). 5) Maintain cool dry well-ventilated store (20-25°C <60% RH). 6) Treat with neem leaves or malathion dust for insects. 7) For long-term: fumigate with aluminum phosphide (2-3 tablets/ton) - use trained person. 8) Monitor monthly for moisture/pests.,
wheat,HarvestTime,What is the ideal moisture content of wheat for safe long-term storage?,12-14% moisture content for safe storage up to 12 months. Above 14%: risk of mold and heating. Above 16%: rapid deterioration. Below 12%: excessive grain cracking and breakage. Use moisture meter for accuracy. Traditional test: bite grain - should be hard and crisp.,
wheat,HarvestTime,What are the major post-harvest losses for wheat in Pakistan and how to reduce them?,Major losses: 1) Shattering during harvest (10-20%). Reduce: timely harvest gentle handling. 2) Incomplete threshing (5-10%). Reduce: proper thresher settings. 3) Bird damage (5-10% if left in field). Reduce: harvest promptly. 4) Storage insects (10-20% over 6 months). Reduce: dry grain proper storage fumigation. 5) Mold (5-15%). Reduce: dry to <14% moisture. Total losses can exceed 40% without proper management.,
wheat,HarvestTime,What storage structures or containers are recommended for wheat in rural Pakistan?,1) Metal bins (drum) - airtight rodent-proof best option. 2) Hermetic bags (PICS or GrainPro) - prevents insect entry no fumigation needed. 3) Jute bags (gunny) - with inner polythene liner. 4) Clay bins (Godaym) - traditional seal with mud. 5) Plastic silos (govt scheme). 6) Improved mud silo (PARC design). Avoid: direct floor storage old chemical bags damp rooms.,
wheat,Pesticide,What pest control measures should be taken during wheat storage?,1) Clean storage area before filling. 2) Dry grain to 12-14% moisture. 3) Mix neem leaves (1kg/100kg grain) or dried neem powder. 4) Use food-grade diatomaceous earth (1kg/ton) - physical insecticide. 5) Fumigation: Aluminum phosphide tablets (2-3 per ton) - only by trained person. 6) Pheromone traps for monitoring. 7) Inspect monthly for webbing live insects musty smell. 8) Never mix old with new grain.,
wheat,Pesticide,What fumigants or storage pesticides are recommended for wheat in Pakistan?,1) Aluminum phosphide (Phostoxin) - 2-3 tablets per ton. CAUTION: Highly toxic - use trained fumigator only. Seal storage for 5-7 days. Aerate 48 hours before use. 2) Malathion dust (2% active) - 250g per ton (mix with grain). 3) Deltamethrin dust - as label. For small quantities: neem leaves camphor (mothballs). Never consume treated grain.,
wheat,HarvestTime,How long can wheat be stored without significant quality loss?,At 12-14% moisture in cool dry conditions: 12-18 months without significant quality loss. In hermetic bags: up to 24 months. In traditional jute bags: 6-12 months (depending on climate). In hot humid conditions: 3-6 months only. For seed purpose: use within 12 months for >80% germination.,
wheat,Diseases,How should wheat be dried before storage to prevent mold and fungal growth?,1) Sun drying: Spread on clean tarpaulin or cemented floor in thin layer (5-10 cm). 2) Turn every 2-3 hours for uniform drying. 3) Dry for 3-5 days (depending on sun). 4) Test moisture: bite test (crisp) or moisture meter (target 12-14%). 5) Do not dry on bare soil (contamination). 6) For large scale: mechanical dryers (hot air 40-45°C). 7) Cool grain before bagging.,
wheat,Pesticide,What are the signs of spoilage or pest damage in stored wheat?,Signs of spoilage: 1) Musty or sour smell (mold). 2) Clumping or caking (excess moisture). 3) Discolored grain (dark brown black). 4) Sprouted grain. 5) Heating (warm to touch). Pest damage: 1) Holes in grain. 2) Fine dust/powder at bag bottom. 3) Webbing inside bag. 4) Live insects (weevils moths). 5) Empty grain hulls. Discard severely damaged grain.,
wheat,HarvestTime,What food safety practices should be followed during wheat storage and handling?,1) Never use pesticide-treated grain for consumption. 2) Do not store in containers that held chemicals/fertilizers. 3) Keep storage area clean and rodent-free. 4) Do not consume moldy grain (may contain mycotoxins). 5) Wash hands after handling stored grain. 6) Use separate storage for seed vs. food grain. 7) Follow PHI if field pesticides used. 8) For flour milling use clean undamaged grain.,
wheat,Weather,How does frost (Quora) affect wheat and how can farmers protect it in Pakistan?,Wheat is moderately frost tolerant at vegetative stage (down to -5°C). Frost at flowering (Jan-Feb in north) causes: 1) Flower sterility (white heads). 2) Damaged grain (shriveling). 3) Stem cracking. Protection: 1) Sow at optimum time to avoid flowering during peak frost. 2) Irrigate before frost night (water releases heat). 3) Smoke: Burn moist crop residue upwind before dawn. 4) Use frost-tolerant varieties.,
wheat,Yield,How does extreme heat (above 35°C) affect wheat production in Pakistan?,Wheat is cool-season crop. Heat above 35°C: 1) Accelerates maturity (forced ripening). 2) Shriveled grain (low test weight). 3) Reduced yield 1-1.5% per day above 35°C. 4) Reduced grain protein. 5) Increases terminal drought stress. Avoid late sowing (Dec) that pushes grain filling into March-April heat. In Sindh/South Punjab: sow by Nov 25 maximum.,
wheat,Weather,How should a farmer manage wheat during unexpected heavy rainfall or flooding?,1) Immediately stop any irrigation. 2) Ensure drainage: Open channels to remove standing water. 3) If waterlogging <24 hours: plants may recover. 4) If >48 hours: root rot likely - assess survival. 5) After water recedes: apply light N (urea 15-20 kg/acre) for recovery. 6) Monitor for fungal diseases (rust powdery mildew) - prophylactic fungicide spray. 7) For flooded young crop: may need replanting if early season.,
wheat,Weather,What is the effect of fog or cloud cover on wheat growth in winter in Pakistan?,Prolonged fog (Dec-Jan in Punjab): 1) Reduces photosynthesis (low light). 2) Increases humidity (promotes rust and powdery mildew). 3) Delays maturity. 4) Can cause etiolation (stretched weak stems). Management: 1) Wider row spacing (22.5-30 cm) for air circulation. 2) Preventive fungicide spray before fog period. 3) Avoid dense canopy (no excess N). 4) Use disease-resistant varieties (Millat-2020 Aas-2011).,
wheat,Weather,How does hailstorm (Oola-bari) damage wheat and what can be done after hail?,Hail damage: 1) Bruised stems (entry point for disease). 2) Shredded leaves. 3) Damaged grain heads (shattering). 4) Lodging (flattened crop). After hail: 1) Do not harvest immediately - wait 5-7 days for recovery assessment. 2) Apply fungicide (Mancozeb) to prevent infection through wounds. 3) Light N spray (1% urea) for recovery. 4) If >70% damage: consider alternative crop (if early season). 5) Report to agriculture department for possible compensation.,
wheat,Irrigation,How should irrigation be adjusted for wheat during drought conditions in Pakistan?,During drought: 1) Prioritize critical stages (CRI flowering grain filling) - irrigate these even if skip others. 2) Apply light irrigations (2-3 acre-inches) rather than heavy. 3) Use furrow irrigation (not flood) - more efficient. 4) Irrigate at night - less evaporation. 5) Mulch with crop residue (3-4 tons/acre) to conserve moisture. 6) If only 1 irrigation possible: apply at CRI (maximum yield response).,
wheat,Weather,What climate-smart practices are recommended for wheat farmers in Pakistan?,1) Conservation agriculture: Zero-till/minimum till + residue retention (mulch). 2) Laser land leveling: Saves water improves uniformity. 3) Drought-tolerant varieties (Chakwal-50). 4) Weather-based sowing decisions (use advisory services). 5) Micro-irrigation (drip/sprinkler) where feasible (60% subsidy). 6) Agroforestry: Trees on field boundaries reduce wind speed and evapotranspiration. 7) Crop diversification: Wheat in rotation with climate-resilient crops.,
wheat,Weather,What is the impact of late monsoon or early monsoon on wheat cultivation in Pakistan?,Wheat is Rabi crop (sown Oct-Nov) so monsoon (Jul-Sep) does not directly affect growing crop. However: Late monsoon (rains extending into Oct) delays land preparation and sowing - causes late sowing yield loss. Early monsoon (starting Apr) can damage mature crop (Mar-Apr harvest) causing grain sprouting in heads and lodging. Monitor forecasts and harvest promptly if early rains expected.,
wheat,Weather,What government schemes or subsidies are available for wheat farmers in Pakistan?,1) Kisan Card: Subsidized fertilizer (Rs. 1000-2000/acre) and seeds. 2) Green Tractor Scheme: 50-70% subsidy on tractors (limited quota). 3) Solar Tube well subsidy: 60% for installation. 4) Drip/Sprinkler irrigation: 60-80% subsidy (PMKSY). 5) Soil testing: Free or Rs. 100/sample at govt labs. 6) Crop insurance: Premium subsidy (30-50%) under Kisan Package. 7) Wheat procurement: Government buys wheat at support price (Rs. 1500-1800/40kg). 8) Subsidized fertilizer (urea DAP) through Kisan Card.,
wheat,Varieties,Which research institutes in Pakistan have developed improved wheat varieties?,1) Ayub Agricultural Research Institute (AARI) Faisalabad - developed Galaxy-2013 Faisalabad-2008 Punjab-2011. 2) National Agricultural Research Centre (NARC) Islamabad - developed Sehar-2006 NARC-2009 Zincol-2016 Akbar-2019. 3) Barani Agricultural Research Institute (BARI) Chakwal - developed Chakwal-50 Dharabi-2011 Fatehjang-16. 4) Nuclear Institute for Agriculture and Biology (NIAB) Faisalabad - developed NIAB varieties. 5) Pakistan Agricultural Research Council (PARC) - coordination.,
wheat,Weather,Where can farmers in Pakistan get certified wheat seed?,1) Punjab Seed Corporation (PSC) - regional offices in Faisalabad Multan Lahore Rawalpindi. 2) Provincial Agriculture Department extension centers. 3) Ayub Agricultural Research Institute Faisalabad (direct sale). 4) NARC Islamabad (for NARC varieties). 5) Barani Agricultural Research Chakwal (for rainfed varieties). 6) Progressive seed dealers (check certification tag). 7) Sindh Seed Corporation (for Sindh varieties). Price: Rs. 2000-2500/40kg. Demand certified seed early (Aug-Oct) as limited quantity.,
wheat,Weather,What extension services are available for wheat farmers in Pakistan?,"1) Agriculture Department field staff (Agriculture Officers Field Assistants) - free advice. 2) Kisan Helpline 0800-15000 (Punjab) for queries. 3) SMS advisory services (CropMax Punjab) - weather pest alerts. 4) Farmer field schools (FFS) - hands-on training. 5) Agriculture extension WhatsApp groups (district level). 6) Mobile apps: ""Agriculture Punjab"" ""Kisan Dost"". 7) Radio/TV programs (Zaraat Nama on PBC). 8) Demonstration plots at union council level.",
wheat,Weather,What loans or credit facilities are available for wheat cultivation in Pakistan?,1) ZTBL (Zarai Taraqiati Bank Limited) - Production loans up to Rs. 50000/acre at markup 10-12%. 2) Bank of Punjab - Kisan Dost scheme. 3) National Bank of Pakistan - Agri loans. 4) Telenor Microfinance Bank (Easypaisa) - small loans. 5) Kisan Card (Punjab) - cash credit for inputs. Requirements: land ownership/lease record CNIC. Loan covers seed fertilizer pesticides irrigation. Repay after harvest.,
wheat,Weather,What agricultural insurance is available for wheat crops in Pakistan?,1) PM Crop Insurance Scheme (under Kisan Package) - covers wheat. 2) Premium: 3-5% of sum insured (farmer pays 50% govt subsidy 50%). 3) Coverage: Yield loss >30% due to drought flood hail pests diseases. 4) Claim: Rs. 20000-50000/acre depending on coverage. 5) Providers: State Life Insurance Takaful Pakistan. Enrollment before sowing (Oct-Nov). Contact agriculture department for Kisan Card insurance component.,
wheat,Pesticide,Where can a farmer in Pakistan report disease outbreaks or pest attacks on wheat?,1) District Agriculture Office (Extension) - immediate reporting. 2) Plant Protection Department - for locusts/quarantine pests. 3) Kisan Helpline 0800-15000 (Punjab). 4) Agriculture Complaint Cell 0800-30000. 5) Local Agriculture Field Assistant (FA) - village level. 6) WhatsApp groups of agriculture department. 7) Crop Reporting Centre (for statistics). For rust outbreak: report early so advisory can be issued.,
wheat,Weather,What role does the Provincial Agriculture Department play in supporting wheat farmers?,1) Provide extension services (field visits training). 2) Distribute subsidized inputs (seed fertilizer). 3) Soil testing facilities (free/low cost). 4) Pest/disease forecasting and alerts. 5) Subsidy administration (Kisan Card drip irrigation). 6) Organize farmer field days and demonstrations. 7) Link farmers with credit and insurance. 8) Research linkage (recommend improved varieties). 9) Market information and price updates. 10) Procurement operations (wheat purchase). Contact Provincial Director Agriculture (extension wing).,
